iter,seed,events,violations,max_phi,final_phi,total_spent,total_dropped
0,42,2407,0,1000000,0,98275,901725
1,43,2025,0,1000000,0,124604,875396
2,44,2857,0,1000000,0,145946,854054
3,45,1771,0,1000000,0,105606,894394
4,46,2089,0,1000000,0,132739,867261
5,47,2679,0,1000000,0,132703,867297
6,48,2839,0,1000000,0,163816,836184
7,49,1937,0,1000000,0,127424,872576
8,50,1789,0,1000000,0,113850,886150
9,51,2293,0,1000000,0,129586,870414
10,52,2201,0,1000000,0,117550,882450
11,53,2455,0,1000000,0,119216,880784
12,54,1396,0,1000000,0,111701,888299
13,55,2967,0,1000000,0,181018,818982
14,56,2339,0,1000000,0,135764,864236
15,57,2350,0,1000000,0,124736,875264
16,58,1981,0,1000000,0,111409,888591
17,59,2013,0,1000000,0,143479,856521
18,60,2182,0,1000000,0,129191,870809
19,61,1989,0,1000000,0,125297,874703
20,62,2219,0,1000000,0,134677,865323
21,63,2007,0,1000000,0,132458,867542
22,64,1460,0,1000000,0,103305,896695
23,65,2184,0,1000000,0,126289,873711
24,66,1858,0,1000000,0,111449,888551
25,67,2712,0,1000000,0,149290,850710
26,68,2714,0,1000000,0,148304,851696
27,69,1945,0,1000000,0,86310,913690
28,70,2145,0,1000000,0,153873,846127
29,71,3101,0,1000000,0,154877,845123
30,72,2146,0,1000000,0,151781,848219
31,73,2838,0,1000000,0,151284,848716
32,74,1998,0,1000000,0,104761,895239
33,75,2681,0,1000000,0,133338,866662
34,76,1791,0,1000000,0,90242,909758
35,77,2180,0,1000000,0,126958,873042
36,78,1996,0,1000000,0,129663,870337
37,79,2678,0,1000000,0,166427,833573
38,80,2070,0,1000000,0,137761,862239
39,81,2365,0,1000000,0,161344,838656
40,82,3110,0,1000000,0,182455,817545
41,83,1528,0,1000000,0,96238,903762
42,84,2592,0,1000000,0,149412,850588
43,85,2877,0,1000000,0,151304,848696
44,86,2583,0,1000000,0,145305,854695
45,87,2297,0,1000000,0,161029,838971
46,88,2623,0,1000000,0,130771,869229
47,89,1998,0,1000000,0,149268,850732
48,90,2604,0,1000000,0,140456,859544
49,91,2037,0,1000000,0,151648,848352
50,92,2054,0,1000000,0,102723,897277
51,93,2349,0,1000000,0,132399,867601
52,94,2400,0,1000000,0,143426,856574
53,95,1721,0,1000000,0,140610,859390
54,96,2071,0,1000000,0,123467,876533
55,97,2457,0,1000000,0,137372,862628
56,98,2237,0,1000000,0,131805,868195
57,99,2625,0,1000000,0,148839,851161
58,100,1942,0,1000000,0,110777,889223
59,101,2848,0,1000000,0,107617,892383
60,102,2796,0,1000000,0,141633,858367
61,103,2125,0,1000000,0,124303,875697
62,104,2396,0,1000000,0,122250,877750
63,105,1876,0,1000000,0,133993,866007
64,106,2619,0,1000000,0,140686,859314
65,107,2323,0,1000000,0,162223,837777
66,108,2921,0,1000000,0,144032,855968
67,109,2330,0,1000000,0,112180,887820
68,110,1944,0,1000000,0,130340,869660
69,111,2410,0,1000000,0,124909,875091
70,112,2269,0,1000000,0,166204,833796
71,113,2729,0,1000000,0,119636,880364
72,114,1946,0,1000000,0,139207,860793
73,115,3277,0,1000000,0,150618,849382
74,116,2486,0,1000000,0,133294,866706
75,117,2626,0,1000000,0,132049,867951
76,118,1595,0,1000000,0,106447,893553
77,119,2373,0,1000000,0,137832,862168
78,120,1885,0,1000000,0,133199,866801
79,121,2987,0,1000000,0,149378,850622
80,122,2222,0,1000000,0,127499,872501
81,123,2188,0,1000000,0,154186,845814
82,124,2179,0,1000000,0,140524,859476
83,125,1405,0,1000000,0,104159,895841
84,126,2290,0,1000000,0,133209,866791
85,127,2167,0,1000000,0,134663,865337
86,128,2173,0,1000000,0,127713,872287
87,129,3155,0,1000000,0,154423,845577
88,130,2445,0,1000000,0,139262,860738
89,131,2545,0,1000000,0,123766,876234
90,132,2857,0,1000000,0,158586,841414
91,133,3021,0,1000000,0,173091,826909
92,134,1651,0,1000000,0,124327,875673
93,135,2379,0,1000000,0,134264,865736
94,136,1920,0,1000000,0,111734,888266
95,137,2679,0,1000000,0,118215,881785
96,138,2274,0,1000000,0,98905,901095
97,139,2920,0,1000000,0,118652,881348
98,140,2644,0,1000000,0,137473,862527
99,141,2644,0,1000000,0,145555,854445
100,142,2610,0,1000000,0,127907,872093
101,143,1748,0,1000000,0,119958,880042
102,144,2209,0,1000000,0,136310,863690
103,145,2190,0,1000000,0,140685,859315
104,146,2638,0,1000000,0,116610,883390
105,147,3054,0,1000000,0,146759,853241
106,148,2001,0,1000000,0,117062,882938
107,149,2312,0,1000000,0,127529,872471
108,150,2042,0,1000000,0,133005,866995
109,151,3380,0,1000000,0,160126,839874
110,152,2163,0,1000000,0,131732,868268
111,153,2558,0,1000000,0,125727,874273
112,154,2691,0,1000000,0,127364,872636
113,155,2839,0,1000000,0,135785,864215
114,156,3091,0,1000000,0,159352,840648
115,157,2346,0,1000000,0,115521,884479
116,158,1935,0,1000000,0,113230,886770
117,159,2550,0,1000000,0,138088,861912
118,160,2693,0,1000000,0,123360,876640
119,161,2033,0,1000000,0,137513,862487
120,162,3044,0,1000000,0,155857,844143
121,163,2519,0,1000000,0,119413,880587
122,164,2775,0,1000000,0,125968,874032
123,165,2390,0,1000000,0,151159,848841
124,166,1999,0,1000000,0,124984,875016
125,167,2157,0,1000000,0,149938,850062
126,168,2497,0,1000000,0,119179,880821
127,169,1798,0,1000000,0,109457,890543
128,170,1970,0,1000000,0,130106,869894
129,171,1813,0,1000000,0,123349,876651
130,172,1654,0,1000000,0,121067,878933
131,173,2776,0,1000000,0,163079,836921
132,174,2814,0,1000000,0,167354,832646
133,175,2523,0,1000000,0,122109,877891
134,176,2936,0,1000000,0,126218,873782
135,177,2669,0,1000000,0,134261,865739
136,178,2691,0,1000000,0,169071,830929
137,179,3871,0,1000000,0,145409,854591
138,180,2199,0,1000000,0,135209,864791
139,181,2042,0,1000000,0,117524,882476
140,182,1257,0,1000000,0,108431,891569
141,183,2214,0,1000000,0,113118,886882
142,184,1389,0,1000000,0,104311,895689
143,185,1665,0,1000000,0,108596,891404
144,186,2083,0,1000000,0,109100,890900
145,187,2798,0,1000000,0,135454,864546
146,188,2319,0,1000000,0,134825,865175
147,189,2109,0,1000000,0,121188,878812
148,190,2182,0,1000000,0,149394,850606
149,191,2566,0,1000000,0,116230,883770
150,192,1821,0,1000000,0,121125,878875
151,193,2089,0,1000000,0,118868,881132
152,194,2996,0,1000000,0,148127,851873
153,195,2803,0,1000000,0,122318,877682
154,196,1980,0,1000000,0,109943,890057
155,197,2532,0,1000000,0,151374,848626
156,198,2566,0,1000000,0,133184,866816
157,199,1145,0,1000000,0,115544,884456
158,200,1684,0,1000000,0,149719,850281
159,201,1765,0,1000000,0,107760,892240
160,202,2303,0,1000000,0,110807,889193
161,203,2300,0,1000000,0,107863,892137
162,204,2749,0,1000000,0,143966,856034
163,205,1802,0,1000000,0,110220,889780
164,206,3179,0,1000000,0,131667,868333
165,207,2862,0,1000000,0,123911,876089
166,208,1794,0,1000000,0,122375,877625
167,209,1829,0,1000000,0,114621,885379
168,210,3041,0,1000000,0,136013,863987
169,211,2347,0,1000000,0,126252,873748
170,212,1507,0,1000000,0,107777,892223
171,213,3107,0,1000000,0,146686,853314
172,214,2586,0,1000000,0,136632,863368
173,215,2173,0,1000000,0,121412,878588
174,216,2005,0,1000000,0,136310,863690
175,217,3367,0,1000000,0,116880,883120
176,218,2819,0,1000000,0,129960,870040
177,219,2007,0,1000000,0,151118,848882
178,220,1848,0,1000000,0,119350,880650
179,221,2741,0,1000000,0,121311,878689
180,222,1601,0,1000000,0,126825,873175
181,223,1852,0,1000000,0,127728,872272
182,224,2755,0,1000000,0,142791,857209
183,225,2127,0,1000000,0,124750,875250
184,226,2036,0,1000000,0,113279,886721
185,227,2227,0,1000000,0,139820,860180
186,228,2816,0,1000000,0,140520,859480
187,229,2127,0,1000000,0,146339,853661
188,230,2161,0,1000000,0,138903,861097
189,231,2357,0,1000000,0,152030,847970
190,232,2624,0,1000000,0,154125,845875
191,233,2676,0,1000000,0,115883,884117
192,234,2933,0,1000000,0,151238,848762
193,235,2283,0,1000000,0,138006,861994
194,236,2435,0,1000000,0,121547,878453
195,237,2164,0,1000000,0,155677,844323
196,238,1671,0,1000000,0,112451,887549
197,239,2232,0,1000000,0,140549,859451
198,240,2046,0,1000000,0,124346,875654
199,241,2067,0,1000000,0,141435,858565
200,242,2090,0,1000000,0,107056,892944
201,243,2243,0,1000000,0,149424,850576
202,244,2089,0,1000000,0,132726,867274
203,245,2848,0,1000000,0,167611,832389
204,246,2864,0,1000000,0,138509,861491
205,247,2425,0,1000000,0,118618,881382
206,248,3590,0,1000000,0,141327,858673
207,249,2327,0,1000000,0,137359,862641
208,250,1645,0,1000000,0,128791,871209
209,251,2971,0,1000000,0,199245,800755
210,252,1811,0,1000000,0,116821,883179
211,253,2216,0,1000000,0,125087,874913
212,254,2474,0,1000000,0,126783,873217
213,255,3114,0,1000000,0,159226,840774
214,256,1850,0,1000000,0,121334,878666
215,257,2036,0,1000000,0,120780,879220
216,258,2491,0,1000000,0,118380,881620
217,259,1924,0,1000000,0,140022,859978
218,260,2743,0,1000000,0,144419,855581
219,261,2979,0,1000000,0,167760,832240
220,262,2205,0,1000000,0,146066,853934
221,263,1974,0,1000000,0,135371,864629
222,264,2917,0,1000000,0,147363,852637
223,265,2726,0,1000000,0,131885,868115
224,266,1858,0,1000000,0,133640,866360
225,267,3449,0,1000000,0,154064,845936
226,268,1534,0,1000000,0,111331,888669
227,269,2313,0,1000000,0,131994,868006
228,270,2472,0,1000000,0,107293,892707
229,271,1866,0,1000000,0,92111,907889
230,272,2285,0,1000000,0,124746,875254
231,273,2353,0,1000000,0,123397,876603
232,274,2202,0,1000000,0,127821,872179
233,275,3437,0,1000000,0,154151,845849
234,276,2163,0,1000000,0,144298,855702
235,277,3369,0,1000000,0,159862,840138
236,278,2221,0,1000000,0,155395,844605
237,279,2868,0,1000000,0,121595,878405
238,280,1659,0,1000000,0,157083,842917
239,281,2398,0,1000000,0,117469,882531
240,282,2444,0,1000000,0,140066,859934
241,283,1215,0,1000000,0,120528,879472
242,284,2588,0,1000000,0,143436,856564
243,285,1877,0,1000000,0,97400,902600
244,286,2008,0,1000000,0,139407,860593
245,287,1933,0,1000000,0,141822,858178
246,288,2764,0,1000000,0,164578,835422
247,289,2023,0,1000000,0,103475,896525
248,290,1997,0,1000000,0,141306,858694
249,291,2883,0,1000000,0,143404,856596
250,292,1993,0,1000000,0,146586,853414
251,293,2365,0,1000000,0,125505,874495
252,294,2197,0,1000000,0,113332,886668
253,295,2372,0,1000000,0,151766,848234
254,296,2029,0,1000000,0,133998,866002
255,297,2064,0,1000000,0,133217,866783
256,298,2548,0,1000000,0,134840,865160
257,299,2925,0,1000000,0,151028,848972
258,300,2426,0,1000000,0,160456,839544
259,301,1824,0,1000000,0,137593,862407
260,302,2184,0,1000000,0,104799,895201
261,303,2460,0,1000000,0,157099,842901
262,304,2561,0,1000000,0,117499,882501
263,305,2503,0,1000000,0,149153,850847
264,306,2581,0,1000000,0,122152,877848
265,307,2057,0,1000000,0,109925,890075
266,308,2190,0,1000000,0,149124,850876
267,309,1706,0,1000000,0,108857,891143
268,310,2141,0,1000000,0,111168,888832
269,311,1851,0,1000000,0,114691,885309
270,312,2051,0,1000000,0,128158,871842
271,313,2808,0,1000000,0,156763,843237
272,314,2312,0,1000000,0,144812,855188
273,315,2847,0,1000000,0,133164,866836
274,316,2505,0,1000000,0,153676,846324
275,317,2313,0,1000000,0,141572,858428
276,318,2580,0,1000000,0,152850,847150
277,319,1896,0,1000000,0,158404,841596
278,320,2149,0,1000000,0,126390,873610
279,321,2562,0,1000000,0,130545,869455
280,322,2419,0,1000000,0,115372,884628
281,323,1797,0,1000000,0,131497,868503
282,324,1944,0,1000000,0,96550,903450
283,325,2303,0,1000000,0,95075,904925
284,326,2056,0,1000000,0,131031,868969
285,327,2320,0,1000000,0,124270,875730
286,328,1974,0,1000000,0,120920,879080
287,329,1891,0,1000000,0,115701,884299
288,330,2420,0,1000000,0,150612,849388
289,331,1727,0,1000000,0,107065,892935
290,332,2731,0,1000000,0,132917,867083
291,333,1988,0,1000000,0,100666,899334
292,334,2349,0,1000000,0,131914,868086
293,335,2903,0,1000000,0,132397,867603
294,336,2757,0,1000000,0,139689,860311
295,337,2407,0,1000000,0,127313,872687
296,338,1994,0,1000000,0,122131,877869
297,339,2238,0,1000000,0,120245,879755
298,340,2382,0,1000000,0,127897,872103
299,341,2469,0,1000000,0,146976,853024
300,342,1521,0,1000000,0,148757,851243
301,343,2416,0,1000000,0,132006,867994
302,344,2782,0,1000000,0,153236,846764
303,345,1859,0,1000000,0,148641,851359
304,346,2455,0,1000000,0,128491,871509
305,347,2362,0,1000000,0,154922,845078
306,348,1876,0,1000000,0,116014,883986
307,349,2408,0,1000000,0,117968,882032
308,350,2498,0,1000000,0,135739,864261
309,351,2509,0,1000000,0,118613,881387
310,352,2029,0,1000000,0,114649,885351
311,353,2044,0,1000000,0,137739,862261
312,354,2029,0,1000000,0,145347,854653
313,355,2333,0,1000000,0,116895,883105
314,356,2104,0,1000000,0,129501,870499
315,357,1775,0,1000000,0,104885,895115
316,358,1922,0,1000000,0,101673,898327
317,359,2705,0,1000000,0,128829,871171
318,360,2355,0,1000000,0,117003,882997
319,361,2077,0,1000000,0,125031,874969
320,362,2019,0,1000000,0,107990,892010
321,363,2057,0,1000000,0,135677,864323
322,364,1914,0,1000000,0,121028,878972
323,365,1810,0,1000000,0,128284,871716
324,366,2099,0,1000000,0,124182,875818
325,367,2132,0,1000000,0,126482,873518
326,368,2179,0,1000000,0,164299,835701
327,369,2198,0,1000000,0,125219,874781
328,370,3286,0,1000000,0,147106,852894
329,371,2281,0,1000000,0,123078,876922
330,372,2180,0,1000000,0,122517,877483
331,373,2374,0,1000000,0,141471,858529
332,374,2704,0,1000000,0,166040,833960
333,375,2167,0,1000000,0,156720,843280
334,376,2741,0,1000000,0,146800,853200
335,377,2477,0,1000000,0,128392,871608
336,378,2727,0,1000000,0,138337,861663
337,379,1398,0,1000000,0,124605,875395
338,380,2793,0,1000000,0,149945,850055
339,381,1962,0,1000000,0,129309,870691
340,382,1562,0,1000000,0,89747,910253
341,383,2081,0,1000000,0,138948,861052
342,384,1445,0,1000000,0,87428,912572
343,385,2794,0,1000000,0,122644,877356
344,386,1719,0,1000000,0,118699,881301
345,387,1839,0,1000000,0,130781,869219
346,388,2874,0,1000000,0,123710,876290
347,389,2385,0,1000000,0,145809,854191
348,390,1892,0,1000000,0,132759,867241
349,391,2103,0,1000000,0,134294,865706
350,392,2311,0,1000000,0,131786,868214
351,393,2482,0,1000000,0,139840,860160
352,394,2617,0,1000000,0,149482,850518
353,395,2131,0,1000000,0,128037,871963
354,396,2537,0,1000000,0,159113,840887
355,397,1812,0,1000000,0,115389,884611
356,398,2531,0,1000000,0,126174,873826
357,399,2120,0,1000000,0,129817,870183
358,400,2094,0,1000000,0,119546,880454
359,401,2490,0,1000000,0,110056,889944
360,402,1753,0,1000000,0,131139,868861
361,403,1686,0,1000000,0,130963,869037
362,404,1568,0,1000000,0,119572,880428
363,405,2470,0,1000000,0,103620,896380
364,406,2301,0,1000000,0,125913,874087
365,407,1989,0,1000000,0,90434,909566
366,408,2647,0,1000000,0,148198,851802
367,409,2284,0,1000000,0,169625,830375
368,410,2606,0,1000000,0,136427,863573
369,411,3056,0,1000000,0,123785,876215
370,412,2420,0,1000000,0,156726,843274
371,413,2360,0,1000000,0,116681,883319
372,414,2103,0,1000000,0,115692,884308
373,415,2404,0,1000000,0,122195,877805
374,416,1686,0,1000000,0,128834,871166
375,417,2161,0,1000000,0,121316,878684
376,418,2757,0,1000000,0,126727,873273
377,419,1398,0,1000000,0,106980,893020
378,420,2177,0,1000000,0,113053,886947
379,421,1886,0,1000000,0,96169,903831
380,422,1881,0,1000000,0,94220,905780
381,423,1994,0,1000000,0,101382,898618
382,424,1661,0,1000000,0,126717,873283
383,425,2098,0,1000000,0,117696,882304
384,426,1900,0,1000000,0,115449,884551
385,427,2629,0,1000000,0,160628,839372
386,428,2580,0,1000000,0,167301,832699
387,429,1588,0,1000000,0,103384,896616
388,430,2333,0,1000000,0,124984,875016
389,431,2753,0,1000000,0,153462,846538
390,432,2041,0,1000000,0,132383,867617
391,433,2355,0,1000000,0,123805,876195
392,434,2788,0,1000000,0,136644,863356
393,435,2430,0,1000000,0,128604,871396
394,436,2448,0,1000000,0,158159,841841
395,437,2732,0,1000000,0,163579,836421
396,438,2151,0,1000000,0,135000,865000
397,439,3341,0,1000000,0,140519,859481
398,440,2856,0,1000000,0,110188,889812
399,441,2498,0,1000000,0,165535,834465
400,442,2033,0,1000000,0,135413,864587
401,443,2724,0,1000000,0,147545,852455
402,444,2594,0,1000000,0,104512,895488
403,445,2269,0,1000000,0,143308,856692
404,446,1390,0,1000000,0,91814,908186
405,447,2189,0,1000000,0,126694,873306
406,448,2344,0,1000000,0,148606,851394
407,449,2195,0,1000000,0,163125,836875
408,450,2657,0,1000000,0,120831,879169
409,451,1582,0,1000000,0,121127,878873
410,452,2278,0,1000000,0,174256,825744
411,453,2641,0,1000000,0,141129,858871
412,454,2993,0,1000000,0,126579,873421
413,455,2245,0,1000000,0,130115,869885
414,456,2459,0,1000000,0,158656,841344
415,457,2350,0,1000000,0,122071,877929
416,458,3217,0,1000000,0,164518,835482
417,459,2496,0,1000000,0,145831,854169
418,460,1759,0,1000000,0,122767,877233
419,461,2113,0,1000000,0,141182,858818
420,462,2104,0,1000000,0,166711,833289
421,463,1398,0,1000000,0,100646,899354
422,464,1677,0,1000000,0,145879,854121
423,465,2518,0,1000000,0,138038,861962
424,466,1904,0,1000000,0,142108,857892
425,467,3070,0,1000000,0,145942,854058
426,468,2408,0,1000000,0,144733,855267
427,469,1643,0,1000000,0,122542,877458
428,470,2450,0,1000000,0,137666,862334
429,471,1917,0,1000000,0,116307,883693
430,472,2099,0,1000000,0,128034,871966
431,473,2234,0,1000000,0,141943,858057
432,474,2084,0,1000000,0,133839,866161
433,475,2438,0,1000000,0,138828,861172
434,476,1687,0,1000000,0,122334,877666
435,477,2072,0,1000000,0,140621,859379
436,478,2875,0,1000000,0,129186,870814
437,479,1956,0,1000000,0,139079,860921
438,480,2023,0,1000000,0,130663,869337
439,481,2272,0,1000000,0,129813,870187
440,482,1686,0,1000000,0,125871,874129
441,483,2127,0,1000000,0,127546,872454
442,484,2746,0,1000000,0,134568,865432
443,485,2143,0,1000000,0,100867,899133
444,486,2997,0,1000000,0,135376,864624
445,487,2436,0,1000000,0,140367,859633
446,488,1581,0,1000000,0,131508,868492
447,489,2686,0,1000000,0,140850,859150
448,490,2429,0,1000000,0,119503,880497
449,491,2055,0,1000000,0,129593,870407
450,492,3315,0,1000000,0,149232,850768
451,493,2246,0,1000000,0,144481,855519
452,494,2138,0,1000000,0,126877,873123
453,495,2650,0,1000000,0,144854,855146
454,496,2763,0,1000000,0,145254,854746
455,497,2616,0,1000000,0,127361,872639
456,498,1681,0,1000000,0,106408,893592
457,499,1854,0,1000000,0,134349,865651
458,500,3337,0,1000000,0,124368,875632
459,501,2384,0,1000000,0,127936,872064
460,502,2521,0,1000000,0,143404,856596
461,503,1991,0,1000000,0,136959,863041
462,504,2064,0,1000000,0,114792,885208
463,505,2496,0,1000000,0,126251,873749
464,506,2395,0,1000000,0,115854,884146
465,507,2043,0,1000000,0,117504,882496
466,508,2551,0,1000000,0,136105,863895
467,509,2266,0,1000000,0,106181,893819
468,510,1958,0,1000000,0,136008,863992
469,511,2738,0,1000000,0,140910,859090
470,512,2158,0,1000000,0,145712,854288
471,513,1743,0,1000000,0,133488,866512
472,514,1970,0,1000000,0,125851,874149
473,515,2468,0,1000000,0,110271,889729
474,516,2743,0,1000000,0,159028,840972
475,517,2298,0,1000000,0,121290,878710
476,518,2327,0,1000000,0,129549,870451
477,519,2455,0,1000000,0,116675,883325
478,520,2429,0,1000000,0,150418,849582
479,521,2585,0,1000000,0,156289,843711
480,522,2401,0,1000000,0,159017,840983
481,523,1890,0,1000000,0,124418,875582
482,524,1737,0,1000000,0,112293,887707
483,525,2125,0,1000000,0,138819,861181
484,526,2935,0,1000000,0,141937,858063
485,527,1977,0,1000000,0,106766,893234
486,528,1868,0,1000000,0,114233,885767
487,529,3158,0,1000000,0,157149,842851
488,530,2609,0,1000000,0,139937,860063
489,531,2112,0,1000000,0,130886,869114
490,532,2349,0,1000000,0,160650,839350
491,533,2048,0,1000000,0,142525,857475
492,534,1982,0,1000000,0,120027,879973
493,535,2381,0,1000000,0,140408,859592
494,536,2268,0,1000000,0,110679,889321
495,537,2232,0,1000000,0,164694,835306
496,538,1702,0,1000000,0,128107,871893
497,539,2251,0,1000000,0,105357,894643
498,540,2726,0,1000000,0,124411,875589
499,541,2254,0,1000000,0,128512,871488
500,542,1956,0,1000000,0,134385,865615
501,543,2594,0,1000000,0,134325,865675
502,544,2498,0,1000000,0,125377,874623
503,545,2583,0,1000000,0,138553,861447
504,546,3616,0,1000000,0,157939,842061
505,547,2598,0,1000000,0,111649,888351
506,548,2409,0,1000000,0,116379,883621
507,549,2418,0,1000000,0,153087,846913
508,550,1589,0,1000000,0,148673,851327
509,551,2586,0,1000000,0,129523,870477
510,552,2106,0,1000000,0,128368,871632
511,553,1709,0,1000000,0,100035,899965
512,554,2650,0,1000000,0,177847,822153
513,555,2612,0,1000000,0,143010,856990
514,556,2183,0,1000000,0,159966,840034
515,557,2062,0,1000000,0,122665,877335
516,558,2873,0,1000000,0,132146,867854
517,559,3263,0,1000000,0,149990,850010
518,560,2207,0,1000000,0,114337,885663
519,561,2687,0,1000000,0,108737,891263
520,562,2043,0,1000000,0,144806,855194
521,563,2556,0,1000000,0,149252,850748
522,564,2079,0,1000000,0,142597,857403
523,565,2147,0,1000000,0,135653,864347
524,566,1874,0,1000000,0,103744,896256
525,567,2114,0,1000000,0,130829,869171
526,568,3058,0,1000000,0,158569,841431
527,569,2183,0,1000000,0,123514,876486
528,570,1992,0,1000000,0,123002,876998
529,571,2052,0,1000000,0,145374,854626
530,572,2314,0,1000000,0,113561,886439
531,573,1975,0,1000000,0,128210,871790
532,574,2219,0,1000000,0,122965,877035
533,575,1917,0,1000000,0,89685,910315
534,576,2624,0,1000000,0,148060,851940
535,577,1816,0,1000000,0,124066,875934
536,578,2421,0,1000000,0,160828,839172
537,579,2697,0,1000000,0,166854,833146
538,580,3037,0,1000000,0,154919,845081
539,581,1663,0,1000000,0,132211,867789
540,582,2442,0,1000000,0,156507,843493
541,583,1808,0,1000000,0,118279,881721
542,584,2098,0,1000000,0,140365,859635
543,585,2901,0,1000000,0,141275,858725
544,586,2218,0,1000000,0,145299,854701
545,587,2450,0,1000000,0,135745,864255
546,588,2158,0,1000000,0,125250,874750
547,589,2724,0,1000000,0,127922,872078
548,590,1544,0,1000000,0,130186,869814
549,591,2159,0,1000000,0,132286,867714
550,592,2448,0,1000000,0,144826,855174
551,593,1758,0,1000000,0,153899,846101
552,594,2436,0,1000000,0,145747,854253
553,595,1675,0,1000000,0,117016,882984
554,596,1909,0,1000000,0,117949,882051
555,597,2343,0,1000000,0,98190,901810
556,598,1832,0,1000000,0,117595,882405
557,599,2004,0,1000000,0,132511,867489
558,600,2685,0,1000000,0,127241,872759
559,601,1916,0,1000000,0,162017,837983
560,602,2565,0,1000000,0,135820,864180
561,603,1767,0,1000000,0,129402,870598
562,604,2294,0,1000000,0,118418,881582
563,605,2571,0,1000000,0,140064,859936
564,606,2289,0,1000000,0,137965,862035
565,607,1343,0,1000000,0,107731,892269
566,608,1749,0,1000000,0,138626,861374
567,609,1508,0,1000000,0,154745,845255
568,610,1833,0,1000000,0,111668,888332
569,611,2083,0,1000000,0,134955,865045
570,612,2286,0,1000000,0,127823,872177
571,613,2207,0,1000000,0,126621,873379
572,614,2042,0,1000000,0,98182,901818
573,615,1947,0,1000000,0,105850,894150
574,616,1946,0,1000000,0,132619,867381
575,617,2269,0,1000000,0,141059,858941
576,618,1865,0,1000000,0,156125,843875
577,619,2360,0,1000000,0,126038,873962
578,620,2240,0,1000000,0,131198,868802
579,621,2213,0,1000000,0,145066,854934
580,622,1984,0,1000000,0,99288,900712
581,623,2562,0,1000000,0,158878,841122
582,624,2438,0,1000000,0,143665,856335
583,625,1993,0,1000000,0,126071,873929
584,626,2082,0,1000000,0,149326,850674
585,627,1623,0,1000000,0,143106,856894
586,628,1499,0,1000000,0,82007,917993
587,629,2209,0,1000000,0,151115,848885
588,630,1550,0,1000000,0,120824,879176
589,631,1832,0,1000000,0,90512,909488
590,632,1255,0,1000000,0,108580,891420
591,633,2483,0,1000000,0,134795,865205
592,634,1732,0,1000000,0,158790,841210
593,635,2544,0,1000000,0,111190,888810
594,636,2108,0,1000000,0,116813,883187
595,637,1937,0,1000000,0,113862,886138
596,638,2532,0,1000000,0,152151,847849
597,639,2651,0,1000000,0,156098,843902
598,640,1833,0,1000000,0,116298,883702
599,641,2414,0,1000000,0,139800,860200
600,642,1898,0,1000000,0,145033,854967
601,643,2542,0,1000000,0,125632,874368
602,644,2461,0,1000000,0,141823,858177
603,645,2726,0,1000000,0,136029,863971
604,646,2530,0,1000000,0,136440,863560
605,647,1543,0,1000000,0,113225,886775
606,648,2019,0,1000000,0,130675,869325
607,649,3090,0,1000000,0,157930,842070
608,650,2822,0,1000000,0,158329,841671
609,651,1956,0,1000000,0,130608,869392
610,652,1902,0,1000000,0,118741,881259
611,653,2366,0,1000000,0,119634,880366
612,654,2442,0,1000000,0,106977,893023
613,655,2166,0,1000000,0,145234,854766
614,656,2852,0,1000000,0,144737,855263
615,657,2451,0,1000000,0,148483,851517
616,658,2407,0,1000000,0,136794,863206
617,659,1671,0,1000000,0,107020,892980
618,660,1917,0,1000000,0,127867,872133
619,661,2065,0,1000000,0,123836,876164
620,662,1667,0,1000000,0,110614,889386
621,663,2528,0,1000000,0,131908,868092
622,664,2520,0,1000000,0,131304,868696
623,665,3057,0,1000000,0,143365,856635
624,666,2326,0,1000000,0,117310,882690
625,667,3648,0,1000000,0,136126,863874
626,668,1402,0,1000000,0,112926,887074
627,669,1917,0,1000000,0,121153,878847
628,670,1792,0,1000000,0,129666,870334
629,671,2158,0,1000000,0,126188,873812
630,672,2128,0,1000000,0,132998,867002
631,673,2147,0,1000000,0,151718,848282
632,674,1893,0,1000000,0,132018,867982
633,675,3046,0,1000000,0,142396,857604
634,676,2237,0,1000000,0,133768,866232
635,677,2368,0,1000000,0,106549,893451
636,678,2089,0,1000000,0,155532,844468
637,679,2538,0,1000000,0,120484,879516
638,680,2180,0,1000000,0,130679,869321
639,681,2549,0,1000000,0,125725,874275
640,682,1868,0,1000000,0,122428,877572
641,683,2556,0,1000000,0,141626,858374
642,684,2061,0,1000000,0,136440,863560
643,685,2000,0,1000000,0,107133,892867
644,686,2005,0,1000000,0,139782,860218
645,687,1315,0,1000000,0,121274,878726
646,688,2516,0,1000000,0,134766,865234
647,689,2175,0,1000000,0,151826,848174
648,690,1887,0,1000000,0,142473,857527
649,691,2883,0,1000000,0,155911,844089
650,692,2078,0,1000000,0,148178,851822
651,693,1682,0,1000000,0,106141,893859
652,694,2221,0,1000000,0,123236,876764
653,695,2029,0,1000000,0,131994,868006
654,696,1916,0,1000000,0,148124,851876
655,697,1921,0,1000000,0,111236,888764
656,698,2458,0,1000000,0,128582,871418
657,699,2408,0,1000000,0,123542,876458
658,700,1628,0,1000000,0,84561,915439
659,701,2348,0,1000000,0,132095,867905
660,702,1763,0,1000000,0,141102,858898
661,703,3347,0,1000000,0,143175,856825
662,704,2555,0,1000000,0,143179,856821
663,705,2206,0,1000000,0,159027,840973
664,706,2014,0,1000000,0,125870,874130
665,707,2410,0,1000000,0,130187,869813
666,708,2691,0,1000000,0,150431,849569
667,709,2264,0,1000000,0,124963,875037
668,710,2422,0,1000000,0,128594,871406
669,711,2767,0,1000000,0,137018,862982
670,712,1942,0,1000000,0,133231,866769
671,713,2473,0,1000000,0,120934,879066
672,714,1958,0,1000000,0,167582,832418
673,715,3321,0,1000000,0,144256,855744
674,716,2957,0,1000000,0,119546,880454
675,717,1660,0,1000000,0,111481,888519
676,718,2593,0,1000000,0,146281,853719
677,719,2511,0,1000000,0,152185,847815
678,720,2427,0,1000000,0,165290,834710
679,721,1795,0,1000000,0,138049,861951
680,722,2114,0,1000000,0,146505,853495
681,723,2696,0,1000000,0,112497,887503
682,724,1824,0,1000000,0,121176,878824
683,725,2127,0,1000000,0,127629,872371
684,726,2141,0,1000000,0,114916,885084
685,727,2130,0,1000000,0,138560,861440
686,728,2279,0,1000000,0,126816,873184
687,729,2088,0,1000000,0,133401,866599
688,730,2913,0,1000000,0,132267,867733
689,731,2403,0,1000000,0,122999,877001
690,732,2154,0,1000000,0,122614,877386
691,733,2398,0,1000000,0,153194,846806
692,734,2340,0,1000000,0,139765,860235
693,735,2504,0,1000000,0,125720,874280
694,736,2536,0,1000000,0,120675,879325
695,737,1925,0,1000000,0,113020,886980
696,738,1995,0,1000000,0,126388,873612
697,739,1397,0,1000000,0,129194,870806
698,740,3091,0,1000000,0,151084,848916
699,741,2375,0,1000000,0,126783,873217
700,742,2868,0,1000000,0,137259,862741
701,743,2128,0,1000000,0,98156,901844
702,744,1634,0,1000000,0,137865,862135
703,745,2166,0,1000000,0,105747,894253
704,746,2089,0,1000000,0,144381,855619
705,747,2020,0,1000000,0,131514,868486
706,748,2554,0,1000000,0,117204,882796
707,749,1546,0,1000000,0,113969,886031
708,750,1893,0,1000000,0,99912,900088
709,751,2307,0,1000000,0,144839,855161
710,752,2535,0,1000000,0,150379,849621
711,753,1627,0,1000000,0,138021,861979
712,754,2068,0,1000000,0,120520,879480
713,755,1455,0,1000000,0,87039,912961
714,756,2722,0,1000000,0,134356,865644
715,757,2900,0,1000000,0,144474,855526
716,758,2085,0,1000000,0,100726,899274
717,759,2510,0,1000000,0,149312,850688
718,760,2221,0,1000000,0,120236,879764
719,761,2244,0,1000000,0,140512,859488
720,762,2371,0,1000000,0,143278,856722
721,763,2463,0,1000000,0,137523,862477
722,764,1651,0,1000000,0,111636,888364
723,765,2418,0,1000000,0,141389,858611
724,766,1640,0,1000000,0,134276,865724
725,767,2369,0,1000000,0,106331,893669
726,768,3175,0,1000000,0,120367,879633
727,769,2085,0,1000000,0,117004,882996
728,770,2942,0,1000000,0,167144,832856
729,771,1956,0,1000000,0,114442,885558
730,772,1855,0,1000000,0,140453,859547
731,773,2699,0,1000000,0,129585,870415
732,774,2348,0,1000000,0,106422,893578
733,775,2037,0,1000000,0,121344,878656
734,776,2114,0,1000000,0,132116,867884
735,777,1754,0,1000000,0,140190,859810
736,778,2232,0,1000000,0,126362,873638
737,779,2433,0,1000000,0,141276,858724
738,780,2088,0,1000000,0,115254,884746
739,781,1918,0,1000000,0,95988,904012
740,782,2390,0,1000000,0,155092,844908
741,783,2238,0,1000000,0,151479,848521
742,784,2727,0,1000000,0,142425,857575
743,785,2370,0,1000000,0,143933,856067
744,786,2214,0,1000000,0,123441,876559
745,787,2116,0,1000000,0,108630,891370
746,788,1886,0,1000000,0,104689,895311
747,789,3002,0,1000000,0,151397,848603
748,790,1812,0,1000000,0,134250,865750
749,791,1927,0,1000000,0,127758,872242
750,792,2199,0,1000000,0,139453,860547
751,793,2499,0,1000000,0,128223,871777
752,794,2021,0,1000000,0,139731,860269
753,795,2714,0,1000000,0,153583,846417
754,796,2919,0,1000000,0,123899,876101
755,797,2701,0,1000000,0,129503,870497
756,798,2339,0,1000000,0,156089,843911
757,799,2755,0,1000000,0,170540,829460
758,800,2557,0,1000000,0,126458,873542
759,801,2566,0,1000000,0,148702,851298
760,802,2483,0,1000000,0,137057,862943
761,803,2354,0,1000000,0,164022,835978
762,804,1624,0,1000000,0,117182,882818
763,805,2847,0,1000000,0,123711,876289
764,806,1996,0,1000000,0,119884,880116
765,807,2447,0,1000000,0,125726,874274
766,808,2132,0,1000000,0,133674,866326
767,809,2026,0,1000000,0,113584,886416
768,810,2627,0,1000000,0,134638,865362
769,811,2366,0,1000000,0,128368,871632
770,812,2329,0,1000000,0,106167,893833
771,813,1427,0,1000000,0,111768,888232
772,814,1828,0,1000000,0,120235,879765
773,815,2373,0,1000000,0,120139,879861
774,816,2518,0,1000000,0,101779,898221
775,817,1786,0,1000000,0,125221,874779
776,818,2946,0,1000000,0,136843,863157
777,819,3350,0,1000000,0,181638,818362
778,820,2592,0,1000000,0,140320,859680
779,821,2867,0,1000000,0,123908,876092
780,822,2282,0,1000000,0,145387,854613
781,823,2582,0,1000000,0,151294,848706
782,824,2554,0,1000000,0,132645,867355
783,825,2317,0,1000000,0,121422,878578
784,826,2854,0,1000000,0,115200,884800
785,827,2546,0,1000000,0,158749,841251
786,828,2162,0,1000000,0,134386,865614
787,829,2062,0,1000000,0,122670,877330
788,830,2287,0,1000000,0,147188,852812
789,831,2280,0,1000000,0,123272,876728
790,832,2215,0,1000000,0,114475,885525
791,833,2188,0,1000000,0,154985,845015
792,834,2180,0,1000000,0,123463,876537
793,835,2324,0,1000000,0,127585,872415
794,836,2045,0,1000000,0,124569,875431
795,837,1866,0,1000000,0,119299,880701
796,838,2642,0,1000000,0,143760,856240
797,839,2221,0,1000000,0,137341,862659
798,840,2388,0,1000000,0,148464,851536
799,841,2136,0,1000000,0,136568,863432
800,842,2454,0,1000000,0,128262,871738
801,843,2389,0,1000000,0,104891,895109
802,844,1717,0,1000000,0,123812,876188
803,845,2505,0,1000000,0,142473,857527
804,846,3196,0,1000000,0,154102,845898
805,847,1781,0,1000000,0,125463,874537
806,848,1687,0,1000000,0,114297,885703
807,849,2903,0,1000000,0,120779,879221
808,850,1372,0,1000000,0,113483,886517
809,851,2537,0,1000000,0,147500,852500
810,852,2137,0,1000000,0,121875,878125
811,853,2233,0,1000000,0,151042,848958
812,854,2228,0,1000000,0,132537,867463
813,855,2135,0,1000000,0,154950,845050
814,856,2103,0,1000000,0,114402,885598
815,857,2079,0,1000000,0,116544,883456
816,858,2474,0,1000000,0,135254,864746
817,859,2113,0,1000000,0,109570,890430
818,860,1675,0,1000000,0,112440,887560
819,861,2968,0,1000000,0,156677,843323
820,862,2443,0,1000000,0,157245,842755
821,863,2547,0,1000000,0,124389,875611
822,864,2627,0,1000000,0,145157,854843
823,865,1744,0,1000000,0,115524,884476
824,866,2304,0,1000000,0,127936,872064
825,867,2286,0,1000000,0,116578,883422
826,868,2059,0,1000000,0,117993,882007
827,869,2374,0,1000000,0,151976,848024
828,870,2267,0,1000000,0,133419,866581
829,871,2657,0,1000000,0,103771,896229
830,872,2772,0,1000000,0,152260,847740
831,873,2261,0,1000000,0,110954,889046
832,874,3183,0,1000000,0,129586,870414
833,875,1427,0,1000000,0,130802,869198
834,876,2252,0,1000000,0,154093,845907
835,877,2132,0,1000000,0,138467,861533
836,878,2265,0,1000000,0,124932,875068
837,879,2539,0,1000000,0,125434,874566
838,880,2250,0,1000000,0,117333,882667
839,881,1598,0,1000000,0,100687,899313
840,882,2657,0,1000000,0,151168,848832
841,883,2018,0,1000000,0,109545,890455
842,884,2461,0,1000000,0,122803,877197
843,885,3048,0,1000000,0,111309,888691
844,886,2422,0,1000000,0,138235,861765
845,887,2160,0,1000000,0,140763,859237
846,888,3127,0,1000000,0,135477,864523
847,889,2536,0,1000000,0,160298,839702
848,890,2516,0,1000000,0,159888,840112
849,891,1993,0,1000000,0,109734,890266
850,892,2232,0,1000000,0,135882,864118
851,893,2384,0,1000000,0,124746,875254
852,894,2239,0,1000000,0,136583,863417
853,895,2732,0,1000000,0,157624,842376
854,896,2361,0,1000000,0,118311,881689
855,897,1846,0,1000000,0,116908,883092
856,898,2294,0,1000000,0,132352,867648
857,899,2043,0,1000000,0,123310,876690
858,900,2622,0,1000000,0,120695,879305
859,901,2434,0,1000000,0,134005,865995
860,902,2124,0,1000000,0,146943,853057
861,903,1930,0,1000000,0,125921,874079
862,904,2816,0,1000000,0,109886,890114
863,905,2158,0,1000000,0,129468,870532
864,906,2308,0,1000000,0,129244,870756
865,907,2150,0,1000000,0,119121,880879
866,908,2647,0,1000000,0,111615,888385
867,909,2015,0,1000000,0,155747,844253
868,910,2541,0,1000000,0,148387,851613
869,911,1473,0,1000000,0,103821,896179
870,912,2197,0,1000000,0,111831,888169
871,913,1649,0,1000000,0,114910,885090
872,914,3080,0,1000000,0,130866,869134
873,915,2062,0,1000000,0,116920,883080
874,916,2096,0,1000000,0,142200,857800
875,917,2155,0,1000000,0,109001,890999
876,918,2200,0,1000000,0,124504,875496
877,919,2818,0,1000000,0,123457,876543
878,920,2282,0,1000000,0,149681,850319
879,921,2992,0,1000000,0,132873,867127
880,922,1952,0,1000000,0,105587,894413
881,923,2768,0,1000000,0,141441,858559
882,924,3172,0,1000000,0,149475,850525
883,925,2983,0,1000000,0,126924,873076
884,926,2839,0,1000000,0,158951,841049
885,927,2721,0,1000000,0,144816,855184
886,928,2056,0,1000000,0,135661,864339
887,929,2408,0,1000000,0,136208,863792
888,930,1631,0,1000000,0,94589,905411
889,931,2442,0,1000000,0,135049,864951
890,932,2639,0,1000000,0,143176,856824
891,933,2015,0,1000000,0,136919,863081
892,934,3169,0,1000000,0,143490,856510
893,935,2151,0,1000000,0,103012,896988
894,936,3705,0,1000000,0,157576,842424
895,937,1870,0,1000000,0,142219,857781
896,938,2403,0,1000000,0,130627,869373
897,939,2323,0,1000000,0,120088,879912
898,940,2736,0,1000000,0,125099,874901
899,941,2675,0,1000000,0,142537,857463
900,942,2561,0,1000000,0,170275,829725
901,943,1885,0,1000000,0,95069,904931
902,944,2338,0,1000000,0,135812,864188
903,945,2617,0,1000000,0,118962,881038
904,946,2520,0,1000000,0,119988,880012
905,947,2547,0,1000000,0,125321,874679
906,948,1314,0,1000000,0,117596,882404
907,949,2318,0,1000000,0,116076,883924
908,950,2200,0,1000000,0,121817,878183
909,951,1922,0,1000000,0,131004,868996
910,952,2582,0,1000000,0,133561,866439
911,953,3005,0,1000000,0,134136,865864
912,954,2198,0,1000000,0,133563,866437
913,955,2889,0,1000000,0,180852,819148
914,956,2418,0,1000000,0,119141,880859
915,957,2342,0,1000000,0,150227,849773
916,958,2258,0,1000000,0,127095,872905
917,959,1929,0,1000000,0,128516,871484
918,960,3751,0,1000000,0,175179,824821
919,961,1937,0,1000000,0,106239,893761
920,962,2119,0,1000000,0,146716,853284
921,963,2031,0,1000000,0,123983,876017
922,964,2559,0,1000000,0,141617,858383
923,965,1980,0,1000000,0,123179,876821
924,966,1703,0,1000000,0,114658,885342
925,967,2680,0,1000000,0,137987,862013
926,968,2552,0,1000000,0,139983,860017
927,969,2530,0,1000000,0,143923,856077
928,970,2310,0,1000000,0,141181,858819
929,971,1699,0,1000000,0,121610,878390
930,972,2530,0,1000000,0,107497,892503
931,973,3849,0,1000000,0,134682,865318
932,974,2480,0,1000000,0,148920,851080
933,975,2518,0,1000000,0,145386,854614
934,976,1680,0,1000000,0,118559,881441
935,977,1998,0,1000000,0,173849,826151
936,978,2308,0,1000000,0,144837,855163
937,979,2621,0,1000000,0,140386,859614
938,980,2330,0,1000000,0,134622,865378
939,981,2037,0,1000000,0,122076,877924
940,982,1636,0,1000000,0,123397,876603
941,983,2965,0,1000000,0,130602,869398
942,984,2029,0,1000000,0,128477,871523
943,985,1651,0,1000000,0,85615,914385
944,986,2603,0,1000000,0,159931,840069
945,987,2346,0,1000000,0,104990,895010
946,988,2548,0,1000000,0,144199,855801
947,989,1747,0,1000000,0,123672,876328
948,990,2490,0,1000000,0,167154,832846
949,991,1044,0,1000000,0,102327,897673
950,992,2525,0,1000000,0,152280,847720
951,993,1707,0,1000000,0,132244,867756
952,994,2566,0,1000000,0,134287,865713
953,995,1644,0,1000000,0,114944,885056
954,996,2485,0,1000000,0,138754,861246
955,997,2822,0,1000000,0,120470,879530
956,998,2615,0,1000000,0,137264,862736
957,999,1448,0,1000000,0,113272,886728
958,1000,2032,0,1000000,0,114604,885396
959,1001,2886,0,1000000,0,123674,876326
960,1002,1874,0,1000000,0,95601,904399
961,1003,2355,0,1000000,0,149177,850823
962,1004,2263,0,1000000,0,119875,880125
963,1005,2385,0,1000000,0,130692,869308
964,1006,2148,0,1000000,0,125892,874108
965,1007,2899,0,1000000,0,151524,848476
966,1008,1634,0,1000000,0,106914,893086
967,1009,2479,0,1000000,0,125534,874466
968,1010,2971,0,1000000,0,130039,869961
969,1011,1953,0,1000000,0,88761,911239
970,1012,2484,0,1000000,0,101895,898105
971,1013,2245,0,1000000,0,140967,859033
972,1014,2626,0,1000000,0,124534,875466
973,1015,2638,0,1000000,0,127903,872097
974,1016,1707,0,1000000,0,112454,887546
975,1017,2470,0,1000000,0,146877,853123
976,1018,1503,0,1000000,0,117541,882459
977,1019,1311,0,1000000,0,119246,880754
978,1020,2292,0,1000000,0,139236,860764
979,1021,2155,0,1000000,0,135734,864266
980,1022,1875,0,1000000,0,131079,868921
981,1023,2529,0,1000000,0,121474,878526
982,1024,2893,0,1000000,0,142690,857310
983,1025,3057,0,1000000,0,145236,854764
984,1026,2436,0,1000000,0,146160,853840
985,1027,2288,0,1000000,0,126491,873509
986,1028,1823,0,1000000,0,132664,867336
987,1029,2175,0,1000000,0,139394,860606
988,1030,1860,0,1000000,0,142932,857068
989,1031,2173,0,1000000,0,126845,873155
990,1032,2309,0,1000000,0,126481,873519
991,1033,2432,0,1000000,0,138668,861332
992,1034,2236,0,1000000,0,136132,863868
993,1035,2356,0,1000000,0,112710,887290
994,1036,2268,0,1000000,0,145502,854498
995,1037,1617,0,1000000,0,147493,852507
996,1038,2096,0,1000000,0,135199,864801
997,1039,2390,0,1000000,0,121097,878903
998,1040,2191,0,1000000,0,126602,873398
999,1041,2007,0,1000000,0,124930,875070
1000,1042,2063,0,1000000,0,102588,897412
1001,1043,2238,0,1000000,0,120819,879181
1002,1044,1677,0,1000000,0,126729,873271
1003,1045,2675,0,1000000,0,138861,861139
1004,1046,2646,0,1000000,0,140390,859610
1005,1047,2610,0,1000000,0,137886,862114
1006,1048,3202,0,1000000,0,128430,871570
1007,1049,2774,0,1000000,0,142852,857148
1008,1050,3191,0,1000000,0,141612,858388
1009,1051,2887,0,1000000,0,122649,877351
1010,1052,2354,0,1000000,0,150416,849584
1011,1053,1736,0,1000000,0,71909,928091
1012,1054,2990,0,1000000,0,123465,876535
1013,1055,2437,0,1000000,0,151849,848151
1014,1056,2264,0,1000000,0,156557,843443
1015,1057,1943,0,1000000,0,129729,870271
1016,1058,1973,0,1000000,0,139785,860215
1017,1059,3078,0,1000000,0,170683,829317
1018,1060,2556,0,1000000,0,169679,830321
1019,1061,2974,0,1000000,0,153732,846268
1020,1062,2029,0,1000000,0,124396,875604
1021,1063,2711,0,1000000,0,149255,850745
1022,1064,2803,0,1000000,0,153219,846781
1023,1065,2866,0,1000000,0,126801,873199
1024,1066,2256,0,1000000,0,109408,890592
1025,1067,3121,0,1000000,0,144597,855403
1026,1068,2912,0,1000000,0,152435,847565
1027,1069,1989,0,1000000,0,142341,857659
1028,1070,2451,0,1000000,0,107977,892023
1029,1071,1979,0,1000000,0,103553,896447
1030,1072,2396,0,1000000,0,142138,857862
1031,1073,2719,0,1000000,0,135584,864416
1032,1074,2257,0,1000000,0,190326,809674
1033,1075,2070,0,1000000,0,107801,892199
1034,1076,1960,0,1000000,0,141524,858476
1035,1077,1600,0,1000000,0,113326,886674
1036,1078,2716,0,1000000,0,121285,878715
1037,1079,2319,0,1000000,0,133344,866656
1038,1080,2581,0,1000000,0,155979,844021
1039,1081,2829,0,1000000,0,133446,866554
1040,1082,2970,0,1000000,0,174614,825386
1041,1083,2230,0,1000000,0,101950,898050
1042,1084,2756,0,1000000,0,120051,879949
1043,1085,2970,0,1000000,0,158749,841251
1044,1086,2916,0,1000000,0,169287,830713
1045,1087,2053,0,1000000,0,119146,880854
1046,1088,1650,0,1000000,0,137816,862184
1047,1089,2637,0,1000000,0,186033,813967
1048,1090,1834,0,1000000,0,129538,870462
1049,1091,2870,0,1000000,0,118027,881973
1050,1092,3042,0,1000000,0,148332,851668
1051,1093,2744,0,1000000,0,163394,836606
1052,1094,1998,0,1000000,0,100116,899884
1053,1095,1671,0,1000000,0,121128,878872
1054,1096,2391,0,1000000,0,140663,859337
1055,1097,2235,0,1000000,0,143466,856534
1056,1098,1897,0,1000000,0,134312,865688
1057,1099,3233,0,1000000,0,154957,845043
1058,1100,1864,0,1000000,0,105271,894729
1059,1101,2773,0,1000000,0,150549,849451
1060,1102,2492,0,1000000,0,119332,880668
1061,1103,2593,0,1000000,0,117278,882722
1062,1104,1533,0,1000000,0,137484,862516
1063,1105,2646,0,1000000,0,135859,864141
1064,1106,2085,0,1000000,0,130437,869563
1065,1107,2678,0,1000000,0,118196,881804
1066,1108,2690,0,1000000,0,138259,861741
1067,1109,1902,0,1000000,0,122457,877543
1068,1110,3273,0,1000000,0,142384,857616
1069,1111,2599,0,1000000,0,153593,846407
1070,1112,2786,0,1000000,0,172246,827754
1071,1113,2584,0,1000000,0,116951,883049
1072,1114,2515,0,1000000,0,140689,859311
1073,1115,2514,0,1000000,0,135972,864028
1074,1116,2487,0,1000000,0,123257,876743
1075,1117,2984,0,1000000,0,160475,839525
1076,1118,2053,0,1000000,0,132924,867076
1077,1119,2780,0,1000000,0,130682,869318
1078,1120,2002,0,1000000,0,103512,896488
1079,1121,1996,0,1000000,0,109512,890488
1080,1122,2796,0,1000000,0,145595,854405
1081,1123,2402,0,1000000,0,117423,882577
1082,1124,1746,0,1000000,0,99852,900148
1083,1125,2573,0,1000000,0,169493,830507
1084,1126,2574,0,1000000,0,142062,857938
1085,1127,2162,0,1000000,0,108086,891914
1086,1128,2092,0,1000000,0,100688,899312
1087,1129,2139,0,1000000,0,121940,878060
1088,1130,2509,0,1000000,0,146182,853818
1089,1131,1796,0,1000000,0,154298,845702
1090,1132,2141,0,1000000,0,120988,879012
1091,1133,2645,0,1000000,0,105120,894880
1092,1134,2247,0,1000000,0,161337,838663
1093,1135,2042,0,1000000,0,130433,869567
1094,1136,2890,0,1000000,0,130125,869875
1095,1137,3090,0,1000000,0,126288,873712
1096,1138,2013,0,1000000,0,113077,886923
1097,1139,2034,0,1000000,0,127798,872202
1098,1140,2843,0,1000000,0,166744,833256
1099,1141,1725,0,1000000,0,149764,850236
1100,1142,1681,0,1000000,0,117916,882084
1101,1143,1948,0,1000000,0,134430,865570
1102,1144,2334,0,1000000,0,108120,891880
1103,1145,1437,0,1000000,0,123602,876398
1104,1146,1896,0,1000000,0,111381,888619
1105,1147,2236,0,1000000,0,128810,871190
1106,1148,2727,0,1000000,0,184355,815645
1107,1149,1464,0,1000000,0,99640,900360
1108,1150,2170,0,1000000,0,135483,864517
1109,1151,2379,0,1000000,0,121839,878161
1110,1152,2374,0,1000000,0,162861,837139
1111,1153,2517,0,1000000,0,111568,888432
1112,1154,2725,0,1000000,0,132299,867701
1113,1155,2413,0,1000000,0,132404,867596
1114,1156,2325,0,1000000,0,107132,892868
1115,1157,2821,0,1000000,0,165732,834268
1116,1158,1661,0,1000000,0,141804,858196
1117,1159,2379,0,1000000,0,110803,889197
1118,1160,3525,0,1000000,0,180240,819760
1119,1161,2828,0,1000000,0,133536,866464
1120,1162,2101,0,1000000,0,112732,887268
1121,1163,2163,0,1000000,0,127406,872594
1122,1164,1557,0,1000000,0,128539,871461
1123,1165,1985,0,1000000,0,120566,879434
1124,1166,2571,0,1000000,0,125243,874757
1125,1167,1966,0,1000000,0,153678,846322
1126,1168,2599,0,1000000,0,157761,842239
1127,1169,1392,0,1000000,0,106272,893728
1128,1170,2847,0,1000000,0,142323,857677
1129,1171,1776,0,1000000,0,145756,854244
1130,1172,1684,0,1000000,0,135165,864835
1131,1173,2862,0,1000000,0,120238,879762
1132,1174,2574,0,1000000,0,162126,837874
1133,1175,2389,0,1000000,0,165755,834245
1134,1176,2334,0,1000000,0,140980,859020
1135,1177,2151,0,1000000,0,131879,868121
1136,1178,2112,0,1000000,0,135703,864297
1137,1179,1309,0,1000000,0,141030,858970
1138,1180,2324,0,1000000,0,136853,863147
1139,1181,1322,0,1000000,0,124419,875581
1140,1182,1716,0,1000000,0,120525,879475
1141,1183,2348,0,1000000,0,137695,862305
1142,1184,2293,0,1000000,0,124317,875683
1143,1185,2346,0,1000000,0,133043,866957
1144,1186,1861,0,1000000,0,132509,867491
1145,1187,3124,0,1000000,0,133671,866329
1146,1188,3027,0,1000000,0,121791,878209
1147,1189,2139,0,1000000,0,126103,873897
1148,1190,2096,0,1000000,0,101043,898957
1149,1191,2467,0,1000000,0,112184,887816
1150,1192,2504,0,1000000,0,122745,877255
1151,1193,2254,0,1000000,0,103448,896552
1152,1194,2893,0,1000000,0,129437,870563
1153,1195,2473,0,1000000,0,125406,874594
1154,1196,1741,0,1000000,0,134183,865817
1155,1197,1882,0,1000000,0,141712,858288
1156,1198,2544,0,1000000,0,161314,838686
1157,1199,2918,0,1000000,0,151897,848103
1158,1200,3048,0,1000000,0,161819,838181
1159,1201,2088,0,1000000,0,128347,871653
1160,1202,1366,0,1000000,0,129311,870689
1161,1203,2016,0,1000000,0,150414,849586
1162,1204,3242,0,1000000,0,147373,852627
1163,1205,2549,0,1000000,0,139851,860149
1164,1206,2275,0,1000000,0,123462,876538
1165,1207,2340,0,1000000,0,134585,865415
1166,1208,1495,0,1000000,0,133645,866355
1167,1209,2214,0,1000000,0,117778,882222
1168,1210,2370,0,1000000,0,141814,858186
1169,1211,1809,0,1000000,0,137291,862709
1170,1212,2480,0,1000000,0,161895,838105
1171,1213,2937,0,1000000,0,167614,832386
1172,1214,1500,0,1000000,0,109046,890954
1173,1215,2891,0,1000000,0,137584,862416
1174,1216,2344,0,1000000,0,111253,888747
1175,1217,2261,0,1000000,0,126506,873494
1176,1218,1756,0,1000000,0,141019,858981
1177,1219,1205,0,1000000,0,129224,870776
1178,1220,1723,0,1000000,0,114393,885607
1179,1221,2242,0,1000000,0,133949,866051
1180,1222,2008,0,1000000,0,135306,864694
1181,1223,2360,0,1000000,0,153132,846868
1182,1224,2482,0,1000000,0,123871,876129
1183,1225,1531,0,1000000,0,79082,920918
1184,1226,1626,0,1000000,0,101704,898296
1185,1227,1912,0,1000000,0,107586,892414
1186,1228,3045,0,1000000,0,160325,839675
1187,1229,1963,0,1000000,0,127050,872950
1188,1230,2206,0,1000000,0,147796,852204
1189,1231,1738,0,1000000,0,123106,876894
1190,1232,2710,0,1000000,0,145559,854441
1191,1233,2528,0,1000000,0,140927,859073
1192,1234,2023,0,1000000,0,140419,859581
1193,1235,2478,0,1000000,0,162548,837452
1194,1236,2718,0,1000000,0,151666,848334
1195,1237,2693,0,1000000,0,155087,844913
1196,1238,3546,0,1000000,0,136463,863537
1197,1239,2073,0,1000000,0,140189,859811
1198,1240,2160,0,1000000,0,152648,847352
1199,1241,2662,0,1000000,0,113898,886102
1200,1242,3128,0,1000000,0,147977,852023
1201,1243,2509,0,1000000,0,140775,859225
1202,1244,2420,0,1000000,0,147844,852156
1203,1245,2114,0,1000000,0,146453,853547
1204,1246,1925,0,1000000,0,126034,873966
1205,1247,3746,0,1000000,0,142560,857440
1206,1248,2418,0,1000000,0,157208,842792
1207,1249,2530,0,1000000,0,123468,876532
1208,1250,2602,0,1000000,0,128279,871721
1209,1251,2711,0,1000000,0,142901,857099
1210,1252,2494,0,1000000,0,121074,878926
1211,1253,2336,0,1000000,0,128269,871731
1212,1254,2395,0,1000000,0,153996,846004
1213,1255,2461,0,1000000,0,152209,847791
1214,1256,2553,0,1000000,0,128132,871868
1215,1257,3014,0,1000000,0,140578,859422
1216,1258,2935,0,1000000,0,142056,857944
1217,1259,2320,0,1000000,0,126941,873059
1218,1260,2348,0,1000000,0,125733,874267
1219,1261,1751,0,1000000,0,147413,852587
1220,1262,2707,0,1000000,0,147739,852261
1221,1263,2448,0,1000000,0,133154,866846
1222,1264,2941,0,1000000,0,128466,871534
1223,1265,1833,0,1000000,0,111371,888629
1224,1266,2164,0,1000000,0,98499,901501
1225,1267,2369,0,1000000,0,115920,884080
1226,1268,2163,0,1000000,0,147692,852308
1227,1269,2172,0,1000000,0,142737,857263
1228,1270,3408,0,1000000,0,143824,856176
1229,1271,2688,0,1000000,0,152992,847008
1230,1272,2050,0,1000000,0,144351,855649
1231,1273,1925,0,1000000,0,103491,896509
1232,1274,2317,0,1000000,0,123094,876906
1233,1275,1718,0,1000000,0,114072,885928
1234,1276,2472,0,1000000,0,142573,857427
1235,1277,3019,0,1000000,0,167372,832628
1236,1278,2857,0,1000000,0,150292,849708
1237,1279,2496,0,1000000,0,141368,858632
1238,1280,2444,0,1000000,0,127444,872556
1239,1281,2606,0,1000000,0,161333,838667
1240,1282,2502,0,1000000,0,135848,864152
1241,1283,2775,0,1000000,0,150442,849558
1242,1284,2995,0,1000000,0,141916,858084
1243,1285,1927,0,1000000,0,170427,829573
1244,1286,2991,0,1000000,0,152325,847675
1245,1287,2394,0,1000000,0,128099,871901
1246,1288,2408,0,1000000,0,139158,860842
1247,1289,1226,0,1000000,0,99133,900867
1248,1290,2047,0,1000000,0,125223,874777
1249,1291,2740,0,1000000,0,113066,886934
1250,1292,1914,0,1000000,0,154698,845302
1251,1293,2738,0,1000000,0,169944,830056
1252,1294,2277,0,1000000,0,116718,883282
1253,1295,2269,0,1000000,0,136491,863509
1254,1296,1905,0,1000000,0,147746,852254
1255,1297,2506,0,1000000,0,114547,885453
1256,1298,2704,0,1000000,0,136406,863594
1257,1299,2146,0,1000000,0,109587,890413
1258,1300,1884,0,1000000,0,136057,863943
1259,1301,2488,0,1000000,0,130660,869340
1260,1302,2592,0,1000000,0,131628,868372
1261,1303,2257,0,1000000,0,113800,886200
1262,1304,2117,0,1000000,0,160075,839925
1263,1305,1658,0,1000000,0,141225,858775
1264,1306,2020,0,1000000,0,140432,859568
1265,1307,2760,0,1000000,0,143596,856404
1266,1308,2062,0,1000000,0,130639,869361
1267,1309,2638,0,1000000,0,145083,854917
1268,1310,2014,0,1000000,0,117234,882766
1269,1311,2241,0,1000000,0,147241,852759
1270,1312,2740,0,1000000,0,132903,867097
1271,1313,2569,0,1000000,0,117388,882612
1272,1314,2074,0,1000000,0,128057,871943
1273,1315,2953,0,1000000,0,106335,893665
1274,1316,1569,0,1000000,0,93381,906619
1275,1317,2645,0,1000000,0,138229,861771
1276,1318,2208,0,1000000,0,124652,875348
1277,1319,2164,0,1000000,0,118891,881109
1278,1320,2477,0,1000000,0,145169,854831
1279,1321,1998,0,1000000,0,143324,856676
1280,1322,2137,0,1000000,0,124632,875368
1281,1323,2710,0,1000000,0,122237,877763
1282,1324,2728,0,1000000,0,158261,841739
1283,1325,2066,0,1000000,0,122334,877666
1284,1326,2677,0,1000000,0,118610,881390
1285,1327,2160,0,1000000,0,139626,860374
1286,1328,2394,0,1000000,0,112365,887635
1287,1329,2398,0,1000000,0,140017,859983
1288,1330,3068,0,1000000,0,153163,846837
1289,1331,1713,0,1000000,0,118523,881477
1290,1332,2892,0,1000000,0,165970,834030
1291,1333,2156,0,1000000,0,136411,863589
1292,1334,2796,0,1000000,0,135791,864209
1293,1335,2849,0,1000000,0,141551,858449
1294,1336,1833,0,1000000,0,121746,878254
1295,1337,1757,0,1000000,0,144979,855021
1296,1338,1847,0,1000000,0,101207,898793
1297,1339,2440,0,1000000,0,155134,844866
1298,1340,2179,0,1000000,0,140873,859127
1299,1341,2566,0,1000000,0,119450,880550
1300,1342,3011,0,1000000,0,138897,861103
1301,1343,2720,0,1000000,0,135084,864916
1302,1344,2522,0,1000000,0,114146,885854
1303,1345,1725,0,1000000,0,142674,857326
1304,1346,2355,0,1000000,0,151202,848798
1305,1347,2045,0,1000000,0,168341,831659
1306,1348,2092,0,1000000,0,100689,899311
1307,1349,2748,0,1000000,0,135352,864648
1308,1350,2366,0,1000000,0,130143,869857
1309,1351,2702,0,1000000,0,131212,868788
1310,1352,1429,0,1000000,0,100913,899087
1311,1353,2723,0,1000000,0,127135,872865
1312,1354,2405,0,1000000,0,128470,871530
1313,1355,2370,0,1000000,0,127001,872999
1314,1356,2715,0,1000000,0,177646,822354
1315,1357,2697,0,1000000,0,156077,843923
1316,1358,2467,0,1000000,0,136143,863857
1317,1359,2603,0,1000000,0,129142,870858
1318,1360,2757,0,1000000,0,174996,825004
1319,1361,2399,0,1000000,0,162756,837244
1320,1362,2966,0,1000000,0,126197,873803
1321,1363,2106,0,1000000,0,135246,864754
1322,1364,2248,0,1000000,0,111322,888678
1323,1365,1793,0,1000000,0,119245,880755
1324,1366,2156,0,1000000,0,141549,858451
1325,1367,2171,0,1000000,0,132697,867303
1326,1368,2892,0,1000000,0,151000,849000
1327,1369,2840,0,1000000,0,170133,829867
1328,1370,2440,0,1000000,0,117261,882739
1329,1371,2477,0,1000000,0,144184,855816
1330,1372,2086,0,1000000,0,129364,870636
1331,1373,2078,0,1000000,0,142332,857668
1332,1374,2167,0,1000000,0,138157,861843
1333,1375,1705,0,1000000,0,119743,880257
1334,1376,2794,0,1000000,0,156794,843206
1335,1377,1697,0,1000000,0,112759,887241
1336,1378,2286,0,1000000,0,129980,870020
1337,1379,1741,0,1000000,0,121527,878473
1338,1380,2617,0,1000000,0,127377,872623
1339,1381,3162,0,1000000,0,158248,841752
1340,1382,2294,0,1000000,0,114120,885880
1341,1383,2110,0,1000000,0,142168,857832
1342,1384,2000,0,1000000,0,139806,860194
1343,1385,3268,0,1000000,0,171040,828960
1344,1386,1614,0,1000000,0,114004,885996
1345,1387,2843,0,1000000,0,138846,861154
1346,1388,3013,0,1000000,0,150936,849064
1347,1389,1973,0,1000000,0,129368,870632
1348,1390,2486,0,1000000,0,135267,864733
1349,1391,1993,0,1000000,0,101452,898548
1350,1392,3125,0,1000000,0,138917,861083
1351,1393,2856,0,1000000,0,163042,836958
1352,1394,2049,0,1000000,0,126801,873199
1353,1395,2309,0,1000000,0,98070,901930
1354,1396,2741,0,1000000,0,153402,846598
1355,1397,2417,0,1000000,0,122866,877134
1356,1398,2093,0,1000000,0,122804,877196
1357,1399,2927,0,1000000,0,160878,839122
1358,1400,2248,0,1000000,0,108192,891808
1359,1401,1689,0,1000000,0,129869,870131
1360,1402,1717,0,1000000,0,132205,867795
1361,1403,1843,0,1000000,0,90595,909405
1362,1404,1761,0,1000000,0,128046,871954
1363,1405,2198,0,1000000,0,119535,880465
1364,1406,2546,0,1000000,0,164000,836000
1365,1407,2815,0,1000000,0,116720,883280
1366,1408,1639,0,1000000,0,130729,869271
1367,1409,3258,0,1000000,0,135601,864399
1368,1410,1639,0,1000000,0,132120,867880
1369,1411,2906,0,1000000,0,129712,870288
1370,1412,2970,0,1000000,0,126089,873911
1371,1413,1988,0,1000000,0,117257,882743
1372,1414,2897,0,1000000,0,164215,835785
1373,1415,2911,0,1000000,0,153102,846898
1374,1416,2459,0,1000000,0,113407,886593
1375,1417,2131,0,1000000,0,134004,865996
1376,1418,2417,0,1000000,0,140072,859928
1377,1419,2545,0,1000000,0,110679,889321
1378,1420,1604,0,1000000,0,117190,882810
1379,1421,3246,0,1000000,0,120009,879991
1380,1422,2056,0,1000000,0,127339,872661
1381,1423,1784,0,1000000,0,131062,868938
1382,1424,2727,0,1000000,0,172962,827038
1383,1425,2642,0,1000000,0,136438,863562
1384,1426,2306,0,1000000,0,120290,879710
1385,1427,2486,0,1000000,0,167260,832740
1386,1428,3071,0,1000000,0,153425,846575
1387,1429,2345,0,1000000,0,126823,873177
1388,1430,1895,0,1000000,0,119113,880887
1389,1431,1891,0,1000000,0,100748,899252
1390,1432,2556,0,1000000,0,127427,872573
1391,1433,3142,0,1000000,0,183265,816735
1392,1434,2311,0,1000000,0,139005,860995
1393,1435,1983,0,1000000,0,84019,915981
1394,1436,2034,0,1000000,0,113406,886594
1395,1437,2911,0,1000000,0,125777,874223
1396,1438,2026,0,1000000,0,115717,884283
1397,1439,2888,0,1000000,0,120995,879005
1398,1440,2020,0,1000000,0,147031,852969
1399,1441,1983,0,1000000,0,110248,889752
1400,1442,1664,0,1000000,0,110088,889912
1401,1443,2696,0,1000000,0,135921,864079
1402,1444,2761,0,1000000,0,147366,852634
1403,1445,2302,0,1000000,0,116616,883384
1404,1446,1521,0,1000000,0,121266,878734
1405,1447,2557,0,1000000,0,114043,885957
1406,1448,2114,0,1000000,0,133105,866895
1407,1449,1628,0,1000000,0,98252,901748
1408,1450,2628,0,1000000,0,125040,874960
1409,1451,2186,0,1000000,0,146594,853406
1410,1452,1662,0,1000000,0,134277,865723
1411,1453,2179,0,1000000,0,154815,845185
1412,1454,2725,0,1000000,0,122300,877700
1413,1455,2546,0,1000000,0,132780,867220
1414,1456,1957,0,1000000,0,138902,861098
1415,1457,1982,0,1000000,0,145214,854786
1416,1458,2202,0,1000000,0,123086,876914
1417,1459,1983,0,1000000,0,116941,883059
1418,1460,2060,0,1000000,0,164555,835445
1419,1461,2523,0,1000000,0,134717,865283
1420,1462,2052,0,1000000,0,110745,889255
1421,1463,2241,0,1000000,0,129604,870396
1422,1464,2245,0,1000000,0,124810,875190
1423,1465,3034,0,1000000,0,156947,843053
1424,1466,2732,0,1000000,0,129132,870868
1425,1467,2889,0,1000000,0,148430,851570
1426,1468,2014,0,1000000,0,150488,849512
1427,1469,2579,0,1000000,0,157673,842327
1428,1470,2110,0,1000000,0,156187,843813
1429,1471,2506,0,1000000,0,98290,901710
1430,1472,1629,0,1000000,0,102647,897353
1431,1473,2389,0,1000000,0,119621,880379
1432,1474,1411,0,1000000,0,101891,898109
1433,1475,1973,0,1000000,0,128225,871775
1434,1476,3080,0,1000000,0,103678,896322
1435,1477,2098,0,1000000,0,131733,868267
1436,1478,1461,0,1000000,0,118312,881688
1437,1479,2807,0,1000000,0,133184,866816
1438,1480,2534,0,1000000,0,126032,873968
1439,1481,2617,0,1000000,0,169215,830785
1440,1482,2057,0,1000000,0,122361,877639
1441,1483,1589,0,1000000,0,110515,889485
1442,1484,1730,0,1000000,0,93355,906645
1443,1485,2833,0,1000000,0,128934,871066
1444,1486,1694,0,1000000,0,115306,884694
1445,1487,2203,0,1000000,0,117411,882589
1446,1488,1960,0,1000000,0,108483,891517
1447,1489,2789,0,1000000,0,130419,869581
1448,1490,2756,0,1000000,0,136778,863222
1449,1491,2558,0,1000000,0,107725,892275
1450,1492,1864,0,1000000,0,128608,871392
1451,1493,2275,0,1000000,0,136771,863229
1452,1494,2755,0,1000000,0,158210,841790
1453,1495,2597,0,1000000,0,133612,866388
1454,1496,2491,0,1000000,0,148870,851130
1455,1497,2589,0,1000000,0,145748,854252
1456,1498,2321,0,1000000,0,127032,872968
1457,1499,2094,0,1000000,0,134739,865261
1458,1500,2173,0,1000000,0,131277,868723
1459,1501,2074,0,1000000,0,128529,871471
1460,1502,3693,0,1000000,0,169670,830330
1461,1503,2673,0,1000000,0,195159,804841
1462,1504,2216,0,1000000,0,140979,859021
1463,1505,2165,0,1000000,0,131938,868062
1464,1506,2417,0,1000000,0,120171,879829
1465,1507,2857,0,1000000,0,162183,837817
1466,1508,1869,0,1000000,0,118478,881522
1467,1509,2649,0,1000000,0,162346,837654
1468,1510,1891,0,1000000,0,121957,878043
1469,1511,2821,0,1000000,0,130712,869288
1470,1512,2470,0,1000000,0,149458,850542
1471,1513,2438,0,1000000,0,117379,882621
1472,1514,2018,0,1000000,0,134086,865914
1473,1515,2103,0,1000000,0,137206,862794
1474,1516,1971,0,1000000,0,97232,902768
1475,1517,2233,0,1000000,0,139093,860907
1476,1518,3205,0,1000000,0,169297,830703
1477,1519,2297,0,1000000,0,140649,859351
1478,1520,2525,0,1000000,0,137094,862906
1479,1521,2038,0,1000000,0,164148,835852
1480,1522,2602,0,1000000,0,109440,890560
1481,1523,2336,0,1000000,0,139966,860034
1482,1524,2313,0,1000000,0,127084,872916
1483,1525,1708,0,1000000,0,138857,861143
1484,1526,2782,0,1000000,0,140271,859729
1485,1527,2634,0,1000000,0,137479,862521
1486,1528,1967,0,1000000,0,118920,881080
1487,1529,2138,0,1000000,0,127859,872141
1488,1530,2953,0,1000000,0,141612,858388
1489,1531,2255,0,1000000,0,129839,870161
1490,1532,2405,0,1000000,0,156578,843422
1491,1533,2468,0,1000000,0,141755,858245
1492,1534,2058,0,1000000,0,119817,880183
1493,1535,2045,0,1000000,0,136404,863596
1494,1536,1913,0,1000000,0,131527,868473
1495,1537,1868,0,1000000,0,140774,859226
1496,1538,1802,0,1000000,0,125544,874456
1497,1539,2564,0,1000000,0,120664,879336
1498,1540,2448,0,1000000,0,105795,894205
1499,1541,1861,0,1000000,0,155511,844489
1500,1542,2731,0,1000000,0,155081,844919
1501,1543,3049,0,1000000,0,136493,863507
1502,1544,1709,0,1000000,0,149971,850029
1503,1545,2219,0,1000000,0,112830,887170
1504,1546,2215,0,1000000,0,106873,893127
1505,1547,2715,0,1000000,0,140385,859615
1506,1548,2832,0,1000000,0,149258,850742
1507,1549,1681,0,1000000,0,116206,883794
1508,1550,2592,0,1000000,0,108070,891930
1509,1551,2017,0,1000000,0,142448,857552
1510,1552,1482,0,1000000,0,119557,880443
1511,1553,2782,0,1000000,0,142820,857180
1512,1554,2659,0,1000000,0,150309,849691
1513,1555,2746,0,1000000,0,166486,833514
1514,1556,1813,0,1000000,0,145462,854538
1515,1557,2214,0,1000000,0,141947,858053
1516,1558,2316,0,1000000,0,149511,850489
1517,1559,2446,0,1000000,0,108734,891266
1518,1560,2369,0,1000000,0,155007,844993
1519,1561,2629,0,1000000,0,170830,829170
1520,1562,1814,0,1000000,0,106752,893248
1521,1563,2270,0,1000000,0,127506,872494
1522,1564,1275,0,1000000,0,119549,880451
1523,1565,1983,0,1000000,0,126952,873048
1524,1566,2618,0,1000000,0,165566,834434
1525,1567,1868,0,1000000,0,89161,910839
1526,1568,1844,0,1000000,0,132073,867927
1527,1569,1976,0,1000000,0,127110,872890
1528,1570,2654,0,1000000,0,146001,853999
1529,1571,2812,0,1000000,0,134523,865477
1530,1572,2455,0,1000000,0,140489,859511
1531,1573,2218,0,1000000,0,165930,834070
1532,1574,2780,0,1000000,0,125379,874621
1533,1575,2043,0,1000000,0,136661,863339
1534,1576,1549,0,1000000,0,131141,868859
1535,1577,1153,0,1000000,0,105826,894174
1536,1578,1602,0,1000000,0,102077,897923
1537,1579,2069,0,1000000,0,118295,881705
1538,1580,2922,0,1000000,0,157234,842766
1539,1581,2795,0,1000000,0,143103,856897
1540,1582,2411,0,1000000,0,142759,857241
1541,1583,1772,0,1000000,0,125499,874501
1542,1584,2520,0,1000000,0,116211,883789
1543,1585,3047,0,1000000,0,132715,867285
1544,1586,2168,0,1000000,0,139105,860895
1545,1587,2088,0,1000000,0,137117,862883
1546,1588,2201,0,1000000,0,145190,854810
1547,1589,2028,0,1000000,0,140762,859238
1548,1590,1867,0,1000000,0,128647,871353
1549,1591,2138,0,1000000,0,140902,859098
1550,1592,2384,0,1000000,0,133981,866019
1551,1593,3336,0,1000000,0,140198,859802
1552,1594,2542,0,1000000,0,127430,872570
1553,1595,2933,0,1000000,0,123808,876192
1554,1596,2606,0,1000000,0,115321,884679
1555,1597,3781,0,1000000,0,157607,842393
1556,1598,2649,0,1000000,0,150029,849971
1557,1599,2473,0,1000000,0,164958,835042
1558,1600,2334,0,1000000,0,137740,862260
1559,1601,1901,0,1000000,0,122290,877710
1560,1602,1376,0,1000000,0,127315,872685
1561,1603,2563,0,1000000,0,116675,883325
1562,1604,2215,0,1000000,0,101516,898484
1563,1605,1984,0,1000000,0,122882,877118
1564,1606,2275,0,1000000,0,128972,871028
1565,1607,1812,0,1000000,0,127300,872700
1566,1608,2182,0,1000000,0,123838,876162
1567,1609,3371,0,1000000,0,139273,860727
1568,1610,3057,0,1000000,0,115691,884309
1569,1611,2880,0,1000000,0,180748,819252
1570,1612,3413,0,1000000,0,180270,819730
1571,1613,2929,0,1000000,0,121107,878893
1572,1614,2528,0,1000000,0,158112,841888
1573,1615,1188,0,1000000,0,112272,887728
1574,1616,2730,0,1000000,0,113860,886140
1575,1617,1916,0,1000000,0,140965,859035
1576,1618,2294,0,1000000,0,108762,891238
1577,1619,2981,0,1000000,0,170436,829564
1578,1620,2007,0,1000000,0,123704,876296
1579,1621,2062,0,1000000,0,123481,876519
1580,1622,2550,0,1000000,0,122025,877975
1581,1623,1379,0,1000000,0,100162,899838
1582,1624,2108,0,1000000,0,124206,875794
1583,1625,2587,0,1000000,0,140690,859310
1584,1626,2656,0,1000000,0,147113,852887
1585,1627,2400,0,1000000,0,153673,846327
1586,1628,2169,0,1000000,0,169088,830912
1587,1629,2234,0,1000000,0,123227,876773
1588,1630,3063,0,1000000,0,152722,847278
1589,1631,1915,0,1000000,0,103892,896108
1590,1632,1414,0,1000000,0,110494,889506
1591,1633,2691,0,1000000,0,155247,844753
1592,1634,1921,0,1000000,0,114082,885918
1593,1635,2527,0,1000000,0,130064,869936
1594,1636,2400,0,1000000,0,166341,833659
1595,1637,2515,0,1000000,0,140426,859574
1596,1638,2214,0,1000000,0,106143,893857
1597,1639,2672,0,1000000,0,135900,864100
1598,1640,2799,0,1000000,0,128122,871878
1599,1641,1976,0,1000000,0,141857,858143
1600,1642,2619,0,1000000,0,175564,824436
1601,1643,1647,0,1000000,0,118903,881097
1602,1644,2246,0,1000000,0,113990,886010
1603,1645,2304,0,1000000,0,119748,880252
1604,1646,2863,0,1000000,0,132423,867577
1605,1647,2078,0,1000000,0,146989,853011
1606,1648,3161,0,1000000,0,152672,847328
1607,1649,2603,0,1000000,0,137003,862997
1608,1650,1700,0,1000000,0,101955,898045
1609,1651,2618,0,1000000,0,149414,850586
1610,1652,1674,0,1000000,0,103420,896580
1611,1653,2681,0,1000000,0,170807,829193
1612,1654,1670,0,1000000,0,128600,871400
1613,1655,2005,0,1000000,0,103042,896958
1614,1656,1920,0,1000000,0,138837,861163
1615,1657,2057,0,1000000,0,130208,869792
1616,1658,2080,0,1000000,0,131786,868214
1617,1659,2628,0,1000000,0,159647,840353
1618,1660,2137,0,1000000,0,145175,854825
1619,1661,3012,0,1000000,0,145814,854186
1620,1662,2630,0,1000000,0,145941,854059
1621,1663,2329,0,1000000,0,151976,848024
1622,1664,2125,0,1000000,0,115311,884689
1623,1665,2035,0,1000000,0,112204,887796
1624,1666,1961,0,1000000,0,126634,873366
1625,1667,2486,0,1000000,0,131123,868877
1626,1668,2006,0,1000000,0,90667,909333
1627,1669,2492,0,1000000,0,157658,842342
1628,1670,1999,0,1000000,0,124667,875333
1629,1671,2378,0,1000000,0,126761,873239
1630,1672,2347,0,1000000,0,121853,878147
1631,1673,2540,0,1000000,0,125646,874354
1632,1674,2860,0,1000000,0,164757,835243
1633,1675,2393,0,1000000,0,122392,877608
1634,1676,2143,0,1000000,0,116340,883660
1635,1677,2620,0,1000000,0,120577,879423
1636,1678,2599,0,1000000,0,125499,874501
1637,1679,2329,0,1000000,0,126300,873700
1638,1680,2161,0,1000000,0,116572,883428
1639,1681,2478,0,1000000,0,131077,868923
1640,1682,1036,0,1000000,0,98582,901418
1641,1683,2214,0,1000000,0,151230,848770
1642,1684,2298,0,1000000,0,169882,830118
1643,1685,2155,0,1000000,0,127897,872103
1644,1686,1647,0,1000000,0,131303,868697
1645,1687,2135,0,1000000,0,130837,869163
1646,1688,2231,0,1000000,0,127118,872882
1647,1689,3075,0,1000000,0,141959,858041
1648,1690,2636,0,1000000,0,123883,876117
1649,1691,2269,0,1000000,0,106442,893558
1650,1692,2012,0,1000000,0,94512,905488
1651,1693,3123,0,1000000,0,148793,851207
1652,1694,2330,0,1000000,0,142701,857299
1653,1695,2906,0,1000000,0,143869,856131
1654,1696,2517,0,1000000,0,158590,841410
1655,1697,1332,0,1000000,0,103730,896270
1656,1698,2263,0,1000000,0,146605,853395
1657,1699,2145,0,1000000,0,162893,837107
1658,1700,1806,0,1000000,0,147527,852473
1659,1701,2425,0,1000000,0,137143,862857
1660,1702,2121,0,1000000,0,138689,861311
1661,1703,2836,0,1000000,0,145376,854624
1662,1704,2232,0,1000000,0,125206,874794
1663,1705,2114,0,1000000,0,125355,874645
1664,1706,2483,0,1000000,0,128544,871456
1665,1707,2551,0,1000000,0,107921,892079
1666,1708,2532,0,1000000,0,136745,863255
1667,1709,1969,0,1000000,0,142984,857016
1668,1710,2572,0,1000000,0,122448,877552
1669,1711,2299,0,1000000,0,142468,857532
1670,1712,1875,0,1000000,0,114691,885309
1671,1713,2410,0,1000000,0,118207,881793
1672,1714,2050,0,1000000,0,134918,865082
1673,1715,2372,0,1000000,0,124355,875645
1674,1716,2621,0,1000000,0,129927,870073
1675,1717,1855,0,1000000,0,110136,889864
1676,1718,1693,0,1000000,0,137098,862902
1677,1719,1553,0,1000000,0,126733,873267
1678,1720,2404,0,1000000,0,125004,874996
1679,1721,3428,0,1000000,0,165171,834829
1680,1722,1910,0,1000000,0,120489,879511
1681,1723,1983,0,1000000,0,109526,890474
1682,1724,1825,0,1000000,0,112915,887085
1683,1725,2145,0,1000000,0,128543,871457
1684,1726,2274,0,1000000,0,154359,845641
1685,1727,3006,0,1000000,0,148062,851938
1686,1728,3072,0,1000000,0,134212,865788
1687,1729,3095,0,1000000,0,178937,821063
1688,1730,1963,0,1000000,0,110886,889114
1689,1731,3188,0,1000000,0,168528,831472
1690,1732,2678,0,1000000,0,131149,868851
1691,1733,1770,0,1000000,0,148186,851814
1692,1734,2286,0,1000000,0,137284,862716
1693,1735,2678,0,1000000,0,134756,865244
1694,1736,2086,0,1000000,0,148306,851694
1695,1737,2420,0,1000000,0,136756,863244
1696,1738,2119,0,1000000,0,129037,870963
1697,1739,2801,0,1000000,0,151258,848742
1698,1740,2874,0,1000000,0,141716,858284
1699,1741,2453,0,1000000,0,128239,871761
1700,1742,2409,0,1000000,0,127739,872261
1701,1743,1797,0,1000000,0,109858,890142
1702,1744,2238,0,1000000,0,136720,863280
1703,1745,3015,0,1000000,0,191738,808262
1704,1746,2747,0,1000000,0,147048,852952
1705,1747,2205,0,1000000,0,145369,854631
1706,1748,2322,0,1000000,0,121033,878967
1707,1749,3558,0,1000000,0,163007,836993
1708,1750,2463,0,1000000,0,134905,865095
1709,1751,2754,0,1000000,0,181997,818003
1710,1752,1040,0,1000000,0,88073,911927
1711,1753,2656,0,1000000,0,152977,847023
1712,1754,2298,0,1000000,0,114791,885209
1713,1755,2185,0,1000000,0,145229,854771
1714,1756,2767,0,1000000,0,156557,843443
1715,1757,2176,0,1000000,0,105785,894215
1716,1758,2339,0,1000000,0,123837,876163
1717,1759,3645,0,1000000,0,130740,869260
1718,1760,2259,0,1000000,0,120304,879696
1719,1761,2031,0,1000000,0,131111,868889
1720,1762,2181,0,1000000,0,131780,868220
1721,1763,1854,0,1000000,0,143381,856619
1722,1764,1783,0,1000000,0,119448,880552
1723,1765,1838,0,1000000,0,129032,870968
1724,1766,2710,0,1000000,0,151487,848513
1725,1767,2369,0,1000000,0,183651,816349
1726,1768,1689,0,1000000,0,133229,866771
1727,1769,2076,0,1000000,0,104030,895970
1728,1770,2166,0,1000000,0,148066,851934
1729,1771,2095,0,1000000,0,140709,859291
1730,1772,2881,0,1000000,0,146335,853665
1731,1773,2124,0,1000000,0,143485,856515
1732,1774,2921,0,1000000,0,100110,899890
1733,1775,2199,0,1000000,0,160854,839146
1734,1776,1509,0,1000000,0,105995,894005
1735,1777,2589,0,1000000,0,160812,839188
1736,1778,1567,0,1000000,0,117643,882357
1737,1779,3157,0,1000000,0,144162,855838
1738,1780,2386,0,1000000,0,124386,875614
1739,1781,2082,0,1000000,0,113603,886397
1740,1782,2369,0,1000000,0,117956,882044
1741,1783,2486,0,1000000,0,138854,861146
1742,1784,1998,0,1000000,0,126490,873510
1743,1785,2850,0,1000000,0,127344,872656
1744,1786,1667,0,1000000,0,121242,878758
1745,1787,2801,0,1000000,0,142249,857751
1746,1788,2569,0,1000000,0,136408,863592
1747,1789,2209,0,1000000,0,159419,840581
1748,1790,2013,0,1000000,0,150770,849230
1749,1791,1563,0,1000000,0,122445,877555
1750,1792,2651,0,1000000,0,118341,881659
1751,1793,1973,0,1000000,0,114851,885149
1752,1794,2145,0,1000000,0,126709,873291
1753,1795,2436,0,1000000,0,141332,858668
1754,1796,1417,0,1000000,0,147603,852397
1755,1797,2246,0,1000000,0,141176,858824
1756,1798,2389,0,1000000,0,168760,831240
1757,1799,2907,0,1000000,0,121721,878279
1758,1800,2530,0,1000000,0,98568,901432
1759,1801,2722,0,1000000,0,115829,884171
1760,1802,2300,0,1000000,0,157218,842782
1761,1803,2092,0,1000000,0,100229,899771
1762,1804,2173,0,1000000,0,130558,869442
1763,1805,2494,0,1000000,0,142258,857742
1764,1806,1896,0,1000000,0,125039,874961
1765,1807,1476,0,1000000,0,89811,910189
1766,1808,1942,0,1000000,0,119003,880997
1767,1809,2461,0,1000000,0,106734,893266
1768,1810,1932,0,1000000,0,143784,856216
1769,1811,1725,0,1000000,0,103397,896603
1770,1812,3264,0,1000000,0,124961,875039
1771,1813,1748,0,1000000,0,132448,867552
1772,1814,3027,0,1000000,0,134444,865556
1773,1815,1390,0,1000000,0,101003,898997
1774,1816,1966,0,1000000,0,114304,885696
1775,1817,2453,0,1000000,0,123694,876306
1776,1818,2316,0,1000000,0,132353,867647
1777,1819,2411,0,1000000,0,150014,849986
1778,1820,2447,0,1000000,0,140007,859993
1779,1821,2426,0,1000000,0,150033,849967
1780,1822,2308,0,1000000,0,124131,875869
1781,1823,2122,0,1000000,0,123622,876378
1782,1824,1696,0,1000000,0,113349,886651
1783,1825,3753,0,1000000,0,183265,816735
1784,1826,2026,0,1000000,0,106977,893023
1785,1827,2660,0,1000000,0,131297,868703
1786,1828,2836,0,1000000,0,129250,870750
1787,1829,2071,0,1000000,0,139844,860156
1788,1830,1837,0,1000000,0,140952,859048
1789,1831,2976,0,1000000,0,145484,854516
1790,1832,1890,0,1000000,0,104538,895462
1791,1833,2345,0,1000000,0,135202,864798
1792,1834,2803,0,1000000,0,157689,842311
1793,1835,2279,0,1000000,0,132655,867345
1794,1836,2311,0,1000000,0,134377,865623
1795,1837,2276,0,1000000,0,133414,866586
1796,1838,1691,0,1000000,0,126129,873871
1797,1839,1788,0,1000000,0,104407,895593
1798,1840,2265,0,1000000,0,140657,859343
1799,1841,1119,0,1000000,0,111095,888905
1800,1842,2988,0,1000000,0,145172,854828
1801,1843,2537,0,1000000,0,137267,862733
1802,1844,1704,0,1000000,0,119652,880348
1803,1845,1711,0,1000000,0,127409,872591
1804,1846,2237,0,1000000,0,144728,855272
1805,1847,1760,0,1000000,0,113299,886701
1806,1848,2513,0,1000000,0,125918,874082
1807,1849,2167,0,1000000,0,126495,873505
1808,1850,2325,0,1000000,0,145440,854560
1809,1851,2836,0,1000000,0,153328,846672
1810,1852,2008,0,1000000,0,106586,893414
1811,1853,2427,0,1000000,0,159948,840052
1812,1854,2204,0,1000000,0,134051,865949
1813,1855,1859,0,1000000,0,103720,896280
1814,1856,2414,0,1000000,0,148861,851139
1815,1857,2682,0,1000000,0,157281,842719
1816,1858,1596,0,1000000,0,108748,891252
1817,1859,2742,0,1000000,0,149425,850575
1818,1860,2470,0,1000000,0,115490,884510
1819,1861,2996,0,1000000,0,130520,869480
1820,1862,2575,0,1000000,0,147412,852588
1821,1863,2023,0,1000000,0,135164,864836
1822,1864,1722,0,1000000,0,98168,901832
1823,1865,1926,0,1000000,0,104959,895041
1824,1866,2250,0,1000000,0,119076,880924
1825,1867,1659,0,1000000,0,105436,894564
1826,1868,1978,0,1000000,0,97156,902844
1827,1869,2243,0,1000000,0,120799,879201
1828,1870,2005,0,1000000,0,109289,890711
1829,1871,2546,0,1000000,0,143122,856878
1830,1872,1695,0,1000000,0,112438,887562
1831,1873,1916,0,1000000,0,119179,880821
1832,1874,1526,0,1000000,0,113806,886194
1833,1875,1910,0,1000000,0,108755,891245
1834,1876,1846,0,1000000,0,125367,874633
1835,1877,1953,0,1000000,0,141444,858556
1836,1878,2660,0,1000000,0,128585,871415
1837,1879,2116,0,1000000,0,131404,868596
1838,1880,2519,0,1000000,0,120472,879528
1839,1881,2453,0,1000000,0,128810,871190
1840,1882,2958,0,1000000,0,143634,856366
1841,1883,1922,0,1000000,0,107586,892414
1842,1884,2945,0,1000000,0,144604,855396
1843,1885,2628,0,1000000,0,134069,865931
1844,1886,2285,0,1000000,0,115058,884942
1845,1887,1953,0,1000000,0,113421,886579
1846,1888,2448,0,1000000,0,124737,875263
1847,1889,2367,0,1000000,0,92356,907644
1848,1890,2157,0,1000000,0,121982,878018
1849,1891,2355,0,1000000,0,116712,883288
1850,1892,2442,0,1000000,0,145913,854087
1851,1893,2405,0,1000000,0,141663,858337
1852,1894,2397,0,1000000,0,113384,886616
1853,1895,2159,0,1000000,0,117887,882113
1854,1896,1869,0,1000000,0,137294,862706
1855,1897,1738,0,1000000,0,131571,868429
1856,1898,2732,0,1000000,0,163797,836203
1857,1899,2730,0,1000000,0,137373,862627
1858,1900,1630,0,1000000,0,137141,862859
1859,1901,2896,0,1000000,0,165933,834067
1860,1902,3235,0,1000000,0,150748,849252
1861,1903,2287,0,1000000,0,131162,868838
1862,1904,2408,0,1000000,0,136376,863624
1863,1905,2575,0,1000000,0,120920,879080
1864,1906,3041,0,1000000,0,148876,851124
1865,1907,2582,0,1000000,0,141510,858490
1866,1908,1610,0,1000000,0,130571,869429
1867,1909,1991,0,1000000,0,136480,863520
1868,1910,2135,0,1000000,0,145866,854134
1869,1911,2607,0,1000000,0,128478,871522
1870,1912,2230,0,1000000,0,124103,875897
1871,1913,2054,0,1000000,0,107902,892098
1872,1914,1976,0,1000000,0,132373,867627
1873,1915,2865,0,1000000,0,145301,854699
1874,1916,2099,0,1000000,0,110663,889337
1875,1917,2386,0,1000000,0,160547,839453
1876,1918,2560,0,1000000,0,129734,870266
1877,1919,2052,0,1000000,0,123033,876967
1878,1920,1935,0,1000000,0,112667,887333
1879,1921,1987,0,1000000,0,134795,865205
1880,1922,1717,0,1000000,0,125283,874717
1881,1923,2592,0,1000000,0,141067,858933
1882,1924,2558,0,1000000,0,121676,878324
1883,1925,2759,0,1000000,0,153996,846004
1884,1926,2187,0,1000000,0,112980,887020
1885,1927,2710,0,1000000,0,124431,875569
1886,1928,2726,0,1000000,0,137350,862650
1887,1929,2769,0,1000000,0,126576,873424
1888,1930,2331,0,1000000,0,107312,892688
1889,1931,2616,0,1000000,0,106001,893999
1890,1932,1478,0,1000000,0,126008,873992
1891,1933,2466,0,1000000,0,120956,879044
1892,1934,2022,0,1000000,0,139379,860621
1893,1935,2101,0,1000000,0,125793,874207
1894,1936,3263,0,1000000,0,157375,842625
1895,1937,2325,0,1000000,0,124500,875500
1896,1938,2246,0,1000000,0,129084,870916
1897,1939,2017,0,1000000,0,105537,894463
1898,1940,2256,0,1000000,0,137688,862312
1899,1941,2949,0,1000000,0,133673,866327
1900,1942,2138,0,1000000,0,149274,850726
1901,1943,2285,0,1000000,0,137774,862226
1902,1944,2605,0,1000000,0,163078,836922
1903,1945,1636,0,1000000,0,102831,897169
1904,1946,2358,0,1000000,0,148156,851844
1905,1947,2074,0,1000000,0,101189,898811
1906,1948,2147,0,1000000,0,132289,867711
1907,1949,1538,0,1000000,0,130942,869058
1908,1950,2156,0,1000000,0,122332,877668
1909,1951,2236,0,1000000,0,134889,865111
1910,1952,2685,0,1000000,0,163585,836415
1911,1953,1970,0,1000000,0,137308,862692
1912,1954,2374,0,1000000,0,129995,870005
1913,1955,1999,0,1000000,0,102612,897388
1914,1956,2179,0,1000000,0,126601,873399
1915,1957,2136,0,1000000,0,144415,855585
1916,1958,2995,0,1000000,0,144355,855645
1917,1959,2006,0,1000000,0,127075,872925
1918,1960,2305,0,1000000,0,94208,905792
1919,1961,1743,0,1000000,0,143340,856660
1920,1962,2295,0,1000000,0,125916,874084
1921,1963,2206,0,1000000,0,161267,838733
1922,1964,3243,0,1000000,0,152611,847389
1923,1965,2397,0,1000000,0,158561,841439
1924,1966,1237,0,1000000,0,110636,889364
1925,1967,2093,0,1000000,0,141159,858841
1926,1968,2707,0,1000000,0,147440,852560
1927,1969,2217,0,1000000,0,130934,869066
1928,1970,2135,0,1000000,0,106984,893016
1929,1971,2231,0,1000000,0,122078,877922
1930,1972,2106,0,1000000,0,138789,861211
1931,1973,2228,0,1000000,0,132825,867175
1932,1974,2444,0,1000000,0,134275,865725
1933,1975,2921,0,1000000,0,136742,863258
1934,1976,2691,0,1000000,0,142821,857179
1935,1977,2168,0,1000000,0,140245,859755
1936,1978,2374,0,1000000,0,146428,853572
1937,1979,1369,0,1000000,0,106417,893583
1938,1980,2724,0,1000000,0,164387,835613
1939,1981,1972,0,1000000,0,129582,870418
1940,1982,1736,0,1000000,0,128592,871408
1941,1983,2203,0,1000000,0,139659,860341
1942,1984,2121,0,1000000,0,131014,868986
1943,1985,2302,0,1000000,0,125792,874208
1944,1986,2081,0,1000000,0,142741,857259
1945,1987,2477,0,1000000,0,109297,890703
1946,1988,1755,0,1000000,0,137330,862670
1947,1989,2704,0,1000000,0,141521,858479
1948,1990,2047,0,1000000,0,138365,861635
1949,1991,2600,0,1000000,0,125171,874829
1950,1992,1956,0,1000000,0,160925,839075
1951,1993,2586,0,1000000,0,166322,833678
1952,1994,2014,0,1000000,0,127274,872726
1953,1995,1613,0,1000000,0,117525,882475
1954,1996,1710,0,1000000,0,106475,893525
1955,1997,2046,0,1000000,0,94592,905408
1956,1998,2127,0,1000000,0,106861,893139
1957,1999,2727,0,1000000,0,117987,882013
1958,2000,2949,0,1000000,0,162178,837822
1959,2001,2585,0,1000000,0,124091,875909
1960,2002,2133,0,1000000,0,122470,877530
1961,2003,2482,0,1000000,0,132133,867867
1962,2004,2145,0,1000000,0,143652,856348
1963,2005,2382,0,1000000,0,158469,841531
1964,2006,2962,0,1000000,0,156607,843393
1965,2007,2402,0,1000000,0,123753,876247
1966,2008,2399,0,1000000,0,140327,859673
1967,2009,1384,0,1000000,0,123028,876972
1968,2010,3226,0,1000000,0,166891,833109
1969,2011,2144,0,1000000,0,131306,868694
1970,2012,1856,0,1000000,0,122635,877365
1971,2013,2003,0,1000000,0,90549,909451
1972,2014,2636,0,1000000,0,134835,865165
1973,2015,2537,0,1000000,0,126704,873296
1974,2016,2321,0,1000000,0,133046,866954
1975,2017,2494,0,1000000,0,163659,836341
1976,2018,1843,0,1000000,0,118037,881963
1977,2019,2191,0,1000000,0,137293,862707
1978,2020,2338,0,1000000,0,129375,870625
1979,2021,2346,0,1000000,0,123901,876099
1980,2022,2170,0,1000000,0,106175,893825
1981,2023,2050,0,1000000,0,150267,849733
1982,2024,2126,0,1000000,0,104423,895577
1983,2025,2117,0,1000000,0,125342,874658
1984,2026,1943,0,1000000,0,138147,861853
1985,2027,1942,0,1000000,0,137744,862256
1986,2028,2379,0,1000000,0,124614,875386
1987,2029,1824,0,1000000,0,118030,881970
1988,2030,2767,0,1000000,0,170783,829217
1989,2031,3061,0,1000000,0,108231,891769
1990,2032,3081,0,1000000,0,143950,856050
1991,2033,2099,0,1000000,0,125061,874939
1992,2034,2038,0,1000000,0,124436,875564
1993,2035,2732,0,1000000,0,143340,856660
1994,2036,1765,0,1000000,0,105733,894267
1995,2037,2536,0,1000000,0,129193,870807
1996,2038,2569,0,1000000,0,155503,844497
1997,2039,1960,0,1000000,0,117621,882379
1998,2040,2486,0,1000000,0,143858,856142
1999,2041,2486,0,1000000,0,143843,856157
2000,2042,2352,0,1000000,0,133395,866605
2001,2043,2561,0,1000000,0,116177,883823
2002,2044,2309,0,1000000,0,116611,883389
2003,2045,2634,0,1000000,0,114386,885614
2004,2046,2367,0,1000000,0,135574,864426
2005,2047,1426,0,1000000,0,121759,878241
2006,2048,1950,0,1000000,0,126769,873231
2007,2049,2165,0,1000000,0,143589,856411
2008,2050,2901,0,1000000,0,180577,819423
2009,2051,1534,0,1000000,0,107262,892738
2010,2052,1626,0,1000000,0,111117,888883
2011,2053,2400,0,1000000,0,135165,864835
2012,2054,1797,0,1000000,0,128862,871138
2013,2055,2000,0,1000000,0,121530,878470
2014,2056,2046,0,1000000,0,129194,870806
2015,2057,1811,0,1000000,0,105909,894091
2016,2058,2838,0,1000000,0,131402,868598
2017,2059,1981,0,1000000,0,121847,878153
2018,2060,1788,0,1000000,0,118930,881070
2019,2061,2544,0,1000000,0,138341,861659
2020,2062,1917,0,1000000,0,112414,887586
2021,2063,2306,0,1000000,0,133754,866246
2022,2064,1577,0,1000000,0,117314,882686
2023,2065,2706,0,1000000,0,119857,880143
2024,2066,1812,0,1000000,0,123052,876948
2025,2067,2540,0,1000000,0,141758,858242
2026,2068,2262,0,1000000,0,128161,871839
2027,2069,2031,0,1000000,0,131256,868744
2028,2070,1842,0,1000000,0,134994,865006
2029,2071,2066,0,1000000,0,136510,863490
2030,2072,1244,0,1000000,0,91944,908056
2031,2073,2187,0,1000000,0,112678,887322
2032,2074,1779,0,1000000,0,100550,899450
2033,2075,2952,0,1000000,0,162087,837913
2034,2076,2616,0,1000000,0,160455,839545
2035,2077,1903,0,1000000,0,134460,865540
2036,2078,2648,0,1000000,0,145986,854014
2037,2079,3429,0,1000000,0,145505,854495
2038,2080,2439,0,1000000,0,156272,843728
2039,2081,2110,0,1000000,0,104549,895451
2040,2082,1997,0,1000000,0,117702,882298
2041,2083,2422,0,1000000,0,127598,872402
2042,2084,2903,0,1000000,0,135569,864431
2043,2085,1832,0,1000000,0,132639,867361
2044,2086,2284,0,1000000,0,125430,874570
2045,2087,2220,0,1000000,0,113433,886567
2046,2088,1924,0,1000000,0,109960,890040
2047,2089,2772,0,1000000,0,141853,858147
2048,2090,1991,0,1000000,0,122019,877981
2049,2091,2743,0,1000000,0,108085,891915
2050,2092,2137,0,1000000,0,109562,890438
2051,2093,1505,0,1000000,0,109064,890936
2052,2094,2351,0,1000000,0,107987,892013
2053,2095,1995,0,1000000,0,110454,889546
2054,2096,2771,0,1000000,0,125482,874518
2055,2097,2410,0,1000000,0,145405,854595
2056,2098,2332,0,1000000,0,109197,890803
2057,2099,1406,0,1000000,0,119438,880562
2058,2100,2246,0,1000000,0,114165,885835
2059,2101,2225,0,1000000,0,124810,875190
2060,2102,1913,0,1000000,0,133039,866961
2061,2103,2200,0,1000000,0,103677,896323
2062,2104,2022,0,1000000,0,114387,885613
2063,2105,2481,0,1000000,0,148830,851170
2064,2106,2652,0,1000000,0,112517,887483
2065,2107,2275,0,1000000,0,118535,881465
2066,2108,2049,0,1000000,0,130539,869461
2067,2109,2479,0,1000000,0,133571,866429
2068,2110,2368,0,1000000,0,139850,860150
2069,2111,2158,0,1000000,0,113426,886574
2070,2112,3053,0,1000000,0,141802,858198
2071,2113,2817,0,1000000,0,126785,873215
2072,2114,2553,0,1000000,0,121130,878870
2073,2115,3038,0,1000000,0,141161,858839
2074,2116,2359,0,1000000,0,140663,859337
2075,2117,2637,0,1000000,0,106276,893724
2076,2118,2216,0,1000000,0,115702,884298
2077,2119,2318,0,1000000,0,132518,867482
2078,2120,2106,0,1000000,0,109711,890289
2079,2121,2020,0,1000000,0,146627,853373
2080,2122,2482,0,1000000,0,198137,801863
2081,2123,2162,0,1000000,0,114184,885816
2082,2124,2128,0,1000000,0,99663,900337
2083,2125,1920,0,1000000,0,122444,877556
2084,2126,2517,0,1000000,0,123773,876227
2085,2127,2309,0,1000000,0,110733,889267
2086,2128,2656,0,1000000,0,157556,842444
2087,2129,2145,0,1000000,0,137915,862085
2088,2130,2062,0,1000000,0,135237,864763
2089,2131,1813,0,1000000,0,94877,905123
2090,2132,2425,0,1000000,0,141421,858579
2091,2133,2753,0,1000000,0,153930,846070
2092,2134,2603,0,1000000,0,132731,867269
2093,2135,1557,0,1000000,0,110557,889443
2094,2136,1872,0,1000000,0,122251,877749
2095,2137,1574,0,1000000,0,124486,875514
2096,2138,1901,0,1000000,0,136515,863485
2097,2139,2317,0,1000000,0,153551,846449
2098,2140,1178,0,1000000,0,103959,896041
2099,2141,2103,0,1000000,0,152576,847424
2100,2142,1767,0,1000000,0,115492,884508
2101,2143,2208,0,1000000,0,137784,862216
2102,2144,1922,0,1000000,0,128830,871170
2103,2145,2610,0,1000000,0,137021,862979
2104,2146,2914,0,1000000,0,139897,860103
2105,2147,2107,0,1000000,0,137843,862157
2106,2148,1978,0,1000000,0,123979,876021
2107,2149,1765,0,1000000,0,111406,888594
2108,2150,1974,0,1000000,0,110398,889602
2109,2151,1779,0,1000000,0,131539,868461
2110,2152,2113,0,1000000,0,151833,848167
2111,2153,3027,0,1000000,0,149074,850926
2112,2154,2072,0,1000000,0,128720,871280
2113,2155,1730,0,1000000,0,141441,858559
2114,2156,1643,0,1000000,0,110951,889049
2115,2157,2767,0,1000000,0,135533,864467
2116,2158,2569,0,1000000,0,124349,875651
2117,2159,2923,0,1000000,0,162480,837520
2118,2160,1848,0,1000000,0,147955,852045
2119,2161,2698,0,1000000,0,138093,861907
2120,2162,1440,0,1000000,0,111270,888730
2121,2163,1656,0,1000000,0,125279,874721
2122,2164,2290,0,1000000,0,130015,869985
2123,2165,1660,0,1000000,0,133565,866435
2124,2166,2474,0,1000000,0,174428,825572
2125,2167,2486,0,1000000,0,146825,853175
2126,2168,1465,0,1000000,0,133530,866470
2127,2169,2868,0,1000000,0,161378,838622
2128,2170,2433,0,1000000,0,132130,867870
2129,2171,1509,0,1000000,0,82423,917577
2130,2172,1589,0,1000000,0,112027,887973
2131,2173,2740,0,1000000,0,161978,838022
2132,2174,2565,0,1000000,0,133335,866665
2133,2175,3117,0,1000000,0,163966,836034
2134,2176,1967,0,1000000,0,147853,852147
2135,2177,2068,0,1000000,0,113815,886185
2136,2178,2019,0,1000000,0,153841,846159
2137,2179,2090,0,1000000,0,109158,890842
2138,2180,2450,0,1000000,0,138374,861626
2139,2181,2472,0,1000000,0,133600,866400
2140,2182,2214,0,1000000,0,135116,864884
2141,2183,2948,0,1000000,0,164119,835881
2142,2184,2858,0,1000000,0,150326,849674
2143,2185,2204,0,1000000,0,133314,866686
2144,2186,2971,0,1000000,0,141345,858655
2145,2187,2778,0,1000000,0,128124,871876
2146,2188,1958,0,1000000,0,148436,851564
2147,2189,2316,0,1000000,0,125425,874575
2148,2190,1596,0,1000000,0,117182,882818
2149,2191,2231,0,1000000,0,116096,883904
2150,2192,1818,0,1000000,0,142360,857640
2151,2193,3163,0,1000000,0,183438,816562
2152,2194,1877,0,1000000,0,137556,862444
2153,2195,2665,0,1000000,0,158753,841247
2154,2196,2206,0,1000000,0,118481,881519
2155,2197,2309,0,1000000,0,132264,867736
2156,2198,2764,0,1000000,0,139397,860603
2157,2199,2663,0,1000000,0,152092,847908
2158,2200,3253,0,1000000,0,131607,868393
2159,2201,2099,0,1000000,0,145308,854692
2160,2202,2121,0,1000000,0,136319,863681
2161,2203,2852,0,1000000,0,149065,850935
2162,2204,2314,0,1000000,0,147160,852840
2163,2205,2231,0,1000000,0,147227,852773
2164,2206,2773,0,1000000,0,151732,848268
2165,2207,2719,0,1000000,0,142236,857764
2166,2208,2888,0,1000000,0,137644,862356
2167,2209,2227,0,1000000,0,144543,855457
2168,2210,2406,0,1000000,0,118602,881398
2169,2211,2308,0,1000000,0,121230,878770
2170,2212,2339,0,1000000,0,111062,888938
2171,2213,2269,0,1000000,0,143537,856463
2172,2214,2676,0,1000000,0,148303,851697
2173,2215,1828,0,1000000,0,107474,892526
2174,2216,2540,0,1000000,0,149574,850426
2175,2217,1675,0,1000000,0,108729,891271
2176,2218,2344,0,1000000,0,138758,861242
2177,2219,2751,0,1000000,0,155633,844367
2178,2220,2297,0,1000000,0,147492,852508
2179,2221,2775,0,1000000,0,126300,873700
2180,2222,1613,0,1000000,0,132353,867647
2181,2223,1646,0,1000000,0,128359,871641
2182,2224,2744,0,1000000,0,154982,845018
2183,2225,2745,0,1000000,0,120753,879247
2184,2226,1825,0,1000000,0,122996,877004
2185,2227,1823,0,1000000,0,144727,855273
2186,2228,2830,0,1000000,0,151833,848167
2187,2229,1915,0,1000000,0,114832,885168
2188,2230,1818,0,1000000,0,132160,867840
2189,2231,2963,0,1000000,0,140036,859964
2190,2232,2228,0,1000000,0,120342,879658
2191,2233,2870,0,1000000,0,143858,856142
2192,2234,1769,0,1000000,0,119277,880723
2193,2235,2448,0,1000000,0,166101,833899
2194,2236,2004,0,1000000,0,150159,849841
2195,2237,2444,0,1000000,0,129688,870312
2196,2238,2064,0,1000000,0,126371,873629
2197,2239,2266,0,1000000,0,124180,875820
2198,2240,2297,0,1000000,0,125572,874428
2199,2241,2399,0,1000000,0,133556,866444
2200,2242,2052,0,1000000,0,98901,901099
2201,2243,2271,0,1000000,0,140082,859918
2202,2244,1699,0,1000000,0,129257,870743
2203,2245,1797,0,1000000,0,121570,878430
2204,2246,3142,0,1000000,0,135445,864555
2205,2247,2271,0,1000000,0,145613,854387
2206,2248,1988,0,1000000,0,129064,870936
2207,2249,2486,0,1000000,0,143467,856533
2208,2250,2933,0,1000000,0,148661,851339
2209,2251,1948,0,1000000,0,129074,870926
2210,2252,1899,0,1000000,0,119521,880479
2211,2253,3232,0,1000000,0,133718,866282
2212,2254,2510,0,1000000,0,147823,852177
2213,2255,1533,0,1000000,0,111572,888428
2214,2256,2162,0,1000000,0,117969,882031
2215,2257,2404,0,1000000,0,110576,889424
2216,2258,2446,0,1000000,0,156014,843986
2217,2259,2404,0,1000000,0,137508,862492
2218,2260,1850,0,1000000,0,132813,867187
2219,2261,2464,0,1000000,0,151329,848671
2220,2262,2341,0,1000000,0,134006,865994
2221,2263,3149,0,1000000,0,137409,862591
2222,2264,2837,0,1000000,0,152407,847593
2223,2265,2110,0,1000000,0,96911,903089
2224,2266,2084,0,1000000,0,131824,868176
2225,2267,1492,0,1000000,0,112101,887899
2226,2268,2743,0,1000000,0,134847,865153
2227,2269,2624,0,1000000,0,133446,866554
2228,2270,2099,0,1000000,0,160954,839046
2229,2271,2584,0,1000000,0,162027,837973
2230,2272,1968,0,1000000,0,121405,878595
2231,2273,1439,0,1000000,0,96830,903170
2232,2274,2922,0,1000000,0,154913,845087
2233,2275,2265,0,1000000,0,126583,873417
2234,2276,2386,0,1000000,0,149978,850022
2235,2277,2907,0,1000000,0,137821,862179
2236,2278,2181,0,1000000,0,118009,881991
2237,2279,2866,0,1000000,0,116231,883769
2238,2280,2387,0,1000000,0,106324,893676
2239,2281,2515,0,1000000,0,171002,828998
2240,2282,2476,0,1000000,0,123445,876555
2241,2283,1240,0,1000000,0,122594,877406
2242,2284,2780,0,1000000,0,153988,846012
2243,2285,2390,0,1000000,0,149490,850510
2244,2286,2272,0,1000000,0,142661,857339
2245,2287,3151,0,1000000,0,133618,866382
2246,2288,3037,0,1000000,0,134011,865989
2247,2289,2598,0,1000000,0,149960,850040
2248,2290,2078,0,1000000,0,116311,883689
2249,2291,3573,0,1000000,0,143394,856606
2250,2292,2114,0,1000000,0,144404,855596
2251,2293,2369,0,1000000,0,117395,882605
2252,2294,2275,0,1000000,0,157130,842870
2253,2295,1968,0,1000000,0,126230,873770
2254,2296,2448,0,1000000,0,129045,870955
2255,2297,2278,0,1000000,0,144968,855032
2256,2298,2079,0,1000000,0,147149,852851
2257,2299,2473,0,1000000,0,149185,850815
2258,2300,2089,0,1000000,0,120841,879159
2259,2301,2994,0,1000000,0,117889,882111
2260,2302,2273,0,1000000,0,106688,893312
2261,2303,1938,0,1000000,0,119695,880305
2262,2304,2536,0,1000000,0,121036,878964
2263,2305,2947,0,1000000,0,134320,865680
2264,2306,2875,0,1000000,0,124198,875802
2265,2307,2010,0,1000000,0,99218,900782
2266,2308,1918,0,1000000,0,124392,875608
2267,2309,2685,0,1000000,0,113761,886239
2268,2310,2657,0,1000000,0,137516,862484
2269,2311,2750,0,1000000,0,126922,873078
2270,2312,3162,0,1000000,0,138884,861116
2271,2313,1902,0,1000000,0,98861,901139
2272,2314,2042,0,1000000,0,106303,893697
2273,2315,3291,0,1000000,0,145577,854423
2274,2316,2989,0,1000000,0,135774,864226
2275,2317,2600,0,1000000,0,99534,900466
2276,2318,1364,0,1000000,0,105133,894867
2277,2319,1473,0,1000000,0,110734,889266
2278,2320,1608,0,1000000,0,140479,859521
2279,2321,1478,0,1000000,0,101151,898849
2280,2322,2562,0,1000000,0,127532,872468
2281,2323,2907,0,1000000,0,143982,856018
2282,2324,1956,0,1000000,0,136037,863963
2283,2325,2444,0,1000000,0,116445,883555
2284,2326,1956,0,1000000,0,124193,875807
2285,2327,2408,0,1000000,0,116949,883051
2286,2328,1762,0,1000000,0,112772,887228
2287,2329,1756,0,1000000,0,128461,871539
2288,2330,1722,0,1000000,0,148444,851556
2289,2331,1950,0,1000000,0,120407,879593
2290,2332,2514,0,1000000,0,138227,861773
2291,2333,1932,0,1000000,0,134492,865508
2292,2334,2823,0,1000000,0,140012,859988
2293,2335,1869,0,1000000,0,106349,893651
2294,2336,2629,0,1000000,0,141184,858816
2295,2337,1582,0,1000000,0,127039,872961
2296,2338,2424,0,1000000,0,158791,841209
2297,2339,2471,0,1000000,0,145637,854363
2298,2340,2048,0,1000000,0,134255,865745
2299,2341,2217,0,1000000,0,136729,863271
2300,2342,3238,0,1000000,0,150284,849716
2301,2343,1488,0,1000000,0,102461,897539
2302,2344,1912,0,1000000,0,116882,883118
2303,2345,2043,0,1000000,0,146588,853412
2304,2346,2703,0,1000000,0,132457,867543
2305,2347,1934,0,1000000,0,125943,874057
2306,2348,2439,0,1000000,0,140658,859342
2307,2349,1851,0,1000000,0,152044,847956
2308,2350,2090,0,1000000,0,133672,866328
2309,2351,2716,0,1000000,0,159905,840095
2310,2352,2558,0,1000000,0,147367,852633
2311,2353,2707,0,1000000,0,122280,877720
2312,2354,1881,0,1000000,0,109241,890759
2313,2355,2439,0,1000000,0,163288,836712
2314,2356,2388,0,1000000,0,165974,834026
2315,2357,3015,0,1000000,0,149265,850735
2316,2358,2259,0,1000000,0,141466,858534
2317,2359,2670,0,1000000,0,164955,835045
2318,2360,1914,0,1000000,0,138933,861067
2319,2361,2553,0,1000000,0,145707,854293
2320,2362,2373,0,1000000,0,139484,860516
2321,2363,3243,0,1000000,0,158063,841937
2322,2364,2476,0,1000000,0,99676,900324
2323,2365,2198,0,1000000,0,144915,855085
2324,2366,1983,0,1000000,0,160227,839773
2325,2367,1992,0,1000000,0,126520,873480
2326,2368,1798,0,1000000,0,143276,856724
2327,2369,2779,0,1000000,0,152919,847081
2328,2370,2046,0,1000000,0,119210,880790
2329,2371,2097,0,1000000,0,110576,889424
2330,2372,2894,0,1000000,0,129653,870347
2331,2373,2269,0,1000000,0,148943,851057
2332,2374,2639,0,1000000,0,159142,840858
2333,2375,2091,0,1000000,0,127658,872342
2334,2376,1876,0,1000000,0,134349,865651
2335,2377,2568,0,1000000,0,125746,874254
2336,2378,2816,0,1000000,0,147922,852078
2337,2379,2552,0,1000000,0,141858,858142
2338,2380,1989,0,1000000,0,129133,870867
2339,2381,2341,0,1000000,0,132214,867786
2340,2382,2121,0,1000000,0,129118,870882
2341,2383,3174,0,1000000,0,144511,855489
2342,2384,2202,0,1000000,0,122412,877588
2343,2385,2396,0,1000000,0,111713,888287
2344,2386,1865,0,1000000,0,103848,896152
2345,2387,1812,0,1000000,0,106344,893656
2346,2388,2425,0,1000000,0,147161,852839
2347,2389,1960,0,1000000,0,126068,873932
2348,2390,2321,0,1000000,0,118138,881862
2349,2391,1319,0,1000000,0,132705,867295
2350,2392,2516,0,1000000,0,125401,874599
2351,2393,2218,0,1000000,0,139035,860965
2352,2394,2558,0,1000000,0,120084,879916
2353,2395,2538,0,1000000,0,100766,899234
2354,2396,2310,0,1000000,0,122620,877380
2355,2397,1641,0,1000000,0,125485,874515
2356,2398,2033,0,1000000,0,135516,864484
2357,2399,2015,0,1000000,0,140582,859418
2358,2400,1948,0,1000000,0,126312,873688
2359,2401,1478,0,1000000,0,96416,903584
2360,2402,2636,0,1000000,0,123262,876738
2361,2403,1482,0,1000000,0,111280,888720
2362,2404,3142,0,1000000,0,173401,826599
2363,2405,2726,0,1000000,0,181357,818643
2364,2406,2584,0,1000000,0,143031,856969
2365,2407,2650,0,1000000,0,152289,847711
2366,2408,1743,0,1000000,0,134402,865598
2367,2409,2006,0,1000000,0,138235,861765
2368,2410,2877,0,1000000,0,126547,873453
2369,2411,2959,0,1000000,0,148899,851101
2370,2412,1998,0,1000000,0,125221,874779
2371,2413,2661,0,1000000,0,148587,851413
2372,2414,2381,0,1000000,0,98122,901878
2373,2415,1629,0,1000000,0,141257,858743
2374,2416,1750,0,1000000,0,147310,852690
2375,2417,3251,0,1000000,0,142511,857489
2376,2418,2547,0,1000000,0,162181,837819
2377,2419,1573,0,1000000,0,133160,866840
2378,2420,2012,0,1000000,0,124382,875618
2379,2421,2441,0,1000000,0,140197,859803
2380,2422,2295,0,1000000,0,133146,866854
2381,2423,2642,0,1000000,0,159001,840999
2382,2424,2507,0,1000000,0,129324,870676
2383,2425,2118,0,1000000,0,121705,878295
2384,2426,2944,0,1000000,0,148791,851209
2385,2427,2167,0,1000000,0,132289,867711
2386,2428,1359,0,1000000,0,126254,873746
2387,2429,2543,0,1000000,0,151725,848275
2388,2430,2013,0,1000000,0,137817,862183
2389,2431,1795,0,1000000,0,101708,898292
2390,2432,2215,0,1000000,0,141333,858667
2391,2433,2672,0,1000000,0,110259,889741
2392,2434,1717,0,1000000,0,137041,862959
2393,2435,2891,0,1000000,0,148592,851408
2394,2436,2061,0,1000000,0,115752,884248
2395,2437,2408,0,1000000,0,135137,864863
2396,2438,2521,0,1000000,0,128618,871382
2397,2439,2452,0,1000000,0,131069,868931
2398,2440,1910,0,1000000,0,129905,870095
2399,2441,2272,0,1000000,0,150396,849604
2400,2442,1946,0,1000000,0,124597,875403
2401,2443,2312,0,1000000,0,124389,875611
2402,2444,2523,0,1000000,0,163923,836077
2403,2445,2329,0,1000000,0,122659,877341
2404,2446,2586,0,1000000,0,128966,871034
2405,2447,2640,0,1000000,0,137523,862477
2406,2448,2118,0,1000000,0,140945,859055
2407,2449,2017,0,1000000,0,119037,880963
2408,2450,1771,0,1000000,0,117078,882922
2409,2451,1912,0,1000000,0,114600,885400
2410,2452,2363,0,1000000,0,139608,860392
2411,2453,1909,0,1000000,0,103509,896491
2412,2454,2538,0,1000000,0,136390,863610
2413,2455,2266,0,1000000,0,131824,868176
2414,2456,2688,0,1000000,0,132313,867687
2415,2457,1629,0,1000000,0,121765,878235
2416,2458,2741,0,1000000,0,159708,840292
2417,2459,2201,0,1000000,0,91139,908861
2418,2460,2331,0,1000000,0,140760,859240
2419,2461,1553,0,1000000,0,117421,882579
2420,2462,1208,0,1000000,0,94094,905906
2421,2463,2353,0,1000000,0,116136,883864
2422,2464,2440,0,1000000,0,163415,836585
2423,2465,2580,0,1000000,0,124869,875131
2424,2466,2433,0,1000000,0,131369,868631
2425,2467,2229,0,1000000,0,155828,844172
2426,2468,2135,0,1000000,0,96633,903367
2427,2469,2462,0,1000000,0,150811,849189
2428,2470,2632,0,1000000,0,104197,895803
2429,2471,1713,0,1000000,0,137957,862043
2430,2472,2298,0,1000000,0,141534,858466
2431,2473,1498,0,1000000,0,112318,887682
2432,2474,2831,0,1000000,0,140338,859662
2433,2475,2247,0,1000000,0,117279,882721
2434,2476,2310,0,1000000,0,153900,846100
2435,2477,2126,0,1000000,0,148719,851281
2436,2478,1977,0,1000000,0,117896,882104
2437,2479,2138,0,1000000,0,147216,852784
2438,2480,2868,0,1000000,0,166207,833793
2439,2481,1681,0,1000000,0,148165,851835
2440,2482,2187,0,1000000,0,92039,907961
2441,2483,2849,0,1000000,0,121031,878969
2442,2484,2151,0,1000000,0,127047,872953
2443,2485,2048,0,1000000,0,128802,871198
2444,2486,2384,0,1000000,0,134157,865843
2445,2487,2287,0,1000000,0,123194,876806
2446,2488,2738,0,1000000,0,152204,847796
2447,2489,1915,0,1000000,0,136153,863847
2448,2490,2945,0,1000000,0,133869,866131
2449,2491,2379,0,1000000,0,153295,846705
2450,2492,2154,0,1000000,0,145688,854312
2451,2493,2785,0,1000000,0,121125,878875
2452,2494,2287,0,1000000,0,138739,861261
2453,2495,1713,0,1000000,0,104933,895067
2454,2496,2539,0,1000000,0,155636,844364
2455,2497,2316,0,1000000,0,105034,894966
2456,2498,2637,0,1000000,0,163363,836637
2457,2499,2339,0,1000000,0,141108,858892
2458,2500,3337,0,1000000,0,141173,858827
2459,2501,2374,0,1000000,0,106579,893421
2460,2502,3150,0,1000000,0,147329,852671
2461,2503,2512,0,1000000,0,152170,847830
2462,2504,2821,0,1000000,0,117449,882551
2463,2505,2213,0,1000000,0,123406,876594
2464,2506,2088,0,1000000,0,123514,876486
2465,2507,2221,0,1000000,0,126315,873685
2466,2508,2601,0,1000000,0,124309,875691
2467,2509,2612,0,1000000,0,146959,853041
2468,2510,2104,0,1000000,0,125525,874475
2469,2511,2661,0,1000000,0,131452,868548
2470,2512,2253,0,1000000,0,130395,869605
2471,2513,1803,0,1000000,0,130518,869482
2472,2514,2753,0,1000000,0,153431,846569
2473,2515,2176,0,1000000,0,133920,866080
2474,2516,3153,0,1000000,0,152843,847157
2475,2517,2368,0,1000000,0,143421,856579
2476,2518,2260,0,1000000,0,144623,855377
2477,2519,2705,0,1000000,0,118441,881559
2478,2520,3411,0,1000000,0,131962,868038
2479,2521,1803,0,1000000,0,110017,889983
2480,2522,2560,0,1000000,0,166824,833176
2481,2523,2088,0,1000000,0,165498,834502
2482,2524,2470,0,1000000,0,120183,879817
2483,2525,2673,0,1000000,0,170140,829860
2484,2526,2662,0,1000000,0,161381,838619
2485,2527,3045,0,1000000,0,133627,866373
2486,2528,2367,0,1000000,0,134740,865260
2487,2529,3468,0,1000000,0,156956,843044
2488,2530,2566,0,1000000,0,140504,859496
2489,2531,3015,0,1000000,0,172570,827430
2490,2532,3682,0,1000000,0,145294,854706
2491,2533,3048,0,1000000,0,168344,831656
2492,2534,2113,0,1000000,0,94771,905229
2493,2535,2301,0,1000000,0,136846,863154
2494,2536,2616,0,1000000,0,125352,874648
2495,2537,2247,0,1000000,0,105463,894537
2496,2538,1922,0,1000000,0,150860,849140
2497,2539,2439,0,1000000,0,129909,870091
2498,2540,1175,0,1000000,0,92916,907084
2499,2541,2199,0,1000000,0,122207,877793
2500,2542,2273,0,1000000,0,111363,888637
2501,2543,2363,0,1000000,0,140127,859873
2502,2544,2551,0,1000000,0,137481,862519
2503,2545,1678,0,1000000,0,100093,899907
2504,2546,1550,0,1000000,0,110691,889309
2505,2547,1973,0,1000000,0,118006,881994
2506,2548,1630,0,1000000,0,114553,885447
2507,2549,2053,0,1000000,0,107231,892769
2508,2550,2302,0,1000000,0,133405,866595
2509,2551,2611,0,1000000,0,126015,873985
2510,2552,1179,0,1000000,0,120541,879459
2511,2553,2719,0,1000000,0,137277,862723
2512,2554,2161,0,1000000,0,135372,864628
2513,2555,2289,0,1000000,0,144435,855565
2514,2556,2247,0,1000000,0,116057,883943
2515,2557,2775,0,1000000,0,126353,873647
2516,2558,1677,0,1000000,0,119108,880892
2517,2559,2221,0,1000000,0,135336,864664
2518,2560,1983,0,1000000,0,107429,892571
2519,2561,2103,0,1000000,0,113667,886333
2520,2562,2280,0,1000000,0,114318,885682
2521,2563,2917,0,1000000,0,176460,823540
2522,2564,2411,0,1000000,0,128743,871257
2523,2565,2275,0,1000000,0,129327,870673
2524,2566,2160,0,1000000,0,134023,865977
2525,2567,2050,0,1000000,0,134942,865058
2526,2568,2905,0,1000000,0,119161,880839
2527,2569,1221,0,1000000,0,98676,901324
2528,2570,1266,0,1000000,0,118787,881213
2529,2571,1819,0,1000000,0,125341,874659
2530,2572,1700,0,1000000,0,101436,898564
2531,2573,3164,0,1000000,0,151121,848879
2532,2574,2945,0,1000000,0,150346,849654
2533,2575,2267,0,1000000,0,133635,866365
2534,2576,2480,0,1000000,0,105359,894641
2535,2577,2735,0,1000000,0,140940,859060
2536,2578,1867,0,1000000,0,111930,888070
2537,2579,2057,0,1000000,0,104300,895700
2538,2580,2953,0,1000000,0,142213,857787
2539,2581,2280,0,1000000,0,125801,874199
2540,2582,2776,0,1000000,0,166991,833009
2541,2583,2790,0,1000000,0,134217,865783
2542,2584,2156,0,1000000,0,118016,881984
2543,2585,1736,0,1000000,0,109789,890211
2544,2586,2258,0,1000000,0,130102,869898
2545,2587,1481,0,1000000,0,95793,904207
2546,2588,2023,0,1000000,0,171569,828431
2547,2589,2958,0,1000000,0,140207,859793
2548,2590,2257,0,1000000,0,129333,870667
2549,2591,2279,0,1000000,0,120251,879749
2550,2592,1832,0,1000000,0,129913,870087
2551,2593,2163,0,1000000,0,120716,879284
2552,2594,1612,0,1000000,0,110318,889682
2553,2595,2333,0,1000000,0,136890,863110
2554,2596,2295,0,1000000,0,106371,893629
2555,2597,1962,0,1000000,0,115521,884479
2556,2598,1974,0,1000000,0,132597,867403
2557,2599,1938,0,1000000,0,118519,881481
2558,2600,2597,0,1000000,0,101421,898579
2559,2601,1710,0,1000000,0,119227,880773
2560,2602,1785,0,1000000,0,101119,898881
2561,2603,2424,0,1000000,0,133803,866197
2562,2604,2121,0,1000000,0,156041,843959
2563,2605,2046,0,1000000,0,99756,900244
2564,2606,1735,0,1000000,0,153953,846047
2565,2607,1672,0,1000000,0,100474,899526
2566,2608,1673,0,1000000,0,144750,855250
2567,2609,2813,0,1000000,0,138034,861966
2568,2610,2376,0,1000000,0,122634,877366
2569,2611,2970,0,1000000,0,160560,839440
2570,2612,2843,0,1000000,0,130787,869213
2571,2613,2117,0,1000000,0,116014,883986
2572,2614,2222,0,1000000,0,127410,872590
2573,2615,2583,0,1000000,0,116973,883027
2574,2616,4147,0,1000000,0,188188,811812
2575,2617,2914,0,1000000,0,149636,850364
2576,2618,2384,0,1000000,0,120676,879324
2577,2619,2744,0,1000000,0,123504,876496
2578,2620,2309,0,1000000,0,136079,863921
2579,2621,2889,0,1000000,0,126650,873350
2580,2622,2333,0,1000000,0,131749,868251
2581,2623,2519,0,1000000,0,149444,850556
2582,2624,1811,0,1000000,0,127729,872271
2583,2625,1844,0,1000000,0,112135,887865
2584,2626,2529,0,1000000,0,112998,887002
2585,2627,1957,0,1000000,0,119620,880380
2586,2628,2147,0,1000000,0,124056,875944
2587,2629,2018,0,1000000,0,141481,858519
2588,2630,2460,0,1000000,0,143248,856752
2589,2631,2945,0,1000000,0,163435,836565
2590,2632,2491,0,1000000,0,160086,839914
2591,2633,2744,0,1000000,0,161535,838465
2592,2634,2614,0,1000000,0,146186,853814
2593,2635,2459,0,1000000,0,141559,858441
2594,2636,2077,0,1000000,0,127018,872982
2595,2637,1934,0,1000000,0,134485,865515
2596,2638,2801,0,1000000,0,140051,859949
2597,2639,1940,0,1000000,0,125510,874490
2598,2640,2008,0,1000000,0,120529,879471
2599,2641,3061,0,1000000,0,113320,886680
2600,2642,2416,0,1000000,0,116755,883245
2601,2643,1975,0,1000000,0,134884,865116
2602,2644,2777,0,1000000,0,122138,877862
2603,2645,3514,0,1000000,0,121456,878544
2604,2646,2737,0,1000000,0,174850,825150
2605,2647,2105,0,1000000,0,134033,865967
2606,2648,2249,0,1000000,0,101279,898721
2607,2649,1753,0,1000000,0,122586,877414
2608,2650,2613,0,1000000,0,125600,874400
2609,2651,2235,0,1000000,0,134601,865399
2610,2652,2707,0,1000000,0,144541,855459
2611,2653,1612,0,1000000,0,149648,850352
2612,2654,1893,0,1000000,0,117216,882784
2613,2655,2025,0,1000000,0,111700,888300
2614,2656,3208,0,1000000,0,156228,843772
2615,2657,2185,0,1000000,0,140492,859508
2616,2658,2578,0,1000000,0,146379,853621
2617,2659,1800,0,1000000,0,145335,854665
2618,2660,1983,0,1000000,0,153972,846028
2619,2661,2849,0,1000000,0,154110,845890
2620,2662,2352,0,1000000,0,131138,868862
2621,2663,1603,0,1000000,0,97036,902964
2622,2664,2557,0,1000000,0,118685,881315
2623,2665,1881,0,1000000,0,117904,882096
2624,2666,1606,0,1000000,0,114210,885790
2625,2667,2446,0,1000000,0,124692,875308
2626,2668,2138,0,1000000,0,150240,849760
2627,2669,2822,0,1000000,0,165508,834492
2628,2670,1620,0,1000000,0,145549,854451
2629,2671,2106,0,1000000,0,127828,872172
2630,2672,1718,0,1000000,0,127141,872859
2631,2673,2842,0,1000000,0,158313,841687
2632,2674,2453,0,1000000,0,117872,882128
2633,2675,1815,0,1000000,0,143968,856032
2634,2676,2250,0,1000000,0,108507,891493
2635,2677,3026,0,1000000,0,116512,883488
2636,2678,1789,0,1000000,0,96492,903508
2637,2679,1645,0,1000000,0,123508,876492
2638,2680,2706,0,1000000,0,141188,858812
2639,2681,2280,0,1000000,0,99962,900038
2640,2682,2702,0,1000000,0,115861,884139
2641,2683,2168,0,1000000,0,148142,851858
2642,2684,2944,0,1000000,0,163437,836563
2643,2685,1949,0,1000000,0,120540,879460
2644,2686,2180,0,1000000,0,126973,873027
2645,2687,2414,0,1000000,0,145834,854166
2646,2688,1595,0,1000000,0,134643,865357
2647,2689,2119,0,1000000,0,120845,879155
2648,2690,1701,0,1000000,0,124439,875561
2649,2691,2263,0,1000000,0,147360,852640
2650,2692,1232,0,1000000,0,98682,901318
2651,2693,2509,0,1000000,0,150893,849107
2652,2694,2403,0,1000000,0,136252,863748
2653,2695,2994,0,1000000,0,147092,852908
2654,2696,1989,0,1000000,0,107798,892202
2655,2697,2114,0,1000000,0,113567,886433
2656,2698,2413,0,1000000,0,121421,878579
2657,2699,1747,0,1000000,0,108580,891420
2658,2700,2336,0,1000000,0,122836,877164
2659,2701,2462,0,1000000,0,132179,867821
2660,2702,2561,0,1000000,0,148292,851708
2661,2703,1722,0,1000000,0,115839,884161
2662,2704,3358,0,1000000,0,157380,842620
2663,2705,1458,0,1000000,0,116958,883042
2664,2706,2297,0,1000000,0,145548,854452
2665,2707,1569,0,1000000,0,105568,894432
2666,2708,1878,0,1000000,0,148649,851351
2667,2709,2369,0,1000000,0,170984,829016
2668,2710,2580,0,1000000,0,134421,865579
2669,2711,2349,0,1000000,0,150224,849776
2670,2712,1760,0,1000000,0,130126,869874
2671,2713,2483,0,1000000,0,146317,853683
2672,2714,3208,0,1000000,0,159987,840013
2673,2715,3075,0,1000000,0,150875,849125
2674,2716,1964,0,1000000,0,109380,890620
2675,2717,1759,0,1000000,0,136054,863946
2676,2718,2303,0,1000000,0,122084,877916
2677,2719,2384,0,1000000,0,104436,895564
2678,2720,2073,0,1000000,0,109102,890898
2679,2721,2077,0,1000000,0,125403,874597
2680,2722,2924,0,1000000,0,129800,870200
2681,2723,2403,0,1000000,0,136248,863752
2682,2724,2280,0,1000000,0,152616,847384
2683,2725,2048,0,1000000,0,160780,839220
2684,2726,2273,0,1000000,0,119432,880568
2685,2727,2501,0,1000000,0,151588,848412
2686,2728,1811,0,1000000,0,148198,851802
2687,2729,2662,0,1000000,0,162925,837075
2688,2730,2271,0,1000000,0,154184,845816
2689,2731,2224,0,1000000,0,115971,884029
2690,2732,2430,0,1000000,0,157304,842696
2691,2733,2273,0,1000000,0,157536,842464
2692,2734,1914,0,1000000,0,134535,865465
2693,2735,2517,0,1000000,0,140304,859696
2694,2736,2229,0,1000000,0,129406,870594
2695,2737,2179,0,1000000,0,132005,867995
2696,2738,2393,0,1000000,0,126457,873543
2697,2739,2812,0,1000000,0,124860,875140
2698,2740,2242,0,1000000,0,102343,897657
2699,2741,2223,0,1000000,0,134820,865180
2700,2742,2374,0,1000000,0,114397,885603
2701,2743,2372,0,1000000,0,139819,860181
2702,2744,2480,0,1000000,0,151115,848885
2703,2745,2102,0,1000000,0,143334,856666
2704,2746,2686,0,1000000,0,132309,867691
2705,2747,2035,0,1000000,0,134553,865447
2706,2748,1586,0,1000000,0,84629,915371
2707,2749,2871,0,1000000,0,137962,862038
2708,2750,2491,0,1000000,0,142729,857271
2709,2751,2941,0,1000000,0,178324,821676
2710,2752,2176,0,1000000,0,151984,848016
2711,2753,2100,0,1000000,0,116784,883216
2712,2754,2242,0,1000000,0,155901,844099
2713,2755,2230,0,1000000,0,125750,874250
2714,2756,2459,0,1000000,0,132298,867702
2715,2757,2612,0,1000000,0,164680,835320
2716,2758,2118,0,1000000,0,112486,887514
2717,2759,2029,0,1000000,0,132502,867498
2718,2760,1954,0,1000000,0,132284,867716
2719,2761,2522,0,1000000,0,128113,871887
2720,2762,2256,0,1000000,0,132850,867150
2721,2763,2412,0,1000000,0,131825,868175
2722,2764,1666,0,1000000,0,139412,860588
2723,2765,1628,0,1000000,0,122772,877228
2724,2766,2259,0,1000000,0,130702,869298
2725,2767,3075,0,1000000,0,147543,852457
2726,2768,2196,0,1000000,0,119636,880364
2727,2769,3064,0,1000000,0,139018,860982
2728,2770,1356,0,1000000,0,120527,879473
2729,2771,1902,0,1000000,0,117003,882997
2730,2772,2075,0,1000000,0,115575,884425
2731,2773,2463,0,1000000,0,116068,883932
2732,2774,2031,0,1000000,0,110773,889227
2733,2775,2134,0,1000000,0,161155,838845
2734,2776,1801,0,1000000,0,113896,886104
2735,2777,2303,0,1000000,0,128646,871354
2736,2778,2333,0,1000000,0,130032,869968
2737,2779,2209,0,1000000,0,141780,858220
2738,2780,2152,0,1000000,0,136070,863930
2739,2781,1488,0,1000000,0,102338,897662
2740,2782,1972,0,1000000,0,141719,858281
2741,2783,2232,0,1000000,0,134017,865983
2742,2784,2122,0,1000000,0,109960,890040
2743,2785,2310,0,1000000,0,112113,887887
2744,2786,3123,0,1000000,0,152542,847458
2745,2787,3058,0,1000000,0,121712,878288
2746,2788,2008,0,1000000,0,151650,848350
2747,2789,2499,0,1000000,0,151708,848292
2748,2790,2812,0,1000000,0,165406,834594
2749,2791,1457,0,1000000,0,109573,890427
2750,2792,2516,0,1000000,0,158260,841740
2751,2793,1624,0,1000000,0,114865,885135
2752,2794,2584,0,1000000,0,164282,835718
2753,2795,1995,0,1000000,0,121233,878767
2754,2796,1563,0,1000000,0,117010,882990
2755,2797,2369,0,1000000,0,126231,873769
2756,2798,1667,0,1000000,0,97454,902546
2757,2799,2828,0,1000000,0,139635,860365
2758,2800,1713,0,1000000,0,131445,868555
2759,2801,2556,0,1000000,0,136770,863230
2760,2802,2323,0,1000000,0,125873,874127
2761,2803,2448,0,1000000,0,145267,854733
2762,2804,2967,0,1000000,0,134561,865439
2763,2805,2758,0,1000000,0,114154,885846
2764,2806,2928,0,1000000,0,121252,878748
2765,2807,2223,0,1000000,0,117199,882801
2766,2808,2141,0,1000000,0,149117,850883
2767,2809,1780,0,1000000,0,115666,884334
2768,2810,2097,0,1000000,0,130821,869179
2769,2811,1911,0,1000000,0,119772,880228
2770,2812,1999,0,1000000,0,143301,856699
2771,2813,3105,0,1000000,0,142121,857879
2772,2814,2366,0,1000000,0,118467,881533
2773,2815,2149,0,1000000,0,150338,849662
2774,2816,1989,0,1000000,0,123523,876477
2775,2817,2732,0,1000000,0,131114,868886
2776,2818,2328,0,1000000,0,149398,850602
2777,2819,2475,0,1000000,0,122671,877329
2778,2820,2357,0,1000000,0,119107,880893
2779,2821,2433,0,1000000,0,123415,876585
2780,2822,2895,0,1000000,0,142517,857483
2781,2823,2128,0,1000000,0,135080,864920
2782,2824,2137,0,1000000,0,144171,855829
2783,2825,1610,0,1000000,0,86821,913179
2784,2826,1723,0,1000000,0,124271,875729
2785,2827,2580,0,1000000,0,152546,847454
2786,2828,2339,0,1000000,0,134340,865660
2787,2829,2678,0,1000000,0,160767,839233
2788,2830,3231,0,1000000,0,158216,841784
2789,2831,2636,0,1000000,0,148056,851944
2790,2832,2258,0,1000000,0,135655,864345
2791,2833,2237,0,1000000,0,129271,870729
2792,2834,2917,0,1000000,0,133106,866894
2793,2835,2118,0,1000000,0,145513,854487
2794,2836,2331,0,1000000,0,120767,879233
2795,2837,1891,0,1000000,0,134970,865030
2796,2838,2377,0,1000000,0,144053,855947
2797,2839,1667,0,1000000,0,91901,908099
2798,2840,2398,0,1000000,0,146652,853348
2799,2841,2622,0,1000000,0,160219,839781
2800,2842,2679,0,1000000,0,169327,830673
2801,2843,1487,0,1000000,0,105011,894989
2802,2844,2673,0,1000000,0,153700,846300
2803,2845,2311,0,1000000,0,108023,891977
2804,2846,2371,0,1000000,0,121159,878841
2805,2847,2989,0,1000000,0,127979,872021
2806,2848,2346,0,1000000,0,152335,847665
2807,2849,2420,0,1000000,0,117549,882451
2808,2850,2463,0,1000000,0,121295,878705
2809,2851,1784,0,1000000,0,106799,893201
2810,2852,2348,0,1000000,0,153320,846680
2811,2853,2257,0,1000000,0,117399,882601
2812,2854,2574,0,1000000,0,137270,862730
2813,2855,2449,0,1000000,0,167716,832284
2814,2856,2420,0,1000000,0,98543,901457
2815,2857,2120,0,1000000,0,152945,847055
2816,2858,2628,0,1000000,0,128565,871435
2817,2859,2122,0,1000000,0,128666,871334
2818,2860,1661,0,1000000,0,128901,871099
2819,2861,3079,0,1000000,0,152305,847695
2820,2862,2207,0,1000000,0,138413,861587
2821,2863,2147,0,1000000,0,116174,883826
2822,2864,2097,0,1000000,0,126581,873419
2823,2865,2932,0,1000000,0,156222,843778
2824,2866,2264,0,1000000,0,143984,856016
2825,2867,1422,0,1000000,0,134535,865465
2826,2868,2319,0,1000000,0,110503,889497
2827,2869,2264,0,1000000,0,132153,867847
2828,2870,2450,0,1000000,0,124087,875913
2829,2871,2360,0,1000000,0,128852,871148
2830,2872,2050,0,1000000,0,109510,890490
2831,2873,2728,0,1000000,0,147104,852896
2832,2874,2396,0,1000000,0,142016,857984
2833,2875,3318,0,1000000,0,127127,872873
2834,2876,2827,0,1000000,0,143012,856988
2835,2877,2225,0,1000000,0,121178,878822
2836,2878,2504,0,1000000,0,100718,899282
2837,2879,1916,0,1000000,0,149638,850362
2838,2880,3207,0,1000000,0,166741,833259
2839,2881,2392,0,1000000,0,144969,855031
2840,2882,2283,0,1000000,0,158156,841844
2841,2883,3353,0,1000000,0,138758,861242
2842,2884,2085,0,1000000,0,134710,865290
2843,2885,2845,0,1000000,0,173394,826606
2844,2886,2147,0,1000000,0,112269,887731
2845,2887,2868,0,1000000,0,129853,870147
2846,2888,2125,0,1000000,0,130671,869329
2847,2889,2241,0,1000000,0,105820,894180
2848,2890,2598,0,1000000,0,145366,854634
2849,2891,2140,0,1000000,0,92173,907827
2850,2892,2501,0,1000000,0,126731,873269
2851,2893,2567,0,1000000,0,134863,865137
2852,2894,2261,0,1000000,0,113595,886405
2853,2895,2425,0,1000000,0,133140,866860
2854,2896,2056,0,1000000,0,129336,870664
2855,2897,2570,0,1000000,0,147980,852020
2856,2898,1617,0,1000000,0,148531,851469
2857,2899,2269,0,1000000,0,149186,850814
2858,2900,2011,0,1000000,0,106400,893600
2859,2901,2047,0,1000000,0,134432,865568
2860,2902,2376,0,1000000,0,120847,879153
2861,2903,2486,0,1000000,0,136418,863582
2862,2904,1188,0,1000000,0,127680,872320
2863,2905,1667,0,1000000,0,127686,872314
2864,2906,3058,0,1000000,0,133518,866482
2865,2907,2649,0,1000000,0,135498,864502
2866,2908,2058,0,1000000,0,115840,884160
2867,2909,1933,0,1000000,0,114860,885140
2868,2910,2190,0,1000000,0,117518,882482
2869,2911,1915,0,1000000,0,123936,876064
2870,2912,1732,0,1000000,0,114585,885415
2871,2913,2252,0,1000000,0,130994,869006
2872,2914,2427,0,1000000,0,108671,891329
2873,2915,1924,0,1000000,0,121212,878788
2874,2916,1696,0,1000000,0,113808,886192
2875,2917,2816,0,1000000,0,168638,831362
2876,2918,1646,0,1000000,0,133596,866404
2877,2919,1623,0,1000000,0,111573,888427
2878,2920,2372,0,1000000,0,111130,888870
2879,2921,2031,0,1000000,0,139159,860841
2880,2922,1649,0,1000000,0,155950,844050
2881,2923,2548,0,1000000,0,123644,876356
2882,2924,1487,0,1000000,0,109880,890120
2883,2925,2139,0,1000000,0,142929,857071
2884,2926,1976,0,1000000,0,158398,841602
2885,2927,2772,0,1000000,0,148782,851218
2886,2928,2225,0,1000000,0,132305,867695
2887,2929,2076,0,1000000,0,136662,863338
2888,2930,2526,0,1000000,0,123487,876513
2889,2931,2139,0,1000000,0,127966,872034
2890,2932,3598,0,1000000,0,146083,853917
2891,2933,1323,0,1000000,0,116137,883863
2892,2934,2263,0,1000000,0,130308,869692
2893,2935,1722,0,1000000,0,115428,884572
2894,2936,2245,0,1000000,0,147150,852850
2895,2937,2649,0,1000000,0,138111,861889
2896,2938,1894,0,1000000,0,127136,872864
2897,2939,1958,0,1000000,0,94949,905051
2898,2940,2939,0,1000000,0,149097,850903
2899,2941,2803,0,1000000,0,132759,867241
2900,2942,2560,0,1000000,0,114269,885731
2901,2943,2296,0,1000000,0,128023,871977
2902,2944,2910,0,1000000,0,163919,836081
2903,2945,2883,0,1000000,0,160007,839993
2904,2946,2445,0,1000000,0,124680,875320
2905,2947,1481,0,1000000,0,130683,869317
2906,2948,2449,0,1000000,0,155797,844203
2907,2949,1776,0,1000000,0,118948,881052
2908,2950,2575,0,1000000,0,128249,871751
2909,2951,1752,0,1000000,0,126475,873525
2910,2952,1689,0,1000000,0,115767,884233
2911,2953,2485,0,1000000,0,128885,871115
2912,2954,2268,0,1000000,0,101007,898993
2913,2955,2898,0,1000000,0,141378,858622
2914,2956,2270,0,1000000,0,126559,873441
2915,2957,2622,0,1000000,0,133998,866002
2916,2958,1653,0,1000000,0,122088,877912
2917,2959,2961,0,1000000,0,115618,884382
2918,2960,1433,0,1000000,0,135869,864131
2919,2961,2182,0,1000000,0,121007,878993
2920,2962,1854,0,1000000,0,125540,874460
2921,2963,2233,0,1000000,0,127908,872092
2922,2964,2514,0,1000000,0,127241,872759
2923,2965,2026,0,1000000,0,134964,865036
2924,2966,2024,0,1000000,0,113654,886346
2925,2967,3315,0,1000000,0,138273,861727
2926,2968,2356,0,1000000,0,109333,890667
2927,2969,2977,0,1000000,0,130951,869049
2928,2970,1991,0,1000000,0,159812,840188
2929,2971,2462,0,1000000,0,127210,872790
2930,2972,2233,0,1000000,0,127047,872953
2931,2973,1864,0,1000000,0,142822,857178
2932,2974,2319,0,1000000,0,132592,867408
2933,2975,1693,0,1000000,0,157985,842015
2934,2976,2212,0,1000000,0,118087,881913
2935,2977,2250,0,1000000,0,133334,866666
2936,2978,2579,0,1000000,0,121438,878562
2937,2979,2887,0,1000000,0,157175,842825
2938,2980,2079,0,1000000,0,130252,869748
2939,2981,2427,0,1000000,0,127194,872806
2940,2982,2684,0,1000000,0,122715,877285
2941,2983,2306,0,1000000,0,129713,870287
2942,2984,1939,0,1000000,0,122978,877022
2943,2985,1648,0,1000000,0,123896,876104
2944,2986,2908,0,1000000,0,142773,857227
2945,2987,3086,0,1000000,0,175024,824976
2946,2988,2602,0,1000000,0,138267,861733
2947,2989,1509,0,1000000,0,103254,896746
2948,2990,2142,0,1000000,0,155292,844708
2949,2991,2703,0,1000000,0,146743,853257
2950,2992,2385,0,1000000,0,135832,864168
2951,2993,2793,0,1000000,0,136786,863214
2952,2994,2165,0,1000000,0,147583,852417
2953,2995,2432,0,1000000,0,115613,884387
2954,2996,1661,0,1000000,0,114060,885940
2955,2997,2351,0,1000000,0,113109,886891
2956,2998,1819,0,1000000,0,105022,894978
2957,2999,2280,0,1000000,0,134971,865029
2958,3000,2914,0,1000000,0,125760,874240
2959,3001,2359,0,1000000,0,130507,869493
2960,3002,1574,0,1000000,0,114713,885287
2961,3003,1867,0,1000000,0,103787,896213
2962,3004,2023,0,1000000,0,98326,901674
2963,3005,2380,0,1000000,0,125682,874318
2964,3006,2805,0,1000000,0,154354,845646
2965,3007,2454,0,1000000,0,136866,863134
2966,3008,1999,0,1000000,0,139267,860733
2967,3009,2197,0,1000000,0,140569,859431
2968,3010,3322,0,1000000,0,175173,824827
2969,3011,2949,0,1000000,0,146339,853661
2970,3012,2524,0,1000000,0,127088,872912
2971,3013,2486,0,1000000,0,131844,868156
2972,3014,2373,0,1000000,0,121107,878893
2973,3015,2936,0,1000000,0,161235,838765
2974,3016,3606,0,1000000,0,140739,859261
2975,3017,2715,0,1000000,0,147882,852118
2976,3018,2216,0,1000000,0,119172,880828
2977,3019,2783,0,1000000,0,132683,867317
2978,3020,2416,0,1000000,0,139430,860570
2979,3021,2473,0,1000000,0,136086,863914
2980,3022,2268,0,1000000,0,151598,848402
2981,3023,2998,0,1000000,0,149594,850406
2982,3024,1789,0,1000000,0,155703,844297
2983,3025,1967,0,1000000,0,117539,882461
2984,3026,1902,0,1000000,0,134576,865424
2985,3027,2560,0,1000000,0,123812,876188
2986,3028,2391,0,1000000,0,145656,854344
2987,3029,1972,0,1000000,0,111368,888632
2988,3030,1643,0,1000000,0,83996,916004
2989,3031,1679,0,1000000,0,126195,873805
2990,3032,2710,0,1000000,0,166115,833885
2991,3033,2654,0,1000000,0,141417,858583
2992,3034,1995,0,1000000,0,115454,884546
2993,3035,2461,0,1000000,0,134858,865142
2994,3036,1864,0,1000000,0,122444,877556
2995,3037,2071,0,1000000,0,121489,878511
2996,3038,2493,0,1000000,0,156677,843323
2997,3039,1612,0,1000000,0,116560,883440
2998,3040,1935,0,1000000,0,122767,877233
2999,3041,2060,0,1000000,0,140867,859133
3000,3042,2363,0,1000000,0,143200,856800
3001,3043,2975,0,1000000,0,139791,860209
3002,3044,2578,0,1000000,0,146928,853072
3003,3045,2341,0,1000000,0,137111,862889
3004,3046,1701,0,1000000,0,118677,881323
3005,3047,2083,0,1000000,0,149047,850953
3006,3048,2918,0,1000000,0,133725,866275
3007,3049,2234,0,1000000,0,159217,840783
3008,3050,2980,0,1000000,0,138341,861659
3009,3051,2262,0,1000000,0,120695,879305
3010,3052,2090,0,1000000,0,104596,895404
3011,3053,2010,0,1000000,0,137029,862971
3012,3054,2940,0,1000000,0,133853,866147
3013,3055,2857,0,1000000,0,140971,859029
3014,3056,1760,0,1000000,0,139089,860911
3015,3057,2379,0,1000000,0,144396,855604
3016,3058,2950,0,1000000,0,95527,904473
3017,3059,2893,0,1000000,0,152693,847307
3018,3060,2419,0,1000000,0,129752,870248
3019,3061,1453,0,1000000,0,124653,875347
3020,3062,2658,0,1000000,0,141621,858379
3021,3063,2073,0,1000000,0,145224,854776
3022,3064,2241,0,1000000,0,119958,880042
3023,3065,1552,0,1000000,0,118126,881874
3024,3066,2000,0,1000000,0,154796,845204
3025,3067,2424,0,1000000,0,162283,837717
3026,3068,2685,0,1000000,0,159618,840382
3027,3069,2771,0,1000000,0,135067,864933
3028,3070,2011,0,1000000,0,126063,873937
3029,3071,2575,0,1000000,0,177320,822680
3030,3072,3221,0,1000000,0,143935,856065
3031,3073,1875,0,1000000,0,110090,889910
3032,3074,1346,0,1000000,0,133199,866801
3033,3075,2409,0,1000000,0,105260,894740
3034,3076,2240,0,1000000,0,130606,869394
3035,3077,1813,0,1000000,0,104764,895236
3036,3078,2069,0,1000000,0,113136,886864
3037,3079,1996,0,1000000,0,113756,886244
3038,3080,2168,0,1000000,0,131075,868925
3039,3081,2364,0,1000000,0,138205,861795
3040,3082,1662,0,1000000,0,137517,862483
3041,3083,2094,0,1000000,0,118217,881783
3042,3084,2785,0,1000000,0,157367,842633
3043,3085,2854,0,1000000,0,141145,858855
3044,3086,2390,0,1000000,0,169088,830912
3045,3087,2223,0,1000000,0,139678,860322
3046,3088,2624,0,1000000,0,109706,890294
3047,3089,1519,0,1000000,0,124940,875060
3048,3090,3265,0,1000000,0,154710,845290
3049,3091,2503,0,1000000,0,146726,853274
3050,3092,3041,0,1000000,0,122813,877187
3051,3093,2352,0,1000000,0,112719,887281
3052,3094,2250,0,1000000,0,121824,878176
3053,3095,2522,0,1000000,0,137376,862624
3054,3096,2025,0,1000000,0,119715,880285
3055,3097,2906,0,1000000,0,95534,904466
3056,3098,2165,0,1000000,0,144735,855265
3057,3099,2586,0,1000000,0,131359,868641
3058,3100,2060,0,1000000,0,134999,865001
3059,3101,1665,0,1000000,0,96788,903212
3060,3102,2116,0,1000000,0,119673,880327
3061,3103,2042,0,1000000,0,132001,867999
3062,3104,1904,0,1000000,0,106066,893934
3063,3105,2147,0,1000000,0,111272,888728
3064,3106,2848,0,1000000,0,127952,872048
3065,3107,2834,0,1000000,0,137585,862415
3066,3108,1951,0,1000000,0,120573,879427
3067,3109,2669,0,1000000,0,122649,877351
3068,3110,2266,0,1000000,0,134735,865265
3069,3111,2664,0,1000000,0,159353,840647
3070,3112,3189,0,1000000,0,141337,858663
3071,3113,3320,0,1000000,0,140708,859292
3072,3114,2235,0,1000000,0,110490,889510
3073,3115,2419,0,1000000,0,145918,854082
3074,3116,2337,0,1000000,0,133641,866359
3075,3117,2197,0,1000000,0,130921,869079
3076,3118,2588,0,1000000,0,162290,837710
3077,3119,1730,0,1000000,0,96921,903079
3078,3120,2397,0,1000000,0,122098,877902
3079,3121,1871,0,1000000,0,108755,891245
3080,3122,2192,0,1000000,0,110333,889667
3081,3123,2403,0,1000000,0,125013,874987
3082,3124,2431,0,1000000,0,131934,868066
3083,3125,1852,0,1000000,0,146571,853429
3084,3126,2423,0,1000000,0,115452,884548
3085,3127,2018,0,1000000,0,131525,868475
3086,3128,2699,0,1000000,0,147080,852920
3087,3129,1577,0,1000000,0,104858,895142
3088,3130,2482,0,1000000,0,141650,858350
3089,3131,2496,0,1000000,0,116971,883029
3090,3132,2149,0,1000000,0,118881,881119
3091,3133,2437,0,1000000,0,126970,873030
3092,3134,2056,0,1000000,0,116866,883134
3093,3135,2414,0,1000000,0,139867,860133
3094,3136,2223,0,1000000,0,147108,852892
3095,3137,2617,0,1000000,0,120869,879131
3096,3138,2254,0,1000000,0,151070,848930
3097,3139,2701,0,1000000,0,136727,863273
3098,3140,2819,0,1000000,0,176818,823182
3099,3141,1952,0,1000000,0,145030,854970
3100,3142,2638,0,1000000,0,118060,881940
3101,3143,1513,0,1000000,0,105183,894817
3102,3144,2519,0,1000000,0,136513,863487
3103,3145,2136,0,1000000,0,148195,851805
3104,3146,2663,0,1000000,0,133987,866013
3105,3147,1817,0,1000000,0,130309,869691
3106,3148,2680,0,1000000,0,119355,880645
3107,3149,2032,0,1000000,0,106016,893984
3108,3150,1320,0,1000000,0,87738,912262
3109,3151,2511,0,1000000,0,124357,875643
3110,3152,1918,0,1000000,0,127487,872513
3111,3153,2776,0,1000000,0,157667,842333
3112,3154,2340,0,1000000,0,148682,851318
3113,3155,2250,0,1000000,0,132195,867805
3114,3156,2282,0,1000000,0,121879,878121
3115,3157,2475,0,1000000,0,99028,900972
3116,3158,2458,0,1000000,0,133278,866722
3117,3159,2089,0,1000000,0,153265,846735
3118,3160,1972,0,1000000,0,114438,885562
3119,3161,1827,0,1000000,0,134197,865803
3120,3162,2087,0,1000000,0,157653,842347
3121,3163,1547,0,1000000,0,92434,907566
3122,3164,2821,0,1000000,0,142117,857883
3123,3165,1928,0,1000000,0,120909,879091
3124,3166,2291,0,1000000,0,115996,884004
3125,3167,2400,0,1000000,0,136381,863619
3126,3168,3022,0,1000000,0,163620,836380
3127,3169,2191,0,1000000,0,132170,867830
3128,3170,2337,0,1000000,0,132979,867021
3129,3171,2568,0,1000000,0,155317,844683
3130,3172,2378,0,1000000,0,133358,866642
3131,3173,2286,0,1000000,0,131393,868607
3132,3174,1831,0,1000000,0,138144,861856
3133,3175,2513,0,1000000,0,122237,877763
3134,3176,2199,0,1000000,0,131234,868766
3135,3177,2626,0,1000000,0,139899,860101
3136,3178,2361,0,1000000,0,149635,850365
3137,3179,1404,0,1000000,0,119655,880345
3138,3180,2286,0,1000000,0,138519,861481
3139,3181,2563,0,1000000,0,119738,880262
3140,3182,1697,0,1000000,0,120684,879316
3141,3183,3007,0,1000000,0,132895,867105
3142,3184,1823,0,1000000,0,132735,867265
3143,3185,2545,0,1000000,0,145345,854655
3144,3186,2747,0,1000000,0,137180,862820
3145,3187,2925,0,1000000,0,164761,835239
3146,3188,2524,0,1000000,0,145650,854350
3147,3189,2416,0,1000000,0,121888,878112
3148,3190,2795,0,1000000,0,143309,856691
3149,3191,2988,0,1000000,0,130201,869799
3150,3192,2398,0,1000000,0,142766,857234
3151,3193,2068,0,1000000,0,122356,877644
3152,3194,3091,0,1000000,0,164669,835331
3153,3195,2384,0,1000000,0,105024,894976
3154,3196,1977,0,1000000,0,153134,846866
3155,3197,1184,0,1000000,0,79425,920575
3156,3198,1984,0,1000000,0,135765,864235
3157,3199,2003,0,1000000,0,142367,857633
3158,3200,2667,0,1000000,0,107550,892450
3159,3201,1429,0,1000000,0,84341,915659
3160,3202,2580,0,1000000,0,131392,868608
3161,3203,1780,0,1000000,0,114352,885648
3162,3204,2494,0,1000000,0,156441,843559
3163,3205,2387,0,1000000,0,120728,879272
3164,3206,1815,0,1000000,0,143400,856600
3165,3207,1344,0,1000000,0,123283,876717
3166,3208,2317,0,1000000,0,123179,876821
3167,3209,2097,0,1000000,0,133382,866618
3168,3210,2295,0,1000000,0,124074,875926
3169,3211,1858,0,1000000,0,132752,867248
3170,3212,1480,0,1000000,0,104806,895194
3171,3213,1665,0,1000000,0,120659,879341
3172,3214,3022,0,1000000,0,139071,860929
3173,3215,3564,0,1000000,0,141822,858178
3174,3216,1890,0,1000000,0,135564,864436
3175,3217,1743,0,1000000,0,145531,854469
3176,3218,1793,0,1000000,0,105328,894672
3177,3219,2304,0,1000000,0,146044,853956
3178,3220,1512,0,1000000,0,106258,893742
3179,3221,2689,0,1000000,0,139648,860352
3180,3222,1504,0,1000000,0,108866,891134
3181,3223,2190,0,1000000,0,134688,865312
3182,3224,2310,0,1000000,0,143849,856151
3183,3225,2274,0,1000000,0,127436,872564
3184,3226,2323,0,1000000,0,127041,872959
3185,3227,2381,0,1000000,0,137430,862570
3186,3228,2955,0,1000000,0,142073,857927
3187,3229,2249,0,1000000,0,112551,887449
3188,3230,2049,0,1000000,0,114954,885046
3189,3231,2126,0,1000000,0,118130,881870
3190,3232,3286,0,1000000,0,163807,836193
3191,3233,2656,0,1000000,0,180477,819523
3192,3234,2084,0,1000000,0,104188,895812
3193,3235,2716,0,1000000,0,164659,835341
3194,3236,2780,0,1000000,0,139139,860861
3195,3237,1560,0,1000000,0,130713,869287
3196,3238,1671,0,1000000,0,115946,884054
3197,3239,2145,0,1000000,0,102878,897122
3198,3240,1948,0,1000000,0,121481,878519
3199,3241,2290,0,1000000,0,119888,880112
3200,3242,1749,0,1000000,0,103300,896700
3201,3243,2003,0,1000000,0,120347,879653
3202,3244,2336,0,1000000,0,119341,880659
3203,3245,1633,0,1000000,0,116066,883934
3204,3246,2028,0,1000000,0,123693,876307
3205,3247,1865,0,1000000,0,140744,859256
3206,3248,2628,0,1000000,0,113214,886786
3207,3249,1889,0,1000000,0,122855,877145
3208,3250,2039,0,1000000,0,140124,859876
3209,3251,2908,0,1000000,0,128837,871163
3210,3252,2705,0,1000000,0,156789,843211
3211,3253,2441,0,1000000,0,128157,871843
3212,3254,1983,0,1000000,0,154625,845375
3213,3255,2042,0,1000000,0,149637,850363
3214,3256,2844,0,1000000,0,114539,885461
3215,3257,1486,0,1000000,0,101091,898909
3216,3258,2785,0,1000000,0,145400,854600
3217,3259,2836,0,1000000,0,144519,855481
3218,3260,2699,0,1000000,0,127430,872570
3219,3261,2413,0,1000000,0,137866,862134
3220,3262,2408,0,1000000,0,123596,876404
3221,3263,2130,0,1000000,0,132049,867951
3222,3264,1873,0,1000000,0,118082,881918
3223,3265,2421,0,1000000,0,134752,865248
3224,3266,3335,0,1000000,0,171718,828282
3225,3267,2909,0,1000000,0,144036,855964
3226,3268,2492,0,1000000,0,122481,877519
3227,3269,2720,0,1000000,0,128176,871824
3228,3270,1763,0,1000000,0,125517,874483
3229,3271,2132,0,1000000,0,119275,880725
3230,3272,2671,0,1000000,0,144775,855225
3231,3273,2398,0,1000000,0,112594,887406
3232,3274,3273,0,1000000,0,119364,880636
3233,3275,2371,0,1000000,0,133614,866386
3234,3276,2556,0,1000000,0,128658,871342
3235,3277,1673,0,1000000,0,119375,880625
3236,3278,2609,0,1000000,0,161327,838673
3237,3279,2084,0,1000000,0,144728,855272
3238,3280,2291,0,1000000,0,138292,861708
3239,3281,3082,0,1000000,0,141305,858695
3240,3282,2765,0,1000000,0,135857,864143
3241,3283,2165,0,1000000,0,129844,870156
3242,3284,1889,0,1000000,0,125045,874955
3243,3285,2180,0,1000000,0,135731,864269
3244,3286,2125,0,1000000,0,110669,889331
3245,3287,2354,0,1000000,0,135446,864554
3246,3288,2403,0,1000000,0,123860,876140
3247,3289,2751,0,1000000,0,120104,879896
3248,3290,1354,0,1000000,0,113402,886598
3249,3291,2383,0,1000000,0,161772,838228
3250,3292,2267,0,1000000,0,110883,889117
3251,3293,2200,0,1000000,0,132363,867637
3252,3294,1703,0,1000000,0,109456,890544
3253,3295,1607,0,1000000,0,96869,903131
3254,3296,2435,0,1000000,0,146287,853713
3255,3297,2434,0,1000000,0,129613,870387
3256,3298,1156,0,1000000,0,111396,888604
3257,3299,2876,0,1000000,0,121309,878691
3258,3300,2428,0,1000000,0,124944,875056
3259,3301,2572,0,1000000,0,133157,866843
3260,3302,2116,0,1000000,0,167171,832829
3261,3303,1378,0,1000000,0,102303,897697
3262,3304,2664,0,1000000,0,155359,844641
3263,3305,2269,0,1000000,0,144262,855738
3264,3306,2149,0,1000000,0,129611,870389
3265,3307,1880,0,1000000,0,113780,886220
3266,3308,1844,0,1000000,0,123975,876025
3267,3309,1922,0,1000000,0,121133,878867
3268,3310,2174,0,1000000,0,145844,854156
3269,3311,1925,0,1000000,0,145639,854361
3270,3312,2174,0,1000000,0,124272,875728
3271,3313,2479,0,1000000,0,143238,856762
3272,3314,2308,0,1000000,0,138617,861383
3273,3315,2307,0,1000000,0,139429,860571
3274,3316,2330,0,1000000,0,143462,856538
3275,3317,2254,0,1000000,0,119642,880358
3276,3318,1604,0,1000000,0,131564,868436
3277,3319,2016,0,1000000,0,120958,879042
3278,3320,2908,0,1000000,0,130334,869666
3279,3321,2258,0,1000000,0,157371,842629
3280,3322,1983,0,1000000,0,116430,883570
3281,3323,2502,0,1000000,0,124353,875647
3282,3324,1839,0,1000000,0,149881,850119
3283,3325,3600,0,1000000,0,143461,856539
3284,3326,1943,0,1000000,0,123368,876632
3285,3327,2988,0,1000000,0,156186,843814
3286,3328,2509,0,1000000,0,113796,886204
3287,3329,3011,0,1000000,0,155746,844254
3288,3330,2327,0,1000000,0,131051,868949
3289,3331,2082,0,1000000,0,127145,872855
3290,3332,2396,0,1000000,0,116907,883093
3291,3333,2731,0,1000000,0,150341,849659
3292,3334,2044,0,1000000,0,111257,888743
3293,3335,1919,0,1000000,0,134538,865462
3294,3336,2378,0,1000000,0,139710,860290
3295,3337,2145,0,1000000,0,119540,880460
3296,3338,2663,0,1000000,0,113667,886333
3297,3339,3452,0,1000000,0,140195,859805
3298,3340,2183,0,1000000,0,129232,870768
3299,3341,2147,0,1000000,0,140124,859876
3300,3342,2313,0,1000000,0,146196,853804
3301,3343,1446,0,1000000,0,124704,875296
3302,3344,2225,0,1000000,0,127650,872350
3303,3345,1935,0,1000000,0,116624,883376
3304,3346,3168,0,1000000,0,194808,805192
3305,3347,2073,0,1000000,0,142528,857472
3306,3348,1617,0,1000000,0,105940,894060
3307,3349,1720,0,1000000,0,142562,857438
3308,3350,2683,0,1000000,0,170818,829182
3309,3351,2090,0,1000000,0,140780,859220
3310,3352,2825,0,1000000,0,162699,837301
3311,3353,2096,0,1000000,0,107726,892274
3312,3354,3311,0,1000000,0,137274,862726
3313,3355,1852,0,1000000,0,141365,858635
3314,3356,2319,0,1000000,0,148810,851190
3315,3357,2225,0,1000000,0,125494,874506
3316,3358,2007,0,1000000,0,121308,878692
3317,3359,2390,0,1000000,0,140440,859560
3318,3360,2985,0,1000000,0,153260,846740
3319,3361,2660,0,1000000,0,130618,869382
3320,3362,2478,0,1000000,0,164937,835063
3321,3363,2897,0,1000000,0,144262,855738
3322,3364,2002,0,1000000,0,104344,895656
3323,3365,2412,0,1000000,0,129576,870424
3324,3366,2144,0,1000000,0,127637,872363
3325,3367,2121,0,1000000,0,162392,837608
3326,3368,2160,0,1000000,0,111734,888266
3327,3369,1610,0,1000000,0,119848,880152
3328,3370,2741,0,1000000,0,163617,836383
3329,3371,2471,0,1000000,0,133224,866776
3330,3372,1776,0,1000000,0,139504,860496
3331,3373,3416,0,1000000,0,157812,842188
3332,3374,2446,0,1000000,0,141027,858973
3333,3375,2068,0,1000000,0,119166,880834
3334,3376,1896,0,1000000,0,115250,884750
3335,3377,2956,0,1000000,0,161065,838935
3336,3378,2012,0,1000000,0,138422,861578
3337,3379,2714,0,1000000,0,130375,869625
3338,3380,2151,0,1000000,0,122463,877537
3339,3381,2338,0,1000000,0,135417,864583
3340,3382,2590,0,1000000,0,143230,856770
3341,3383,2231,0,1000000,0,124345,875655
3342,3384,2125,0,1000000,0,121554,878446
3343,3385,2078,0,1000000,0,145745,854255
3344,3386,2430,0,1000000,0,127178,872822
3345,3387,2438,0,1000000,0,159766,840234
3346,3388,1941,0,1000000,0,138400,861600
3347,3389,2144,0,1000000,0,126502,873498
3348,3390,2183,0,1000000,0,127790,872210
3349,3391,2268,0,1000000,0,130004,869996
3350,3392,3144,0,1000000,0,131160,868840
3351,3393,2715,0,1000000,0,158367,841633
3352,3394,2938,0,1000000,0,103268,896732
3353,3395,2651,0,1000000,0,128401,871599
3354,3396,2286,0,1000000,0,134364,865636
3355,3397,2240,0,1000000,0,149136,850864
3356,3398,1988,0,1000000,0,127463,872537
3357,3399,2293,0,1000000,0,138556,861444
3358,3400,2520,0,1000000,0,122307,877693
3359,3401,2591,0,1000000,0,151426,848574
3360,3402,2648,0,1000000,0,152817,847183
3361,3403,2289,0,1000000,0,132792,867208
3362,3404,2085,0,1000000,0,155719,844281
3363,3405,2116,0,1000000,0,106445,893555
3364,3406,2040,0,1000000,0,110874,889126
3365,3407,3100,0,1000000,0,141486,858514
3366,3408,1948,0,1000000,0,105808,894192
3367,3409,2109,0,1000000,0,122178,877822
3368,3410,2441,0,1000000,0,158229,841771
3369,3411,2471,0,1000000,0,151343,848657
3370,3412,1907,0,1000000,0,111069,888931
3371,3413,2393,0,1000000,0,134110,865890
3372,3414,2528,0,1000000,0,131501,868499
3373,3415,2050,0,1000000,0,122035,877965
3374,3416,2145,0,1000000,0,132030,867970
3375,3417,2383,0,1000000,0,158000,842000
3376,3418,2117,0,1000000,0,124232,875768
3377,3419,2244,0,1000000,0,139213,860787
3378,3420,1875,0,1000000,0,123639,876361
3379,3421,2192,0,1000000,0,101349,898651
3380,3422,2259,0,1000000,0,138723,861277
3381,3423,3223,0,1000000,0,176232,823768
3382,3424,3325,0,1000000,0,161169,838831
3383,3425,2212,0,1000000,0,139124,860876
3384,3426,2586,0,1000000,0,130212,869788
3385,3427,2531,0,1000000,0,164684,835316
3386,3428,2843,0,1000000,0,128833,871167
3387,3429,2404,0,1000000,0,155526,844474
3388,3430,2141,0,1000000,0,138438,861562
3389,3431,1907,0,1000000,0,134026,865974
3390,3432,2593,0,1000000,0,120537,879463
3391,3433,2105,0,1000000,0,143438,856562
3392,3434,1712,0,1000000,0,122692,877308
3393,3435,1710,0,1000000,0,123410,876590
3394,3436,3218,0,1000000,0,156324,843676
3395,3437,1847,0,1000000,0,142497,857503
3396,3438,2497,0,1000000,0,116805,883195
3397,3439,1811,0,1000000,0,154683,845317
3398,3440,2463,0,1000000,0,130429,869571
3399,3441,2842,0,1000000,0,166389,833611
3400,3442,2182,0,1000000,0,122216,877784
3401,3443,2136,0,1000000,0,117279,882721
3402,3444,1886,0,1000000,0,145691,854309
3403,3445,2384,0,1000000,0,148769,851231
3404,3446,2221,0,1000000,0,133886,866114
3405,3447,2140,0,1000000,0,138400,861600
3406,3448,1973,0,1000000,0,107143,892857
3407,3449,2062,0,1000000,0,126615,873385
3408,3450,2886,0,1000000,0,151313,848687
3409,3451,3384,0,1000000,0,119071,880929
3410,3452,2608,0,1000000,0,154599,845401
3411,3453,2099,0,1000000,0,119951,880049
3412,3454,2223,0,1000000,0,109681,890319
3413,3455,2559,0,1000000,0,117620,882380
3414,3456,2072,0,1000000,0,129020,870980
3415,3457,2398,0,1000000,0,140344,859656
3416,3458,2457,0,1000000,0,143325,856675
3417,3459,2239,0,1000000,0,143180,856820
3418,3460,2199,0,1000000,0,121440,878560
3419,3461,1901,0,1000000,0,124839,875161
3420,3462,2704,0,1000000,0,140039,859961
3421,3463,1804,0,1000000,0,128284,871716
3422,3464,2375,0,1000000,0,156300,843700
3423,3465,2970,0,1000000,0,176167,823833
3424,3466,2319,0,1000000,0,114397,885603
3425,3467,2302,0,1000000,0,136392,863608
3426,3468,1701,0,1000000,0,127752,872248
3427,3469,2092,0,1000000,0,139460,860540
3428,3470,2212,0,1000000,0,115528,884472
3429,3471,1789,0,1000000,0,132016,867984
3430,3472,1234,0,1000000,0,131594,868406
3431,3473,1999,0,1000000,0,130249,869751
3432,3474,2338,0,1000000,0,153631,846369
3433,3475,2101,0,1000000,0,140018,859982
3434,3476,2022,0,1000000,0,127962,872038
3435,3477,2040,0,1000000,0,118634,881366
3436,3478,3010,0,1000000,0,141741,858259
3437,3479,2495,0,1000000,0,124695,875305
3438,3480,1911,0,1000000,0,111511,888489
3439,3481,3062,0,1000000,0,162666,837334
3440,3482,2272,0,1000000,0,134889,865111
3441,3483,2480,0,1000000,0,148892,851108
3442,3484,1987,0,1000000,0,143200,856800
3443,3485,2234,0,1000000,0,133915,866085
3444,3486,2679,0,1000000,0,147231,852769
3445,3487,1633,0,1000000,0,131941,868059
3446,3488,2871,0,1000000,0,142215,857785
3447,3489,2489,0,1000000,0,149689,850311
3448,3490,2109,0,1000000,0,114010,885990
3449,3491,2507,0,1000000,0,148891,851109
3450,3492,1547,0,1000000,0,124649,875351
3451,3493,1907,0,1000000,0,98956,901044
3452,3494,2045,0,1000000,0,116616,883384
3453,3495,2366,0,1000000,0,125524,874476
3454,3496,2700,0,1000000,0,160507,839493
3455,3497,2228,0,1000000,0,122743,877257
3456,3498,2369,0,1000000,0,134693,865307
3457,3499,2433,0,1000000,0,157568,842432
3458,3500,1659,0,1000000,0,103128,896872
3459,3501,2522,0,1000000,0,130179,869821
3460,3502,2230,0,1000000,0,138518,861482
3461,3503,2952,0,1000000,0,155564,844436
3462,3504,2560,0,1000000,0,125848,874152
3463,3505,2401,0,1000000,0,131720,868280
3464,3506,2993,0,1000000,0,146849,853151
3465,3507,1934,0,1000000,0,128858,871142
3466,3508,2807,0,1000000,0,149248,850752
3467,3509,2256,0,1000000,0,114015,885985
3468,3510,2176,0,1000000,0,119149,880851
3469,3511,2032,0,1000000,0,104829,895171
3470,3512,2553,0,1000000,0,151999,848001
3471,3513,3064,0,1000000,0,143235,856765
3472,3514,1998,0,1000000,0,146626,853374
3473,3515,1766,0,1000000,0,99864,900136
3474,3516,2363,0,1000000,0,141884,858116
3475,3517,3022,0,1000000,0,141968,858032
3476,3518,1678,0,1000000,0,114147,885853
3477,3519,2644,0,1000000,0,179429,820571
3478,3520,2485,0,1000000,0,172586,827414
3479,3521,2431,0,1000000,0,142812,857188
3480,3522,1581,0,1000000,0,115481,884519
3481,3523,2931,0,1000000,0,119407,880593
3482,3524,1491,0,1000000,0,119811,880189
3483,3525,1345,0,1000000,0,102583,897417
3484,3526,1317,0,1000000,0,117611,882389
3485,3527,1907,0,1000000,0,125025,874975
3486,3528,2352,0,1000000,0,149422,850578
3487,3529,1865,0,1000000,0,123827,876173
3488,3530,2338,0,1000000,0,117256,882744
3489,3531,2811,0,1000000,0,149358,850642
3490,3532,2003,0,1000000,0,132914,867086
3491,3533,1755,0,1000000,0,103148,896852
3492,3534,2643,0,1000000,0,128433,871567
3493,3535,2500,0,1000000,0,133689,866311
3494,3536,2693,0,1000000,0,192270,807730
3495,3537,1355,0,1000000,0,90937,909063
3496,3538,2577,0,1000000,0,131553,868447
3497,3539,2254,0,1000000,0,126641,873359
3498,3540,3087,0,1000000,0,131874,868126
3499,3541,2074,0,1000000,0,127658,872342
3500,3542,2445,0,1000000,0,138482,861518
3501,3543,2517,0,1000000,0,131390,868610
3502,3544,2075,0,1000000,0,133571,866429
3503,3545,2256,0,1000000,0,148585,851415
3504,3546,2164,0,1000000,0,151766,848234
3505,3547,1396,0,1000000,0,112607,887393
3506,3548,2199,0,1000000,0,132821,867179
3507,3549,2929,0,1000000,0,120853,879147
3508,3550,2094,0,1000000,0,145069,854931
3509,3551,2386,0,1000000,0,128625,871375
3510,3552,2296,0,1000000,0,138543,861457
3511,3553,3308,0,1000000,0,158107,841893
3512,3554,3005,0,1000000,0,108513,891487
3513,3555,1955,0,1000000,0,141340,858660
3514,3556,2410,0,1000000,0,142612,857388
3515,3557,2639,0,1000000,0,154115,845885
3516,3558,2021,0,1000000,0,112430,887570
3517,3559,2841,0,1000000,0,139395,860605
3518,3560,2818,0,1000000,0,149018,850982
3519,3561,1943,0,1000000,0,108893,891107
3520,3562,2326,0,1000000,0,128260,871740
3521,3563,1718,0,1000000,0,111134,888866
3522,3564,1542,0,1000000,0,132190,867810
3523,3565,2768,0,1000000,0,139296,860704
3524,3566,1980,0,1000000,0,154620,845380
3525,3567,3093,0,1000000,0,145564,854436
3526,3568,2885,0,1000000,0,149780,850220
3527,3569,1973,0,1000000,0,134498,865502
3528,3570,2887,0,1000000,0,148094,851906
3529,3571,2641,0,1000000,0,140498,859502
3530,3572,2776,0,1000000,0,169593,830407
3531,3573,2255,0,1000000,0,112456,887544
3532,3574,2010,0,1000000,0,140773,859227
3533,3575,2202,0,1000000,0,127160,872840
3534,3576,2985,0,1000000,0,138786,861214
3535,3577,2417,0,1000000,0,125873,874127
3536,3578,1194,0,1000000,0,102254,897746
3537,3579,2422,0,1000000,0,154621,845379
3538,3580,1656,0,1000000,0,128707,871293
3539,3581,2295,0,1000000,0,152466,847534
3540,3582,2387,0,1000000,0,129844,870156
3541,3583,1730,0,1000000,0,117013,882987
3542,3584,2140,0,1000000,0,149913,850087
3543,3585,2725,0,1000000,0,122659,877341
3544,3586,2596,0,1000000,0,136208,863792
3545,3587,2589,0,1000000,0,164314,835686
3546,3588,1901,0,1000000,0,103144,896856
3547,3589,2131,0,1000000,0,122314,877686
3548,3590,2565,0,1000000,0,141905,858095
3549,3591,2209,0,1000000,0,116398,883602
3550,3592,2348,0,1000000,0,116178,883822
3551,3593,1946,0,1000000,0,127579,872421
3552,3594,2198,0,1000000,0,152291,847709
3553,3595,2364,0,1000000,0,84972,915028
3554,3596,2904,0,1000000,0,143312,856688
3555,3597,2728,0,1000000,0,176120,823880
3556,3598,1644,0,1000000,0,118370,881630
3557,3599,2104,0,1000000,0,123018,876982
3558,3600,2056,0,1000000,0,101246,898754
3559,3601,3022,0,1000000,0,153414,846586
3560,3602,2446,0,1000000,0,129891,870109
3561,3603,2156,0,1000000,0,122027,877973
3562,3604,3640,0,1000000,0,126814,873186
3563,3605,1910,0,1000000,0,159332,840668
3564,3606,2312,0,1000000,0,163536,836464
3565,3607,2022,0,1000000,0,147743,852257
3566,3608,1904,0,1000000,0,153053,846947
3567,3609,1849,0,1000000,0,134274,865726
3568,3610,1511,0,1000000,0,143129,856871
3569,3611,2518,0,1000000,0,117850,882150
3570,3612,3200,0,1000000,0,123573,876427
3571,3613,2791,0,1000000,0,152778,847222
3572,3614,2089,0,1000000,0,154581,845419
3573,3615,2663,0,1000000,0,165663,834337
3574,3616,2218,0,1000000,0,120465,879535
3575,3617,2621,0,1000000,0,130736,869264
3576,3618,3165,0,1000000,0,142243,857757
3577,3619,1922,0,1000000,0,110530,889470
3578,3620,2748,0,1000000,0,149914,850086
3579,3621,2519,0,1000000,0,128173,871827
3580,3622,1572,0,1000000,0,121270,878730
3581,3623,2638,0,1000000,0,128262,871738
3582,3624,1563,0,1000000,0,91902,908098
3583,3625,2148,0,1000000,0,116892,883108
3584,3626,2945,0,1000000,0,150299,849701
3585,3627,2170,0,1000000,0,136088,863912
3586,3628,2441,0,1000000,0,130539,869461
3587,3629,2919,0,1000000,0,151280,848720
3588,3630,1780,0,1000000,0,116281,883719
3589,3631,2687,0,1000000,0,119254,880746
3590,3632,2242,0,1000000,0,121468,878532
3591,3633,1929,0,1000000,0,133380,866620
3592,3634,2212,0,1000000,0,116943,883057
3593,3635,2497,0,1000000,0,139773,860227
3594,3636,3208,0,1000000,0,137776,862224
3595,3637,2376,0,1000000,0,132688,867312
3596,3638,1956,0,1000000,0,142168,857832
3597,3639,2586,0,1000000,0,132530,867470
3598,3640,2486,0,1000000,0,137689,862311
3599,3641,2160,0,1000000,0,98975,901025
3600,3642,2492,0,1000000,0,148660,851340
3601,3643,2030,0,1000000,0,150626,849374
3602,3644,2001,0,1000000,0,125842,874158
3603,3645,1780,0,1000000,0,113245,886755
3604,3646,1863,0,1000000,0,115156,884844
3605,3647,1959,0,1000000,0,129938,870062
3606,3648,2289,0,1000000,0,113475,886525
3607,3649,2848,0,1000000,0,154686,845314
3608,3650,2043,0,1000000,0,122147,877853
3609,3651,1416,0,1000000,0,114043,885957
3610,3652,1566,0,1000000,0,121457,878543
3611,3653,2128,0,1000000,0,140298,859702
3612,3654,1623,0,1000000,0,108075,891925
3613,3655,2079,0,1000000,0,121180,878820
3614,3656,2322,0,1000000,0,107835,892165
3615,3657,2051,0,1000000,0,132447,867553
3616,3658,2104,0,1000000,0,153661,846339
3617,3659,2461,0,1000000,0,135651,864349
3618,3660,3183,0,1000000,0,103357,896643
3619,3661,3276,0,1000000,0,168436,831564
3620,3662,1828,0,1000000,0,112998,887002
3621,3663,2015,0,1000000,0,138445,861555
3622,3664,2303,0,1000000,0,124784,875216
3623,3665,2625,0,1000000,0,148372,851628
3624,3666,2609,0,1000000,0,147467,852533
3625,3667,2512,0,1000000,0,143603,856397
3626,3668,2452,0,1000000,0,141970,858030
3627,3669,2348,0,1000000,0,122970,877030
3628,3670,1662,0,1000000,0,96138,903862
3629,3671,2603,0,1000000,0,136360,863640
3630,3672,2112,0,1000000,0,161425,838575
3631,3673,2869,0,1000000,0,165380,834620
3632,3674,2144,0,1000000,0,131457,868543
3633,3675,1890,0,1000000,0,132713,867287
3634,3676,2011,0,1000000,0,145072,854928
3635,3677,2860,0,1000000,0,151830,848170
3636,3678,1671,0,1000000,0,87610,912390
3637,3679,2152,0,1000000,0,122038,877962
3638,3680,2123,0,1000000,0,135040,864960
3639,3681,2345,0,1000000,0,135501,864499
3640,3682,2703,0,1000000,0,141252,858748
3641,3683,1927,0,1000000,0,126303,873697
3642,3684,1913,0,1000000,0,136528,863472
3643,3685,3019,0,1000000,0,151544,848456
3644,3686,2181,0,1000000,0,119709,880291
3645,3687,2146,0,1000000,0,161694,838306
3646,3688,2717,0,1000000,0,136456,863544
3647,3689,1834,0,1000000,0,139365,860635
3648,3690,2418,0,1000000,0,145372,854628
3649,3691,2617,0,1000000,0,113786,886214
3650,3692,3492,0,1000000,0,139870,860130
3651,3693,2144,0,1000000,0,141013,858987
3652,3694,2513,0,1000000,0,142168,857832
3653,3695,2134,0,1000000,0,127179,872821
3654,3696,1822,0,1000000,0,134129,865871
3655,3697,1926,0,1000000,0,104719,895281
3656,3698,1819,0,1000000,0,135411,864589
3657,3699,2872,0,1000000,0,100035,899965
3658,3700,2606,0,1000000,0,119861,880139
3659,3701,1536,0,1000000,0,128469,871531
3660,3702,2774,0,1000000,0,125348,874652
3661,3703,2596,0,1000000,0,125698,874302
3662,3704,2463,0,1000000,0,168193,831807
3663,3705,2085,0,1000000,0,120889,879111
3664,3706,1955,0,1000000,0,162930,837070
3665,3707,2463,0,1000000,0,134644,865356
3666,3708,2141,0,1000000,0,175600,824400
3667,3709,2666,0,1000000,0,139771,860229
3668,3710,3076,0,1000000,0,172155,827845
3669,3711,2789,0,1000000,0,149832,850168
3670,3712,2125,0,1000000,0,119862,880138
3671,3713,2869,0,1000000,0,151921,848079
3672,3714,2013,0,1000000,0,109889,890111
3673,3715,2681,0,1000000,0,138989,861011
3674,3716,2452,0,1000000,0,152756,847244
3675,3717,2015,0,1000000,0,172688,827312
3676,3718,2138,0,1000000,0,139517,860483
3677,3719,2311,0,1000000,0,152414,847586
3678,3720,1825,0,1000000,0,142892,857108
3679,3721,3125,0,1000000,0,158090,841910
3680,3722,1971,0,1000000,0,131364,868636
3681,3723,2197,0,1000000,0,106558,893442
3682,3724,1726,0,1000000,0,163747,836253
3683,3725,2950,0,1000000,0,159754,840246
3684,3726,2053,0,1000000,0,144211,855789
3685,3727,2323,0,1000000,0,147028,852972
3686,3728,1706,0,1000000,0,129943,870057
3687,3729,2725,0,1000000,0,141707,858293
3688,3730,2476,0,1000000,0,146709,853291
3689,3731,3087,0,1000000,0,132922,867078
3690,3732,2855,0,1000000,0,146622,853378
3691,3733,2789,0,1000000,0,146727,853273
3692,3734,2088,0,1000000,0,106789,893211
3693,3735,1942,0,1000000,0,122613,877387
3694,3736,2557,0,1000000,0,141360,858640
3695,3737,1786,0,1000000,0,134464,865536
3696,3738,2104,0,1000000,0,107113,892887
3697,3739,2399,0,1000000,0,127026,872974
3698,3740,2495,0,1000000,0,130969,869031
3699,3741,2113,0,1000000,0,107602,892398
3700,3742,2063,0,1000000,0,102244,897756
3701,3743,2189,0,1000000,0,130762,869238
3702,3744,2458,0,1000000,0,119383,880617
3703,3745,2133,0,1000000,0,94237,905763
3704,3746,2672,0,1000000,0,156466,843534
3705,3747,1880,0,1000000,0,127231,872769
3706,3748,2376,0,1000000,0,130308,869692
3707,3749,1963,0,1000000,0,144327,855673
3708,3750,2558,0,1000000,0,136986,863014
3709,3751,2558,0,1000000,0,146843,853157
3710,3752,2061,0,1000000,0,118791,881209
3711,3753,2377,0,1000000,0,149972,850028
3712,3754,2784,0,1000000,0,142294,857706
3713,3755,1841,0,1000000,0,125840,874160
3714,3756,2485,0,1000000,0,145876,854124
3715,3757,2000,0,1000000,0,106930,893070
3716,3758,2938,0,1000000,0,124231,875769
3717,3759,1932,0,1000000,0,114344,885656
3718,3760,2919,0,1000000,0,142651,857349
3719,3761,1406,0,1000000,0,109802,890198
3720,3762,2887,0,1000000,0,136452,863548
3721,3763,2085,0,1000000,0,127811,872189
3722,3764,2193,0,1000000,0,177064,822936
3723,3765,2639,0,1000000,0,134777,865223
3724,3766,3144,0,1000000,0,132683,867317
3725,3767,1302,0,1000000,0,112735,887265
3726,3768,1557,0,1000000,0,146778,853222
3727,3769,2265,0,1000000,0,157511,842489
3728,3770,3023,0,1000000,0,145611,854389
3729,3771,1707,0,1000000,0,115322,884678
3730,3772,2597,0,1000000,0,134359,865641
3731,3773,1842,0,1000000,0,134232,865768
3732,3774,2614,0,1000000,0,142325,857675
3733,3775,2479,0,1000000,0,145507,854493
3734,3776,2297,0,1000000,0,148373,851627
3735,3777,1926,0,1000000,0,136869,863131
3736,3778,1895,0,1000000,0,154818,845182
3737,3779,2075,0,1000000,0,146603,853397
3738,3780,2902,0,1000000,0,144726,855274
3739,3781,2429,0,1000000,0,122510,877490
3740,3782,2242,0,1000000,0,153823,846177
3741,3783,1696,0,1000000,0,119271,880729
3742,3784,1992,0,1000000,0,115988,884012
3743,3785,2745,0,1000000,0,143563,856437
3744,3786,2307,0,1000000,0,161648,838352
3745,3787,1783,0,1000000,0,143778,856222
3746,3788,2427,0,1000000,0,131977,868023
3747,3789,4295,0,1000000,0,136984,863016
3748,3790,1428,0,1000000,0,111385,888615
3749,3791,2136,0,1000000,0,126503,873497
3750,3792,2410,0,1000000,0,125923,874077
3751,3793,2096,0,1000000,0,116981,883019
3752,3794,2060,0,1000000,0,137870,862130
3753,3795,1873,0,1000000,0,131358,868642
3754,3796,2349,0,1000000,0,136032,863968
3755,3797,2403,0,1000000,0,121307,878693
3756,3798,3460,0,1000000,0,151899,848101
3757,3799,2139,0,1000000,0,111534,888466
3758,3800,2246,0,1000000,0,139084,860916
3759,3801,3153,0,1000000,0,131547,868453
3760,3802,2687,0,1000000,0,146633,853367
3761,3803,1627,0,1000000,0,131388,868612
3762,3804,2246,0,1000000,0,137319,862681
3763,3805,2484,0,1000000,0,145003,854997
3764,3806,2396,0,1000000,0,147762,852238
3765,3807,1463,0,1000000,0,95570,904430
3766,3808,2470,0,1000000,0,142442,857558
3767,3809,1691,0,1000000,0,135019,864981
3768,3810,1616,0,1000000,0,125763,874237
3769,3811,2323,0,1000000,0,154631,845369
3770,3812,2103,0,1000000,0,130928,869072
3771,3813,1535,0,1000000,0,101557,898443
3772,3814,2849,0,1000000,0,170170,829830
3773,3815,2054,0,1000000,0,114872,885128
3774,3816,1795,0,1000000,0,100774,899226
3775,3817,1848,0,1000000,0,97774,902226
3776,3818,1630,0,1000000,0,114016,885984
3777,3819,2759,0,1000000,0,120412,879588
3778,3820,2087,0,1000000,0,124537,875463
3779,3821,2949,0,1000000,0,115098,884902
3780,3822,2839,0,1000000,0,136611,863389
3781,3823,2282,0,1000000,0,145608,854392
3782,3824,2717,0,1000000,0,113484,886516
3783,3825,1813,0,1000000,0,106910,893090
3784,3826,2968,0,1000000,0,148411,851589
3785,3827,1263,0,1000000,0,125457,874543
3786,3828,1636,0,1000000,0,157733,842267
3787,3829,2084,0,1000000,0,94602,905398
3788,3830,1648,0,1000000,0,109268,890732
3789,3831,2624,0,1000000,0,139006,860994
3790,3832,2027,0,1000000,0,137662,862338
3791,3833,2094,0,1000000,0,143380,856620
3792,3834,3123,0,1000000,0,155951,844049
3793,3835,3142,0,1000000,0,124862,875138
3794,3836,1804,0,1000000,0,119899,880101
3795,3837,3259,0,1000000,0,165362,834638
3796,3838,2357,0,1000000,0,134927,865073
3797,3839,1942,0,1000000,0,133139,866861
3798,3840,2296,0,1000000,0,129263,870737
3799,3841,3632,0,1000000,0,148176,851824
3800,3842,1966,0,1000000,0,128713,871287
3801,3843,2610,0,1000000,0,137783,862217
3802,3844,2271,0,1000000,0,148917,851083
3803,3845,1745,0,1000000,0,109148,890852
3804,3846,2510,0,1000000,0,137036,862964
3805,3847,2236,0,1000000,0,104985,895015
3806,3848,3062,0,1000000,0,131176,868824
3807,3849,1928,0,1000000,0,120726,879274
3808,3850,2608,0,1000000,0,146730,853270
3809,3851,2474,0,1000000,0,140104,859896
3810,3852,2675,0,1000000,0,160102,839898
3811,3853,1852,0,1000000,0,134594,865406
3812,3854,2492,0,1000000,0,145272,854728
3813,3855,2778,0,1000000,0,122900,877100
3814,3856,2094,0,1000000,0,113968,886032
3815,3857,3081,0,1000000,0,145471,854529
3816,3858,2591,0,1000000,0,121455,878545
3817,3859,2456,0,1000000,0,130304,869696
3818,3860,2840,0,1000000,0,148942,851058
3819,3861,2175,0,1000000,0,145963,854037
3820,3862,2563,0,1000000,0,111873,888127
3821,3863,3066,0,1000000,0,165197,834803
3822,3864,2035,0,1000000,0,114582,885418
3823,3865,2069,0,1000000,0,143120,856880
3824,3866,1221,0,1000000,0,118024,881976
3825,3867,2937,0,1000000,0,147562,852438
3826,3868,2164,0,1000000,0,136255,863745
3827,3869,2694,0,1000000,0,140151,859849
3828,3870,2718,0,1000000,0,152156,847844
3829,3871,2700,0,1000000,0,131752,868248
3830,3872,2290,0,1000000,0,121329,878671
3831,3873,2045,0,1000000,0,136850,863150
3832,3874,2747,0,1000000,0,114939,885061
3833,3875,2010,0,1000000,0,113877,886123
3834,3876,2917,0,1000000,0,129664,870336
3835,3877,2659,0,1000000,0,199112,800888
3836,3878,3132,0,1000000,0,169916,830084
3837,3879,1974,0,1000000,0,160028,839972
3838,3880,2406,0,1000000,0,133632,866368
3839,3881,2924,0,1000000,0,133150,866850
3840,3882,2645,0,1000000,0,142323,857677
3841,3883,2381,0,1000000,0,119435,880565
3842,3884,3283,0,1000000,0,142515,857485
3843,3885,2062,0,1000000,0,119205,880795
3844,3886,2481,0,1000000,0,137218,862782
3845,3887,2469,0,1000000,0,113571,886429
3846,3888,2143,0,1000000,0,144922,855078
3847,3889,1522,0,1000000,0,120029,879971
3848,3890,1628,0,1000000,0,102596,897404
3849,3891,1568,0,1000000,0,139900,860100
3850,3892,3055,0,1000000,0,138664,861336
3851,3893,2043,0,1000000,0,145335,854665
3852,3894,2148,0,1000000,0,130802,869198
3853,3895,1766,0,1000000,0,116180,883820
3854,3896,1971,0,1000000,0,133077,866923
3855,3897,2884,0,1000000,0,140153,859847
3856,3898,1804,0,1000000,0,111688,888312
3857,3899,2623,0,1000000,0,125939,874061
3858,3900,1767,0,1000000,0,119414,880586
3859,3901,1939,0,1000000,0,126855,873145
3860,3902,2582,0,1000000,0,167486,832514
3861,3903,2640,0,1000000,0,145454,854546
3862,3904,2436,0,1000000,0,122926,877074
3863,3905,2245,0,1000000,0,135885,864115
3864,3906,1940,0,1000000,0,123851,876149
3865,3907,2618,0,1000000,0,145540,854460
3866,3908,2293,0,1000000,0,150393,849607
3867,3909,3049,0,1000000,0,148868,851132
3868,3910,3312,0,1000000,0,147728,852272
3869,3911,1940,0,1000000,0,130526,869474
3870,3912,1938,0,1000000,0,147221,852779
3871,3913,2069,0,1000000,0,106366,893634
3872,3914,1854,0,1000000,0,139424,860576
3873,3915,1817,0,1000000,0,102156,897844
3874,3916,2466,0,1000000,0,119061,880939
3875,3917,2958,0,1000000,0,139900,860100
3876,3918,1865,0,1000000,0,122403,877597
3877,3919,3019,0,1000000,0,139056,860944
3878,3920,2114,0,1000000,0,113861,886139
3879,3921,1606,0,1000000,0,137895,862105
3880,3922,2241,0,1000000,0,154942,845058
3881,3923,2448,0,1000000,0,146501,853499
3882,3924,1939,0,1000000,0,124434,875566
3883,3925,2364,0,1000000,0,168680,831320
3884,3926,2027,0,1000000,0,106511,893489
3885,3927,2459,0,1000000,0,140735,859265
3886,3928,2037,0,1000000,0,143549,856451
3887,3929,2197,0,1000000,0,110034,889966
3888,3930,1775,0,1000000,0,118809,881191
3889,3931,2714,0,1000000,0,140349,859651
3890,3932,1731,0,1000000,0,111746,888254
3891,3933,2114,0,1000000,0,130654,869346
3892,3934,2449,0,1000000,0,141040,858960
3893,3935,2905,0,1000000,0,140779,859221
3894,3936,1986,0,1000000,0,125998,874002
3895,3937,1826,0,1000000,0,134749,865251
3896,3938,2868,0,1000000,0,139533,860467
3897,3939,1934,0,1000000,0,119302,880698
3898,3940,1529,0,1000000,0,102035,897965
3899,3941,2609,0,1000000,0,143913,856087
3900,3942,2003,0,1000000,0,116408,883592
3901,3943,1687,0,1000000,0,88741,911259
3902,3944,1951,0,1000000,0,127909,872091
3903,3945,2915,0,1000000,0,130361,869639
3904,3946,2041,0,1000000,0,98670,901330
3905,3947,2690,0,1000000,0,144175,855825
3906,3948,1937,0,1000000,0,140155,859845
3907,3949,2355,0,1000000,0,145636,854364
3908,3950,3322,0,1000000,0,148926,851074
3909,3951,2518,0,1000000,0,93554,906446
3910,3952,3064,0,1000000,0,170910,829090
3911,3953,2106,0,1000000,0,119132,880868
3912,3954,2406,0,1000000,0,150676,849324
3913,3955,2163,0,1000000,0,120416,879584
3914,3956,2456,0,1000000,0,148291,851709
3915,3957,1563,0,1000000,0,120145,879855
3916,3958,3001,0,1000000,0,174860,825140
3917,3959,2824,0,1000000,0,129588,870412
3918,3960,3069,0,1000000,0,125422,874578
3919,3961,1909,0,1000000,0,127374,872626
3920,3962,2126,0,1000000,0,150417,849583
3921,3963,2519,0,1000000,0,151093,848907
3922,3964,2336,0,1000000,0,132619,867381
3923,3965,2689,0,1000000,0,139631,860369
3924,3966,2394,0,1000000,0,94127,905873
3925,3967,2896,0,1000000,0,138779,861221
3926,3968,2241,0,1000000,0,143773,856227
3927,3969,2105,0,1000000,0,142403,857597
3928,3970,1685,0,1000000,0,105946,894054
3929,3971,2335,0,1000000,0,118516,881484
3930,3972,2267,0,1000000,0,116527,883473
3931,3973,1729,0,1000000,0,118090,881910
3932,3974,2517,0,1000000,0,138611,861389
3933,3975,1888,0,1000000,0,146946,853054
3934,3976,1785,0,1000000,0,120967,879033
3935,3977,2184,0,1000000,0,129505,870495
3936,3978,2048,0,1000000,0,133987,866013
3937,3979,2213,0,1000000,0,149074,850926
3938,3980,2104,0,1000000,0,119126,880874
3939,3981,2296,0,1000000,0,151534,848466
3940,3982,2644,0,1000000,0,163516,836484
3941,3983,3144,0,1000000,0,150613,849387
3942,3984,2558,0,1000000,0,138336,861664
3943,3985,1863,0,1000000,0,113841,886159
3944,3986,1789,0,1000000,0,125643,874357
3945,3987,2221,0,1000000,0,109435,890565
3946,3988,2530,0,1000000,0,135366,864634
3947,3989,2378,0,1000000,0,118677,881323
3948,3990,2726,0,1000000,0,143542,856458
3949,3991,2240,0,1000000,0,138976,861024
3950,3992,1652,0,1000000,0,112275,887725
3951,3993,1775,0,1000000,0,124723,875277
3952,3994,2604,0,1000000,0,112831,887169
3953,3995,2068,0,1000000,0,107761,892239
3954,3996,2228,0,1000000,0,112515,887485
3955,3997,1847,0,1000000,0,101267,898733
3956,3998,2312,0,1000000,0,122185,877815
3957,3999,2006,0,1000000,0,123565,876435
3958,4000,2403,0,1000000,0,162848,837152
3959,4001,2563,0,1000000,0,148304,851696
3960,4002,2448,0,1000000,0,127069,872931
3961,4003,2256,0,1000000,0,133957,866043
3962,4004,3024,0,1000000,0,135986,864014
3963,4005,2317,0,1000000,0,151576,848424
3964,4006,2983,0,1000000,0,139979,860021
3965,4007,2605,0,1000000,0,140294,859706
3966,4008,1770,0,1000000,0,116600,883400
3967,4009,3244,0,1000000,0,133669,866331
3968,4010,2283,0,1000000,0,128907,871093
3969,4011,1693,0,1000000,0,136575,863425
3970,4012,2019,0,1000000,0,93098,906902
3971,4013,1510,0,1000000,0,108545,891455
3972,4014,2042,0,1000000,0,116862,883138
3973,4015,2220,0,1000000,0,140666,859334
3974,4016,1984,0,1000000,0,101711,898289
3975,4017,2526,0,1000000,0,145782,854218
3976,4018,1654,0,1000000,0,104504,895496
3977,4019,3261,0,1000000,0,164582,835418
3978,4020,2556,0,1000000,0,134300,865700
3979,4021,2831,0,1000000,0,173319,826681
3980,4022,2327,0,1000000,0,97245,902755
3981,4023,2703,0,1000000,0,128628,871372
3982,4024,2049,0,1000000,0,122624,877376
3983,4025,2687,0,1000000,0,166022,833978
3984,4026,2829,0,1000000,0,143964,856036
3985,4027,1947,0,1000000,0,122823,877177
3986,4028,1371,0,1000000,0,132542,867458
3987,4029,1619,0,1000000,0,126634,873366
3988,4030,1567,0,1000000,0,104641,895359
3989,4031,2273,0,1000000,0,136106,863894
3990,4032,2955,0,1000000,0,164500,835500
3991,4033,1697,0,1000000,0,128493,871507
3992,4034,3178,0,1000000,0,150617,849383
3993,4035,1454,0,1000000,0,107217,892783
3994,4036,2130,0,1000000,0,129813,870187
3995,4037,2578,0,1000000,0,117647,882353
3996,4038,1951,0,1000000,0,142182,857818
3997,4039,2469,0,1000000,0,142859,857141
3998,4040,2693,0,1000000,0,128712,871288
3999,4041,2280,0,1000000,0,112101,887899
4000,4042,1705,0,1000000,0,139999,860001
4001,4043,2205,0,1000000,0,133575,866425
4002,4044,2772,0,1000000,0,146907,853093
4003,4045,2834,0,1000000,0,157823,842177
4004,4046,2087,0,1000000,0,116149,883851
4005,4047,2976,0,1000000,0,154315,845685
4006,4048,2742,0,1000000,0,131673,868327
4007,4049,2023,0,1000000,0,177956,822044
4008,4050,1734,0,1000000,0,136525,863475
4009,4051,2184,0,1000000,0,128930,871070
4010,4052,2582,0,1000000,0,149556,850444
4011,4053,1817,0,1000000,0,115139,884861
4012,4054,3219,0,1000000,0,162346,837654
4013,4055,2435,0,1000000,0,146825,853175
4014,4056,2980,0,1000000,0,136006,863994
4015,4057,2459,0,1000000,0,131644,868356
4016,4058,1392,0,1000000,0,133935,866065
4017,4059,2399,0,1000000,0,124134,875866
4018,4060,2859,0,1000000,0,152096,847904
4019,4061,2159,0,1000000,0,153020,846980
4020,4062,3022,0,1000000,0,150899,849101
4021,4063,2009,0,1000000,0,139049,860951
4022,4064,1871,0,1000000,0,116017,883983
4023,4065,1957,0,1000000,0,98461,901539
4024,4066,1840,0,1000000,0,130908,869092
4025,4067,1921,0,1000000,0,113980,886020
4026,4068,1829,0,1000000,0,88719,911281
4027,4069,1395,0,1000000,0,148623,851377
4028,4070,1792,0,1000000,0,129790,870210
4029,4071,2322,0,1000000,0,131607,868393
4030,4072,1620,0,1000000,0,99459,900541
4031,4073,2226,0,1000000,0,141698,858302
4032,4074,1980,0,1000000,0,132335,867665
4033,4075,1739,0,1000000,0,105501,894499
4034,4076,2776,0,1000000,0,154410,845590
4035,4077,2170,0,1000000,0,145700,854300
4036,4078,1772,0,1000000,0,143196,856804
4037,4079,1883,0,1000000,0,144388,855612
4038,4080,1276,0,1000000,0,94684,905316
4039,4081,1989,0,1000000,0,118606,881394
4040,4082,2309,0,1000000,0,109293,890707
4041,4083,2817,0,1000000,0,155517,844483
4042,4084,2968,0,1000000,0,185712,814288
4043,4085,2915,0,1000000,0,150137,849863
4044,4086,2006,0,1000000,0,123264,876736
4045,4087,2647,0,1000000,0,153835,846165
4046,4088,1552,0,1000000,0,140813,859187
4047,4089,2891,0,1000000,0,132529,867471
4048,4090,2578,0,1000000,0,122077,877923
4049,4091,3066,0,1000000,0,144972,855028
4050,4092,1900,0,1000000,0,114249,885751
4051,4093,2662,0,1000000,0,166471,833529
4052,4094,2776,0,1000000,0,119699,880301
4053,4095,2502,0,1000000,0,130026,869974
4054,4096,2865,0,1000000,0,152580,847420
4055,4097,1544,0,1000000,0,95933,904067
4056,4098,1934,0,1000000,0,116096,883904
4057,4099,1795,0,1000000,0,125227,874773
4058,4100,2745,0,1000000,0,113999,886001
4059,4101,1680,0,1000000,0,138141,861859
4060,4102,1777,0,1000000,0,134109,865891
4061,4103,1791,0,1000000,0,128366,871634
4062,4104,1818,0,1000000,0,127351,872649
4063,4105,2763,0,1000000,0,164116,835884
4064,4106,2973,0,1000000,0,137171,862829
4065,4107,2072,0,1000000,0,122266,877734
4066,4108,1577,0,1000000,0,112958,887042
4067,4109,2371,0,1000000,0,112140,887860
4068,4110,2339,0,1000000,0,132466,867534
4069,4111,2226,0,1000000,0,143167,856833
4070,4112,1559,0,1000000,0,95989,904011
4071,4113,2292,0,1000000,0,158485,841515
4072,4114,1134,0,1000000,0,139748,860252
4073,4115,1904,0,1000000,0,142944,857056
4074,4116,1740,0,1000000,0,117264,882736
4075,4117,2162,0,1000000,0,132194,867806
4076,4118,2868,0,1000000,0,121542,878458
4077,4119,1990,0,1000000,0,111808,888192
4078,4120,2117,0,1000000,0,142062,857938
4079,4121,3704,0,1000000,0,173792,826208
4080,4122,2578,0,1000000,0,162851,837149
4081,4123,1657,0,1000000,0,135299,864701
4082,4124,2590,0,1000000,0,135513,864487
4083,4125,2290,0,1000000,0,144035,855965
4084,4126,1812,0,1000000,0,143974,856026
4085,4127,2575,0,1000000,0,131759,868241
4086,4128,2093,0,1000000,0,115717,884283
4087,4129,2168,0,1000000,0,125470,874530
4088,4130,2070,0,1000000,0,125911,874089
4089,4131,2164,0,1000000,0,131815,868185
4090,4132,2509,0,1000000,0,114539,885461
4091,4133,1295,0,1000000,0,113937,886063
4092,4134,2804,0,1000000,0,137062,862938
4093,4135,2785,0,1000000,0,128461,871539
4094,4136,2352,0,1000000,0,142738,857262
4095,4137,2168,0,1000000,0,134476,865524
4096,4138,2142,0,1000000,0,89779,910221
4097,4139,2081,0,1000000,0,122090,877910
4098,4140,2747,0,1000000,0,138090,861910
4099,4141,1706,0,1000000,0,125668,874332
4100,4142,2549,0,1000000,0,134972,865028
4101,4143,2034,0,1000000,0,138103,861897
4102,4144,3340,0,1000000,0,142730,857270
4103,4145,2762,0,1000000,0,131086,868914
4104,4146,2891,0,1000000,0,160088,839912
4105,4147,2780,0,1000000,0,137896,862104
4106,4148,2879,0,1000000,0,138175,861825
4107,4149,2650,0,1000000,0,153528,846472
4108,4150,2514,0,1000000,0,157661,842339
4109,4151,1324,0,1000000,0,102149,897851
4110,4152,1943,0,1000000,0,114106,885894
4111,4153,1937,0,1000000,0,106485,893515
4112,4154,2093,0,1000000,0,133454,866546
4113,4155,1660,0,1000000,0,95236,904764
4114,4156,1929,0,1000000,0,123031,876969
4115,4157,1781,0,1000000,0,134022,865978
4116,4158,2278,0,1000000,0,116509,883491
4117,4159,2658,0,1000000,0,170044,829956
4118,4160,2267,0,1000000,0,118151,881849
4119,4161,2200,0,1000000,0,110439,889561
4120,4162,1883,0,1000000,0,118598,881402
4121,4163,1990,0,1000000,0,133291,866709
4122,4164,1890,0,1000000,0,144985,855015
4123,4165,2689,0,1000000,0,119027,880973
4124,4166,2250,0,1000000,0,118072,881928
4125,4167,2950,0,1000000,0,145022,854978
4126,4168,1458,0,1000000,0,98458,901542
4127,4169,2261,0,1000000,0,143202,856798
4128,4170,1987,0,1000000,0,125560,874440
4129,4171,2201,0,1000000,0,129111,870889
4130,4172,2793,0,1000000,0,144157,855843
4131,4173,2845,0,1000000,0,148701,851299
4132,4174,2854,0,1000000,0,133721,866279
4133,4175,2358,0,1000000,0,136739,863261
4134,4176,3112,0,1000000,0,136749,863251
4135,4177,1642,0,1000000,0,160388,839612
4136,4178,2224,0,1000000,0,109491,890509
4137,4179,2440,0,1000000,0,114930,885070
4138,4180,3182,0,1000000,0,151671,848329
4139,4181,3644,0,1000000,0,134298,865702
4140,4182,2419,0,1000000,0,143909,856091
4141,4183,2320,0,1000000,0,133739,866261
4142,4184,2551,0,1000000,0,152269,847731
4143,4185,2263,0,1000000,0,120217,879783
4144,4186,2460,0,1000000,0,131910,868090
4145,4187,1590,0,1000000,0,98799,901201
4146,4188,1237,0,1000000,0,119060,880940
4147,4189,1654,0,1000000,0,150243,849757
4148,4190,2413,0,1000000,0,101330,898670
4149,4191,1911,0,1000000,0,123078,876922
4150,4192,1592,0,1000000,0,131741,868259
4151,4193,2658,0,1000000,0,141344,858656
4152,4194,1968,0,1000000,0,119132,880868
4153,4195,1793,0,1000000,0,148709,851291
4154,4196,2073,0,1000000,0,132257,867743
4155,4197,2179,0,1000000,0,135928,864072
4156,4198,1979,0,1000000,0,111504,888496
4157,4199,2599,0,1000000,0,145669,854331
4158,4200,1550,0,1000000,0,113708,886292
4159,4201,2967,0,1000000,0,139332,860668
4160,4202,2272,0,1000000,0,128034,871966
4161,4203,2277,0,1000000,0,134571,865429
4162,4204,2517,0,1000000,0,150036,849964
4163,4205,2539,0,1000000,0,135791,864209
4164,4206,1982,0,1000000,0,134024,865976
4165,4207,1886,0,1000000,0,138371,861629
4166,4208,1530,0,1000000,0,122184,877816
4167,4209,2080,0,1000000,0,136066,863934
4168,4210,2538,0,1000000,0,140543,859457
4169,4211,2595,0,1000000,0,152135,847865
4170,4212,2420,0,1000000,0,115573,884427
4171,4213,2143,0,1000000,0,116277,883723
4172,4214,2349,0,1000000,0,111008,888992
4173,4215,2417,0,1000000,0,131296,868704
4174,4216,2707,0,1000000,0,124841,875159
4175,4217,2488,0,1000000,0,133814,866186
4176,4218,2911,0,1000000,0,149704,850296
4177,4219,2407,0,1000000,0,166591,833409
4178,4220,1502,0,1000000,0,117709,882291
4179,4221,2163,0,1000000,0,110903,889097
4180,4222,2170,0,1000000,0,112251,887749
4181,4223,2324,0,1000000,0,155743,844257
4182,4224,2529,0,1000000,0,143734,856266
4183,4225,2376,0,1000000,0,129032,870968
4184,4226,2819,0,1000000,0,129539,870461
4185,4227,2154,0,1000000,0,136927,863073
4186,4228,3594,0,1000000,0,168351,831649
4187,4229,2607,0,1000000,0,112253,887747
4188,4230,1934,0,1000000,0,108095,891905
4189,4231,2249,0,1000000,0,129297,870703
4190,4232,1820,0,1000000,0,149155,850845
4191,4233,1793,0,1000000,0,125472,874528
4192,4234,2304,0,1000000,0,138547,861453
4193,4235,2418,0,1000000,0,139334,860666
4194,4236,1239,0,1000000,0,81891,918109
4195,4237,2339,0,1000000,0,156878,843122
4196,4238,1459,0,1000000,0,105165,894835
4197,4239,2133,0,1000000,0,135092,864908
4198,4240,2244,0,1000000,0,136829,863171
4199,4241,2358,0,1000000,0,129082,870918
4200,4242,2133,0,1000000,0,128420,871580
4201,4243,1533,0,1000000,0,119702,880298
4202,4244,2124,0,1000000,0,111677,888323
4203,4245,2377,0,1000000,0,128879,871121
4204,4246,2173,0,1000000,0,124789,875211
4205,4247,2749,0,1000000,0,141690,858310
4206,4248,2388,0,1000000,0,145405,854595
4207,4249,1791,0,1000000,0,128748,871252
4208,4250,2025,0,1000000,0,117964,882036
4209,4251,2687,0,1000000,0,131690,868310
4210,4252,2204,0,1000000,0,137160,862840
4211,4253,2307,0,1000000,0,138489,861511
4212,4254,2317,0,1000000,0,136501,863499
4213,4255,2288,0,1000000,0,132680,867320
4214,4256,1959,0,1000000,0,119505,880495
4215,4257,2102,0,1000000,0,139713,860287
4216,4258,1973,0,1000000,0,118443,881557
4217,4259,2015,0,1000000,0,106279,893721
4218,4260,2245,0,1000000,0,122787,877213
4219,4261,1859,0,1000000,0,100146,899854
4220,4262,3045,0,1000000,0,125091,874909
4221,4263,2238,0,1000000,0,101450,898550
4222,4264,2726,0,1000000,0,133227,866773
4223,4265,3029,0,1000000,0,162232,837768
4224,4266,2410,0,1000000,0,118431,881569
4225,4267,2004,0,1000000,0,140072,859928
4226,4268,2780,0,1000000,0,118996,881004
4227,4269,1793,0,1000000,0,114132,885868
4228,4270,2388,0,1000000,0,114889,885111
4229,4271,2238,0,1000000,0,129601,870399
4230,4272,1307,0,1000000,0,118224,881776
4231,4273,2516,0,1000000,0,156684,843316
4232,4274,2208,0,1000000,0,120200,879800
4233,4275,2006,0,1000000,0,114387,885613
4234,4276,1703,0,1000000,0,133923,866077
4235,4277,2733,0,1000000,0,154601,845399
4236,4278,1633,0,1000000,0,134513,865487
4237,4279,2320,0,1000000,0,141095,858905
4238,4280,1726,0,1000000,0,124401,875599
4239,4281,2467,0,1000000,0,131896,868104
4240,4282,2676,0,1000000,0,125008,874992
4241,4283,2086,0,1000000,0,144215,855785
4242,4284,2287,0,1000000,0,122130,877870
4243,4285,2261,0,1000000,0,150423,849577
4244,4286,2487,0,1000000,0,115908,884092
4245,4287,2194,0,1000000,0,115890,884110
4246,4288,1817,0,1000000,0,112953,887047
4247,4289,1587,0,1000000,0,109898,890102
4248,4290,2915,0,1000000,0,137651,862349
4249,4291,1715,0,1000000,0,141061,858939
4250,4292,2021,0,1000000,0,128696,871304
4251,4293,2408,0,1000000,0,140363,859637
4252,4294,2329,0,1000000,0,103737,896263
4253,4295,2454,0,1000000,0,113059,886941
4254,4296,2085,0,1000000,0,126911,873089
4255,4297,2755,0,1000000,0,152915,847085
4256,4298,1988,0,1000000,0,133199,866801
4257,4299,2914,0,1000000,0,151799,848201
4258,4300,1896,0,1000000,0,98584,901416
4259,4301,2503,0,1000000,0,144019,855981
4260,4302,2330,0,1000000,0,140652,859348
4261,4303,2441,0,1000000,0,131128,868872
4262,4304,1711,0,1000000,0,90524,909476
4263,4305,2312,0,1000000,0,124550,875450
4264,4306,2885,0,1000000,0,144974,855026
4265,4307,2722,0,1000000,0,126829,873171
4266,4308,1568,0,1000000,0,123392,876608
4267,4309,1698,0,1000000,0,114071,885929
4268,4310,1644,0,1000000,0,154623,845377
4269,4311,2862,0,1000000,0,154819,845181
4270,4312,2718,0,1000000,0,183910,816090
4271,4313,2020,0,1000000,0,136889,863111
4272,4314,2776,0,1000000,0,126797,873203
4273,4315,1701,0,1000000,0,141202,858798
4274,4316,2065,0,1000000,0,114287,885713
4275,4317,2077,0,1000000,0,112279,887721
4276,4318,1844,0,1000000,0,122171,877829
4277,4319,2534,0,1000000,0,138129,861871
4278,4320,1760,0,1000000,0,116226,883774
4279,4321,1927,0,1000000,0,110154,889846
4280,4322,2519,0,1000000,0,128670,871330
4281,4323,2050,0,1000000,0,135998,864002
4282,4324,2299,0,1000000,0,138520,861480
4283,4325,2784,0,1000000,0,144062,855938
4284,4326,2072,0,1000000,0,118232,881768
4285,4327,2421,0,1000000,0,143134,856866
4286,4328,2601,0,1000000,0,162489,837511
4287,4329,1965,0,1000000,0,138589,861411
4288,4330,2482,0,1000000,0,133764,866236
4289,4331,2302,0,1000000,0,125118,874882
4290,4332,2564,0,1000000,0,121988,878012
4291,4333,2244,0,1000000,0,115069,884931
4292,4334,1567,0,1000000,0,119451,880549
4293,4335,2447,0,1000000,0,142747,857253
4294,4336,1784,0,1000000,0,117465,882535
4295,4337,2613,0,1000000,0,147844,852156
4296,4338,2365,0,1000000,0,137020,862980
4297,4339,2228,0,1000000,0,135080,864920
4298,4340,2539,0,1000000,0,179439,820561
4299,4341,2514,0,1000000,0,132872,867128
4300,4342,2166,0,1000000,0,132652,867348
4301,4343,1777,0,1000000,0,126616,873384
4302,4344,2084,0,1000000,0,135000,865000
4303,4345,2670,0,1000000,0,136845,863155
4304,4346,2642,0,1000000,0,137445,862555
4305,4347,2644,0,1000000,0,146798,853202
4306,4348,1688,0,1000000,0,93353,906647
4307,4349,2541,0,1000000,0,165305,834695
4308,4350,2087,0,1000000,0,113723,886277
4309,4351,2231,0,1000000,0,131178,868822
4310,4352,1888,0,1000000,0,99288,900712
4311,4353,1771,0,1000000,0,137885,862115
4312,4354,2463,0,1000000,0,132956,867044
4313,4355,2440,0,1000000,0,132986,867014
4314,4356,2327,0,1000000,0,116288,883712
4315,4357,2181,0,1000000,0,115042,884958
4316,4358,1923,0,1000000,0,123307,876693
4317,4359,3118,0,1000000,0,163293,836707
4318,4360,2347,0,1000000,0,153971,846029
4319,4361,1951,0,1000000,0,134245,865755
4320,4362,2287,0,1000000,0,140434,859566
4321,4363,1943,0,1000000,0,118533,881467
4322,4364,2877,0,1000000,0,153910,846090
4323,4365,2673,0,1000000,0,132311,867689
4324,4366,2047,0,1000000,0,86045,913955
4325,4367,2489,0,1000000,0,151752,848248
4326,4368,2479,0,1000000,0,133006,866994
4327,4369,2889,0,1000000,0,119587,880413
4328,4370,2109,0,1000000,0,96911,903089
4329,4371,2499,0,1000000,0,142033,857967
4330,4372,2314,0,1000000,0,114615,885385
4331,4373,2357,0,1000000,0,142605,857395
4332,4374,2539,0,1000000,0,140419,859581
4333,4375,2330,0,1000000,0,146083,853917
4334,4376,2817,0,1000000,0,132071,867929
4335,4377,1867,0,1000000,0,132099,867901
4336,4378,1929,0,1000000,0,149355,850645
4337,4379,1442,0,1000000,0,104331,895669
4338,4380,2043,0,1000000,0,141027,858973
4339,4381,2029,0,1000000,0,137163,862837
4340,4382,2012,0,1000000,0,125813,874187
4341,4383,2500,0,1000000,0,160990,839010
4342,4384,2702,0,1000000,0,107887,892113
4343,4385,2092,0,1000000,0,128361,871639
4344,4386,2720,0,1000000,0,154924,845076
4345,4387,1941,0,1000000,0,118446,881554
4346,4388,1783,0,1000000,0,108939,891061
4347,4389,1457,0,1000000,0,129795,870205
4348,4390,2090,0,1000000,0,145081,854919
4349,4391,3007,0,1000000,0,186058,813942
4350,4392,2317,0,1000000,0,144688,855312
4351,4393,1986,0,1000000,0,117083,882917
4352,4394,1956,0,1000000,0,119669,880331
4353,4395,2206,0,1000000,0,149935,850065
4354,4396,2363,0,1000000,0,106775,893225
4355,4397,2262,0,1000000,0,111826,888174
4356,4398,1875,0,1000000,0,120264,879736
4357,4399,1798,0,1000000,0,77181,922819
4358,4400,2370,0,1000000,0,118020,881980
4359,4401,2117,0,1000000,0,114570,885430
4360,4402,1743,0,1000000,0,105358,894642
4361,4403,2687,0,1000000,0,157921,842079
4362,4404,2111,0,1000000,0,133573,866427
4363,4405,1660,0,1000000,0,109785,890215
4364,4406,1903,0,1000000,0,114506,885494
4365,4407,2217,0,1000000,0,136215,863785
4366,4408,2417,0,1000000,0,125808,874192
4367,4409,2005,0,1000000,0,115288,884712
4368,4410,2095,0,1000000,0,134754,865246
4369,4411,2139,0,1000000,0,174585,825415
4370,4412,1941,0,1000000,0,109340,890660
4371,4413,2851,0,1000000,0,145403,854597
4372,4414,2034,0,1000000,0,131553,868447
4373,4415,2747,0,1000000,0,110626,889374
4374,4416,2071,0,1000000,0,120604,879396
4375,4417,2301,0,1000000,0,122905,877095
4376,4418,1878,0,1000000,0,129015,870985
4377,4419,2644,0,1000000,0,155291,844709
4378,4420,1820,0,1000000,0,93983,906017
4379,4421,1803,0,1000000,0,100629,899371
4380,4422,2629,0,1000000,0,122784,877216
4381,4423,2508,0,1000000,0,159252,840748
4382,4424,1816,0,1000000,0,104791,895209
4383,4425,1983,0,1000000,0,138236,861764
4384,4426,2129,0,1000000,0,140545,859455
4385,4427,2529,0,1000000,0,167320,832680
4386,4428,1580,0,1000000,0,114786,885214
4387,4429,2246,0,1000000,0,101523,898477
4388,4430,1945,0,1000000,0,133212,866788
4389,4431,1751,0,1000000,0,151260,848740
4390,4432,1779,0,1000000,0,145235,854765
4391,4433,2475,0,1000000,0,129112,870888
4392,4434,2258,0,1000000,0,110631,889369
4393,4435,2978,0,1000000,0,138051,861949
4394,4436,1882,0,1000000,0,106382,893618
4395,4437,2604,0,1000000,0,142119,857881
4396,4438,2560,0,1000000,0,120526,879474
4397,4439,2937,0,1000000,0,171059,828941
4398,4440,2431,0,1000000,0,130752,869248
4399,4441,2589,0,1000000,0,120495,879505
4400,4442,2749,0,1000000,0,131171,868829
4401,4443,2426,0,1000000,0,110410,889590
4402,4444,2266,0,1000000,0,149436,850564
4403,4445,1780,0,1000000,0,118867,881133
4404,4446,2662,0,1000000,0,157169,842831
4405,4447,3195,0,1000000,0,141216,858784
4406,4448,3204,0,1000000,0,151679,848321
4407,4449,1762,0,1000000,0,120211,879789
4408,4450,2097,0,1000000,0,123427,876573
4409,4451,2218,0,1000000,0,131252,868748
4410,4452,2372,0,1000000,0,122983,877017
4411,4453,2666,0,1000000,0,161298,838702
4412,4454,1937,0,1000000,0,134578,865422
4413,4455,2515,0,1000000,0,143806,856194
4414,4456,2249,0,1000000,0,167134,832866
4415,4457,1976,0,1000000,0,115463,884537
4416,4458,983,0,1000000,0,120163,879837
4417,4459,2265,0,1000000,0,125120,874880
4418,4460,2408,0,1000000,0,166280,833720
4419,4461,1755,0,1000000,0,146766,853234
4420,4462,1425,0,1000000,0,111233,888767
4421,4463,2222,0,1000000,0,148327,851673
4422,4464,2306,0,1000000,0,126507,873493
4423,4465,1995,0,1000000,0,141913,858087
4424,4466,2245,0,1000000,0,125569,874431
4425,4467,2200,0,1000000,0,128098,871902
4426,4468,2391,0,1000000,0,125790,874210
4427,4469,1735,0,1000000,0,129580,870420
4428,4470,2159,0,1000000,0,118012,881988
4429,4471,2148,0,1000000,0,153399,846601
4430,4472,2887,0,1000000,0,91440,908560
4431,4473,2598,0,1000000,0,110315,889685
4432,4474,1927,0,1000000,0,129981,870019
4433,4475,1967,0,1000000,0,127244,872756
4434,4476,2349,0,1000000,0,152691,847309
4435,4477,2218,0,1000000,0,119097,880903
4436,4478,2355,0,1000000,0,142013,857987
4437,4479,2571,0,1000000,0,117807,882193
4438,4480,1670,0,1000000,0,130743,869257
4439,4481,2802,0,1000000,0,122090,877910
4440,4482,1923,0,1000000,0,85854,914146
4441,4483,1770,0,1000000,0,99280,900720
4442,4484,2715,0,1000000,0,135815,864185
4443,4485,1549,0,1000000,0,131209,868791
4444,4486,2071,0,1000000,0,149608,850392
4445,4487,2122,0,1000000,0,125035,874965
4446,4488,1964,0,1000000,0,120314,879686
4447,4489,2281,0,1000000,0,120451,879549
4448,4490,2102,0,1000000,0,117757,882243
4449,4491,1884,0,1000000,0,130298,869702
4450,4492,2639,0,1000000,0,128476,871524
4451,4493,2313,0,1000000,0,128155,871845
4452,4494,1419,0,1000000,0,115189,884811
4453,4495,2033,0,1000000,0,107559,892441
4454,4496,2036,0,1000000,0,121726,878274
4455,4497,2121,0,1000000,0,127896,872104
4456,4498,2457,0,1000000,0,140315,859685
4457,4499,2646,0,1000000,0,142972,857028
4458,4500,2745,0,1000000,0,159851,840149
4459,4501,2372,0,1000000,0,121395,878605
4460,4502,2061,0,1000000,0,142559,857441
4461,4503,2519,0,1000000,0,141334,858666
4462,4504,2391,0,1000000,0,151709,848291
4463,4505,2376,0,1000000,0,124311,875689
4464,4506,2322,0,1000000,0,129756,870244
4465,4507,1955,0,1000000,0,110601,889399
4466,4508,2525,0,1000000,0,141171,858829
4467,4509,2280,0,1000000,0,136223,863777
4468,4510,2331,0,1000000,0,115216,884784
4469,4511,2022,0,1000000,0,124951,875049
4470,4512,1364,0,1000000,0,83089,916911
4471,4513,2563,0,1000000,0,134020,865980
4472,4514,1469,0,1000000,0,123571,876429
4473,4515,2054,0,1000000,0,136307,863693
4474,4516,3182,0,1000000,0,155339,844661
4475,4517,2436,0,1000000,0,162154,837846
4476,4518,2103,0,1000000,0,120049,879951
4477,4519,1438,0,1000000,0,132437,867563
4478,4520,2804,0,1000000,0,137860,862140
4479,4521,2336,0,1000000,0,133330,866670
4480,4522,1817,0,1000000,0,110142,889858
4481,4523,2262,0,1000000,0,134928,865072
4482,4524,2026,0,1000000,0,117349,882651
4483,4525,1712,0,1000000,0,114080,885920
4484,4526,2431,0,1000000,0,130046,869954
4485,4527,2653,0,1000000,0,154977,845023
4486,4528,2463,0,1000000,0,107827,892173
4487,4529,2365,0,1000000,0,156379,843621
4488,4530,2748,0,1000000,0,151633,848367
4489,4531,2111,0,1000000,0,118466,881534
4490,4532,2353,0,1000000,0,129767,870233
4491,4533,2184,0,1000000,0,140496,859504
4492,4534,2383,0,1000000,0,160107,839893
4493,4535,2004,0,1000000,0,176067,823933
4494,4536,2889,0,1000000,0,167902,832098
4495,4537,2255,0,1000000,0,153211,846789
4496,4538,2051,0,1000000,0,120885,879115
4497,4539,2665,0,1000000,0,139244,860756
4498,4540,2859,0,1000000,0,165664,834336
4499,4541,2557,0,1000000,0,157551,842449
4500,4542,3107,0,1000000,0,137862,862138
4501,4543,2112,0,1000000,0,124515,875485
4502,4544,2365,0,1000000,0,158043,841957
4503,4545,2403,0,1000000,0,129002,870998
4504,4546,2789,0,1000000,0,136038,863962
4505,4547,2030,0,1000000,0,164955,835045
4506,4548,2706,0,1000000,0,136000,864000
4507,4549,1657,0,1000000,0,118819,881181
4508,4550,3024,0,1000000,0,155626,844374
4509,4551,2207,0,1000000,0,118157,881843
4510,4552,3273,0,1000000,0,149748,850252
4511,4553,2459,0,1000000,0,105382,894618
4512,4554,2759,0,1000000,0,172038,827962
4513,4555,2149,0,1000000,0,131196,868804
4514,4556,2220,0,1000000,0,123929,876071
4515,4557,2564,0,1000000,0,149325,850675
4516,4558,1712,0,1000000,0,125860,874140
4517,4559,2250,0,1000000,0,142601,857399
4518,4560,2911,0,1000000,0,144583,855417
4519,4561,1826,0,1000000,0,102816,897184
4520,4562,2136,0,1000000,0,94654,905346
4521,4563,2336,0,1000000,0,146181,853819
4522,4564,1917,0,1000000,0,143110,856890
4523,4565,2183,0,1000000,0,127960,872040
4524,4566,2024,0,1000000,0,138738,861262
4525,4567,2165,0,1000000,0,138393,861607
4526,4568,1672,0,1000000,0,138483,861517
4527,4569,2634,0,1000000,0,134542,865458
4528,4570,2764,0,1000000,0,150025,849975
4529,4571,2633,0,1000000,0,126923,873077
4530,4572,2039,0,1000000,0,141922,858078
4531,4573,3281,0,1000000,0,130217,869783
4532,4574,2605,0,1000000,0,133613,866387
4533,4575,1877,0,1000000,0,140264,859736
4534,4576,2543,0,1000000,0,122900,877100
4535,4577,2247,0,1000000,0,145290,854710
4536,4578,2238,0,1000000,0,117010,882990
4537,4579,1562,0,1000000,0,137855,862145
4538,4580,1633,0,1000000,0,119957,880043
4539,4581,2398,0,1000000,0,134157,865843
4540,4582,2134,0,1000000,0,117500,882500
4541,4583,1846,0,1000000,0,99306,900694
4542,4584,1674,0,1000000,0,132329,867671
4543,4585,1426,0,1000000,0,106238,893762
4544,4586,2224,0,1000000,0,114373,885627
4545,4587,2300,0,1000000,0,139008,860992
4546,4588,2015,0,1000000,0,126355,873645
4547,4589,2431,0,1000000,0,131839,868161
4548,4590,2352,0,1000000,0,123228,876772
4549,4591,2730,0,1000000,0,120072,879928
4550,4592,2173,0,1000000,0,122844,877156
4551,4593,2185,0,1000000,0,130436,869564
4552,4594,2378,0,1000000,0,139451,860549
4553,4595,2159,0,1000000,0,121463,878537
4554,4596,2662,0,1000000,0,133387,866613
4555,4597,1993,0,1000000,0,133174,866826
4556,4598,1996,0,1000000,0,134575,865425
4557,4599,2163,0,1000000,0,122352,877648
4558,4600,2984,0,1000000,0,170672,829328
4559,4601,2833,0,1000000,0,166427,833573
4560,4602,1952,0,1000000,0,176568,823432
4561,4603,1990,0,1000000,0,103507,896493
4562,4604,3013,0,1000000,0,136467,863533
4563,4605,3050,0,1000000,0,132980,867020
4564,4606,2509,0,1000000,0,115399,884601
4565,4607,2456,0,1000000,0,116458,883542
4566,4608,3094,0,1000000,0,138604,861396
4567,4609,1661,0,1000000,0,115189,884811
4568,4610,2580,0,1000000,0,113122,886878
4569,4611,1887,0,1000000,0,107800,892200
4570,4612,1732,0,1000000,0,131860,868140
4571,4613,1692,0,1000000,0,123159,876841
4572,4614,2652,0,1000000,0,142797,857203
4573,4615,2314,0,1000000,0,115949,884051
4574,4616,2202,0,1000000,0,150958,849042
4575,4617,2238,0,1000000,0,129227,870773
4576,4618,2088,0,1000000,0,118976,881024
4577,4619,2375,0,1000000,0,125456,874544
4578,4620,2150,0,1000000,0,147547,852453
4579,4621,1864,0,1000000,0,97076,902924
4580,4622,3502,0,1000000,0,146106,853894
4581,4623,1690,0,1000000,0,98686,901314
4582,4624,1574,0,1000000,0,112965,887035
4583,4625,1676,0,1000000,0,124592,875408
4584,4626,2577,0,1000000,0,141127,858873
4585,4627,2385,0,1000000,0,139475,860525
4586,4628,1674,0,1000000,0,98541,901459
4587,4629,2711,0,1000000,0,133698,866302
4588,4630,2121,0,1000000,0,103689,896311
4589,4631,2438,0,1000000,0,131302,868698
4590,4632,2942,0,1000000,0,165701,834299
4591,4633,1684,0,1000000,0,139249,860751
4592,4634,2344,0,1000000,0,129056,870944
4593,4635,2436,0,1000000,0,114980,885020
4594,4636,2427,0,1000000,0,137937,862063
4595,4637,1027,0,1000000,0,88334,911666
4596,4638,1680,0,1000000,0,130931,869069
4597,4639,1591,0,1000000,0,138113,861887
4598,4640,1567,0,1000000,0,142699,857301
4599,4641,2150,0,1000000,0,129068,870932
4600,4642,2479,0,1000000,0,170130,829870
4601,4643,2210,0,1000000,0,113102,886898
4602,4644,1631,0,1000000,0,79162,920838
4603,4645,2751,0,1000000,0,128425,871575
4604,4646,2861,0,1000000,0,136743,863257
4605,4647,2634,0,1000000,0,145744,854256
4606,4648,2101,0,1000000,0,105237,894763
4607,4649,2205,0,1000000,0,139764,860236
4608,4650,2906,0,1000000,0,170876,829124
4609,4651,1566,0,1000000,0,146650,853350
4610,4652,1820,0,1000000,0,95759,904241
4611,4653,1818,0,1000000,0,109326,890674
4612,4654,2470,0,1000000,0,128355,871645
4613,4655,2521,0,1000000,0,126715,873285
4614,4656,2188,0,1000000,0,122372,877628
4615,4657,3082,0,1000000,0,132228,867772
4616,4658,1701,0,1000000,0,89506,910494
4617,4659,2197,0,1000000,0,131620,868380
4618,4660,1824,0,1000000,0,145360,854640
4619,4661,2805,0,1000000,0,162070,837930
4620,4662,2284,0,1000000,0,122470,877530
4621,4663,1667,0,1000000,0,119164,880836
4622,4664,2367,0,1000000,0,140844,859156
4623,4665,2532,0,1000000,0,143466,856534
4624,4666,2135,0,1000000,0,141781,858219
4625,4667,2252,0,1000000,0,156675,843325
4626,4668,2163,0,1000000,0,136161,863839
4627,4669,2737,0,1000000,0,150611,849389
4628,4670,2192,0,1000000,0,139902,860098
4629,4671,2954,0,1000000,0,144523,855477
4630,4672,2043,0,1000000,0,133575,866425
4631,4673,2317,0,1000000,0,114070,885930
4632,4674,2902,0,1000000,0,132337,867663
4633,4675,1745,0,1000000,0,111760,888240
4634,4676,2407,0,1000000,0,167118,832882
4635,4677,2680,0,1000000,0,151421,848579
4636,4678,2533,0,1000000,0,111776,888224
4637,4679,3145,0,1000000,0,166159,833841
4638,4680,2316,0,1000000,0,125578,874422
4639,4681,2079,0,1000000,0,163436,836564
4640,4682,2614,0,1000000,0,138273,861727
4641,4683,2392,0,1000000,0,162788,837212
4642,4684,2048,0,1000000,0,136728,863272
4643,4685,2078,0,1000000,0,121461,878539
4644,4686,2438,0,1000000,0,161777,838223
4645,4687,2050,0,1000000,0,108155,891845
4646,4688,2116,0,1000000,0,117107,882893
4647,4689,1739,0,1000000,0,116600,883400
4648,4690,2792,0,1000000,0,127816,872184
4649,4691,2006,0,1000000,0,117638,882362
4650,4692,2572,0,1000000,0,96813,903187
4651,4693,1780,0,1000000,0,105202,894798
4652,4694,2431,0,1000000,0,141130,858870
4653,4695,2202,0,1000000,0,146702,853298
4654,4696,2159,0,1000000,0,117676,882324
4655,4697,1576,0,1000000,0,133044,866956
4656,4698,2519,0,1000000,0,130749,869251
4657,4699,2644,0,1000000,0,135757,864243
4658,4700,2594,0,1000000,0,165137,834863
4659,4701,1726,0,1000000,0,149843,850157
4660,4702,2200,0,1000000,0,142271,857729
4661,4703,2591,0,1000000,0,146032,853968
4662,4704,3186,0,1000000,0,145970,854030
4663,4705,1528,0,1000000,0,121115,878885
4664,4706,2238,0,1000000,0,164930,835070
4665,4707,2849,0,1000000,0,149674,850326
4666,4708,2208,0,1000000,0,123077,876923
4667,4709,2144,0,1000000,0,121432,878568
4668,4710,2043,0,1000000,0,125900,874100
4669,4711,2437,0,1000000,0,100555,899445
4670,4712,2087,0,1000000,0,132286,867714
4671,4713,2985,0,1000000,0,147974,852026
4672,4714,1853,0,1000000,0,102782,897218
4673,4715,2327,0,1000000,0,131684,868316
4674,4716,1668,0,1000000,0,137941,862059
4675,4717,2011,0,1000000,0,118496,881504
4676,4718,2094,0,1000000,0,122622,877378
4677,4719,2302,0,1000000,0,145911,854089
4678,4720,1355,0,1000000,0,106457,893543
4679,4721,2311,0,1000000,0,98929,901071
4680,4722,1656,0,1000000,0,135339,864661
4681,4723,2099,0,1000000,0,137919,862081
4682,4724,1985,0,1000000,0,90839,909161
4683,4725,1826,0,1000000,0,108870,891130
4684,4726,2049,0,1000000,0,115131,884869
4685,4727,2238,0,1000000,0,118202,881798
4686,4728,3256,0,1000000,0,150600,849400
4687,4729,1976,0,1000000,0,146670,853330
4688,4730,2248,0,1000000,0,138737,861263
4689,4731,1978,0,1000000,0,103777,896223
4690,4732,1727,0,1000000,0,108787,891213
4691,4733,3154,0,1000000,0,160231,839769
4692,4734,2142,0,1000000,0,134187,865813
4693,4735,1649,0,1000000,0,149201,850799
4694,4736,1964,0,1000000,0,123642,876358
4695,4737,2104,0,1000000,0,116520,883480
4696,4738,3109,0,1000000,0,143846,856154
4697,4739,2078,0,1000000,0,127683,872317
4698,4740,1989,0,1000000,0,115709,884291
4699,4741,1491,0,1000000,0,109247,890753
4700,4742,1987,0,1000000,0,153647,846353
4701,4743,2162,0,1000000,0,124681,875319
4702,4744,1770,0,1000000,0,126062,873938
4703,4745,2224,0,1000000,0,173170,826830
4704,4746,1737,0,1000000,0,143724,856276
4705,4747,2342,0,1000000,0,133654,866346
4706,4748,2438,0,1000000,0,135440,864560
4707,4749,2452,0,1000000,0,123505,876495
4708,4750,2894,0,1000000,0,137102,862898
4709,4751,2457,0,1000000,0,113466,886534
4710,4752,2342,0,1000000,0,138343,861657
4711,4753,2054,0,1000000,0,107396,892604
4712,4754,1932,0,1000000,0,120215,879785
4713,4755,1931,0,1000000,0,118915,881085
4714,4756,1371,0,1000000,0,123740,876260
4715,4757,1243,0,1000000,0,103327,896673
4716,4758,2404,0,1000000,0,121157,878843
4717,4759,2037,0,1000000,0,135220,864780
4718,4760,2772,0,1000000,0,157419,842581
4719,4761,2935,0,1000000,0,166935,833065
4720,4762,2336,0,1000000,0,147623,852377
4721,4763,2168,0,1000000,0,147640,852360
4722,4764,2472,0,1000000,0,145450,854550
4723,4765,1589,0,1000000,0,116462,883538
4724,4766,2978,0,1000000,0,143355,856645
4725,4767,1698,0,1000000,0,104454,895546
4726,4768,2010,0,1000000,0,119936,880064
4727,4769,2797,0,1000000,0,145781,854219
4728,4770,2246,0,1000000,0,152314,847686
4729,4771,2295,0,1000000,0,116319,883681
4730,4772,1554,0,1000000,0,100102,899898
4731,4773,2275,0,1000000,0,153462,846538
4732,4774,2566,0,1000000,0,141598,858402
4733,4775,2220,0,1000000,0,154844,845156
4734,4776,2114,0,1000000,0,116806,883194
4735,4777,2026,0,1000000,0,159761,840239
4736,4778,2460,0,1000000,0,134132,865868
4737,4779,2100,0,1000000,0,122282,877718
4738,4780,2933,0,1000000,0,125837,874163
4739,4781,2162,0,1000000,0,122428,877572
4740,4782,2564,0,1000000,0,148110,851890
4741,4783,1636,0,1000000,0,108641,891359
4742,4784,2662,0,1000000,0,157890,842110
4743,4785,2628,0,1000000,0,167525,832475
4744,4786,2298,0,1000000,0,122075,877925
4745,4787,2311,0,1000000,0,151929,848071
4746,4788,1971,0,1000000,0,131133,868867
4747,4789,2841,0,1000000,0,158021,841979
4748,4790,1692,0,1000000,0,111301,888699
4749,4791,1879,0,1000000,0,132678,867322
4750,4792,1698,0,1000000,0,117520,882480
4751,4793,2757,0,1000000,0,141606,858394
4752,4794,1998,0,1000000,0,114493,885507
4753,4795,2335,0,1000000,0,155116,844884
4754,4796,2349,0,1000000,0,162719,837281
4755,4797,3299,0,1000000,0,118690,881310
4756,4798,2014,0,1000000,0,133138,866862
4757,4799,4027,0,1000000,0,159463,840537
4758,4800,2360,0,1000000,0,139657,860343
4759,4801,1479,0,1000000,0,116829,883171
4760,4802,2827,0,1000000,0,144048,855952
4761,4803,2517,0,1000000,0,165370,834630
4762,4804,2102,0,1000000,0,157421,842579
4763,4805,1364,0,1000000,0,111292,888708
4764,4806,2056,0,1000000,0,98373,901627
4765,4807,3170,0,1000000,0,140689,859311
4766,4808,1901,0,1000000,0,110074,889926
4767,4809,1968,0,1000000,0,154688,845312
4768,4810,3148,0,1000000,0,165863,834137
4769,4811,2231,0,1000000,0,134581,865419
4770,4812,3017,0,1000000,0,153082,846918
4771,4813,2321,0,1000000,0,146743,853257
4772,4814,1922,0,1000000,0,133828,866172
4773,4815,2705,0,1000000,0,162097,837903
4774,4816,2309,0,1000000,0,145439,854561
4775,4817,2087,0,1000000,0,110306,889694
4776,4818,2635,0,1000000,0,106260,893740
4777,4819,3100,0,1000000,0,133034,866966
4778,4820,2579,0,1000000,0,137348,862652
4779,4821,2303,0,1000000,0,113553,886447
4780,4822,2651,0,1000000,0,106594,893406
4781,4823,1673,0,1000000,0,128561,871439
4782,4824,1679,0,1000000,0,149095,850905
4783,4825,2306,0,1000000,0,118267,881733
4784,4826,2025,0,1000000,0,137400,862600
4785,4827,1225,0,1000000,0,120269,879731
4786,4828,2929,0,1000000,0,157877,842123
4787,4829,2989,0,1000000,0,138316,861684
4788,4830,2583,0,1000000,0,120376,879624
4789,4831,3063,0,1000000,0,137156,862844
4790,4832,3520,0,1000000,0,135901,864099
4791,4833,3693,0,1000000,0,166997,833003
4792,4834,1856,0,1000000,0,108858,891142
4793,4835,2608,0,1000000,0,158598,841402
4794,4836,2541,0,1000000,0,167372,832628
4795,4837,2089,0,1000000,0,104859,895141
4796,4838,2199,0,1000000,0,107113,892887
4797,4839,2349,0,1000000,0,125327,874673
4798,4840,2413,0,1000000,0,134194,865806
4799,4841,2549,0,1000000,0,129098,870902
4800,4842,1777,0,1000000,0,112843,887157
4801,4843,2736,0,1000000,0,133297,866703
4802,4844,2381,0,1000000,0,113621,886379
4803,4845,2397,0,1000000,0,138927,861073
4804,4846,2074,0,1000000,0,133729,866271
4805,4847,1782,0,1000000,0,124955,875045
4806,4848,2504,0,1000000,0,133516,866484
4807,4849,2350,0,1000000,0,120389,879611
4808,4850,3219,0,1000000,0,140713,859287
4809,4851,1923,0,1000000,0,137405,862595
4810,4852,1707,0,1000000,0,151043,848957
4811,4853,2497,0,1000000,0,120721,879279
4812,4854,2236,0,1000000,0,110471,889529
4813,4855,2536,0,1000000,0,125725,874275
4814,4856,2866,0,1000000,0,138075,861925
4815,4857,3047,0,1000000,0,132231,867769
4816,4858,2313,0,1000000,0,121315,878685
4817,4859,1879,0,1000000,0,129173,870827
4818,4860,2506,0,1000000,0,154315,845685
4819,4861,2400,0,1000000,0,135572,864428
4820,4862,2649,0,1000000,0,159657,840343
4821,4863,2719,0,1000000,0,121290,878710
4822,4864,2070,0,1000000,0,121016,878984
4823,4865,1258,0,1000000,0,115326,884674
4824,4866,2156,0,1000000,0,126536,873464
4825,4867,3074,0,1000000,0,143267,856733
4826,4868,2087,0,1000000,0,143519,856481
4827,4869,2070,0,1000000,0,115200,884800
4828,4870,2577,0,1000000,0,133683,866317
4829,4871,2119,0,1000000,0,131706,868294
4830,4872,2642,0,1000000,0,146586,853414
4831,4873,2370,0,1000000,0,143649,856351
4832,4874,1514,0,1000000,0,128980,871020
4833,4875,1748,0,1000000,0,100007,899993
4834,4876,1875,0,1000000,0,120825,879175
4835,4877,1988,0,1000000,0,148676,851324
4836,4878,2603,0,1000000,0,137874,862126
4837,4879,2353,0,1000000,0,127684,872316
4838,4880,2407,0,1000000,0,155340,844660
4839,4881,2508,0,1000000,0,121448,878552
4840,4882,1900,0,1000000,0,116525,883475
4841,4883,2278,0,1000000,0,94525,905475
4842,4884,2702,0,1000000,0,136401,863599
4843,4885,2332,0,1000000,0,144969,855031
4844,4886,2853,0,1000000,0,127096,872904
4845,4887,2049,0,1000000,0,135408,864592
4846,4888,2262,0,1000000,0,140379,859621
4847,4889,1580,0,1000000,0,133984,866016
4848,4890,2455,0,1000000,0,136806,863194
4849,4891,2769,0,1000000,0,170114,829886
4850,4892,1779,0,1000000,0,108964,891036
4851,4893,3482,0,1000000,0,181962,818038
4852,4894,2194,0,1000000,0,144634,855366
4853,4895,1684,0,1000000,0,116043,883957
4854,4896,2580,0,1000000,0,127436,872564
4855,4897,3216,0,1000000,0,145411,854589
4856,4898,1642,0,1000000,0,104397,895603
4857,4899,2714,0,1000000,0,160714,839286
4858,4900,2512,0,1000000,0,133517,866483
4859,4901,1810,0,1000000,0,132936,867064
4860,4902,2167,0,1000000,0,123456,876544
4861,4903,2042,0,1000000,0,124638,875362
4862,4904,1550,0,1000000,0,86276,913724
4863,4905,1638,0,1000000,0,148597,851403
4864,4906,2622,0,1000000,0,165299,834701
4865,4907,2868,0,1000000,0,164831,835169
4866,4908,2232,0,1000000,0,152715,847285
4867,4909,1998,0,1000000,0,133327,866673
4868,4910,1975,0,1000000,0,113875,886125
4869,4911,3495,0,1000000,0,140100,859900
4870,4912,2539,0,1000000,0,145218,854782
4871,4913,2520,0,1000000,0,130927,869073
4872,4914,1578,0,1000000,0,93071,906929
4873,4915,2533,0,1000000,0,167803,832197
4874,4916,2350,0,1000000,0,133473,866527
4875,4917,1693,0,1000000,0,139959,860041
4876,4918,2344,0,1000000,0,123012,876988
4877,4919,2383,0,1000000,0,141550,858450
4878,4920,2535,0,1000000,0,149955,850045
4879,4921,1618,0,1000000,0,96701,903299
4880,4922,1854,0,1000000,0,126233,873767
4881,4923,2626,0,1000000,0,139569,860431
4882,4924,1379,0,1000000,0,110753,889247
4883,4925,1955,0,1000000,0,113993,886007
4884,4926,1323,0,1000000,0,120828,879172
4885,4927,1652,0,1000000,0,121274,878726
4886,4928,2038,0,1000000,0,121451,878549
4887,4929,1996,0,1000000,0,132721,867279
4888,4930,1514,0,1000000,0,113355,886645
4889,4931,2416,0,1000000,0,155558,844442
4890,4932,2825,0,1000000,0,148790,851210
4891,4933,2662,0,1000000,0,138757,861243
4892,4934,1696,0,1000000,0,111837,888163
4893,4935,2244,0,1000000,0,144031,855969
4894,4936,2141,0,1000000,0,110291,889709
4895,4937,2258,0,1000000,0,132258,867742
4896,4938,2255,0,1000000,0,138326,861674
4897,4939,1557,0,1000000,0,126273,873727
4898,4940,2536,0,1000000,0,148111,851889
4899,4941,2081,0,1000000,0,152593,847407
4900,4942,2461,0,1000000,0,151074,848926
4901,4943,2744,0,1000000,0,120330,879670
4902,4944,2118,0,1000000,0,142518,857482
4903,4945,3460,0,1000000,0,153059,846941
4904,4946,2603,0,1000000,0,115889,884111
4905,4947,3051,0,1000000,0,142667,857333
4906,4948,1766,0,1000000,0,119841,880159
4907,4949,1551,0,1000000,0,126220,873780
4908,4950,2644,0,1000000,0,137779,862221
4909,4951,2503,0,1000000,0,143411,856589
4910,4952,3377,0,1000000,0,165666,834334
4911,4953,2823,0,1000000,0,131970,868030
4912,4954,2734,0,1000000,0,138170,861830
4913,4955,2092,0,1000000,0,110489,889511
4914,4956,1611,0,1000000,0,109056,890944
4915,4957,1712,0,1000000,0,120710,879290
4916,4958,2353,0,1000000,0,154886,845114
4917,4959,3458,0,1000000,0,153633,846367
4918,4960,2247,0,1000000,0,162620,837380
4919,4961,2344,0,1000000,0,149960,850040
4920,4962,2110,0,1000000,0,108769,891231
4921,4963,2430,0,1000000,0,135002,864998
4922,4964,3470,0,1000000,0,156972,843028
4923,4965,2183,0,1000000,0,128145,871855
4924,4966,1892,0,1000000,0,151266,848734
4925,4967,2523,0,1000000,0,144907,855093
4926,4968,2776,0,1000000,0,132687,867313
4927,4969,2175,0,1000000,0,154300,845700
4928,4970,2546,0,1000000,0,137566,862434
4929,4971,1606,0,1000000,0,124565,875435
4930,4972,2231,0,1000000,0,145023,854977
4931,4973,1774,0,1000000,0,139100,860900
4932,4974,1800,0,1000000,0,115517,884483
4933,4975,2186,0,1000000,0,101835,898165
4934,4976,2116,0,1000000,0,111865,888135
4935,4977,2041,0,1000000,0,147540,852460
4936,4978,1971,0,1000000,0,136909,863091
4937,4979,2803,0,1000000,0,162775,837225
4938,4980,2519,0,1000000,0,161455,838545
4939,4981,2261,0,1000000,0,130878,869122
4940,4982,2484,0,1000000,0,130810,869190
4941,4983,2461,0,1000000,0,144698,855302
4942,4984,2076,0,1000000,0,118922,881078
4943,4985,2615,0,1000000,0,169104,830896
4944,4986,1518,0,1000000,0,140788,859212
4945,4987,2075,0,1000000,0,127955,872045
4946,4988,2567,0,1000000,0,142567,857433
4947,4989,2573,0,1000000,0,116698,883302
4948,4990,1369,0,1000000,0,138096,861904
4949,4991,2963,0,1000000,0,156425,843575
4950,4992,1991,0,1000000,0,112271,887729
4951,4993,2880,0,1000000,0,139931,860069
4952,4994,2542,0,1000000,0,143820,856180
4953,4995,2735,0,1000000,0,148464,851536
4954,4996,2282,0,1000000,0,116508,883492
4955,4997,1914,0,1000000,0,147990,852010
4956,4998,1825,0,1000000,0,103273,896727
4957,4999,2587,0,1000000,0,137513,862487
4958,5000,1538,0,1000000,0,89679,910321
4959,5001,1792,0,1000000,0,167991,832009
4960,5002,2489,0,1000000,0,149170,850830
4961,5003,1994,0,1000000,0,140150,859850
4962,5004,1936,0,1000000,0,138764,861236
4963,5005,2477,0,1000000,0,152439,847561
4964,5006,2173,0,1000000,0,112035,887965
4965,5007,1464,0,1000000,0,120114,879886
4966,5008,2655,0,1000000,0,118578,881422
4967,5009,2786,0,1000000,0,154022,845978
4968,5010,2843,0,1000000,0,150240,849760
4969,5011,2158,0,1000000,0,148821,851179
4970,5012,2364,0,1000000,0,135943,864057
4971,5013,2398,0,1000000,0,130041,869959
4972,5014,2205,0,1000000,0,129936,870064
4973,5015,1360,0,1000000,0,122174,877826
4974,5016,2520,0,1000000,0,147574,852426
4975,5017,2784,0,1000000,0,141999,858001
4976,5018,3302,0,1000000,0,196137,803863
4977,5019,2477,0,1000000,0,124816,875184
4978,5020,2248,0,1000000,0,123587,876413
4979,5021,3008,0,1000000,0,125234,874766
4980,5022,2360,0,1000000,0,111383,888617
4981,5023,2244,0,1000000,0,118601,881399
4982,5024,2457,0,1000000,0,139812,860188
4983,5025,2233,0,1000000,0,141825,858175
4984,5026,2169,0,1000000,0,133952,866048
4985,5027,2049,0,1000000,0,144998,855002
4986,5028,2972,0,1000000,0,138790,861210
4987,5029,1721,0,1000000,0,159639,840361
4988,5030,2772,0,1000000,0,118976,881024
4989,5031,2286,0,1000000,0,138911,861089
4990,5032,1651,0,1000000,0,143027,856973
4991,5033,2057,0,1000000,0,122042,877958
4992,5034,2161,0,1000000,0,108433,891567
4993,5035,3075,0,1000000,0,147778,852222
4994,5036,2323,0,1000000,0,187562,812438
4995,5037,2354,0,1000000,0,184084,815916
4996,5038,2205,0,1000000,0,106895,893105
4997,5039,2567,0,1000000,0,128419,871581
4998,5040,1994,0,1000000,0,135317,864683
4999,5041,2536,0,1000000,0,137498,862502
5000,5042,2111,0,1000000,0,111834,888166
5001,5043,1679,0,1000000,0,110644,889356
5002,5044,2557,0,1000000,0,110384,889616
5003,5045,1972,0,1000000,0,166965,833035
5004,5046,1924,0,1000000,0,109099,890901
5005,5047,1865,0,1000000,0,124416,875584
5006,5048,2362,0,1000000,0,136281,863719
5007,5049,2159,0,1000000,0,110872,889128
5008,5050,2927,0,1000000,0,150138,849862
5009,5051,2862,0,1000000,0,139043,860957
5010,5052,1324,0,1000000,0,99772,900228
5011,5053,2562,0,1000000,0,128539,871461
5012,5054,2048,0,1000000,0,120247,879753
5013,5055,2562,0,1000000,0,137854,862146
5014,5056,2321,0,1000000,0,138099,861901
5015,5057,2206,0,1000000,0,122646,877354
5016,5058,2662,0,1000000,0,157680,842320
5017,5059,1834,0,1000000,0,134611,865389
5018,5060,2504,0,1000000,0,149626,850374
5019,5061,2910,0,1000000,0,151475,848525
5020,5062,1796,0,1000000,0,123111,876889
5021,5063,2539,0,1000000,0,141386,858614
5022,5064,1752,0,1000000,0,131774,868226
5023,5065,2752,0,1000000,0,135394,864606
5024,5066,2407,0,1000000,0,112574,887426
5025,5067,2756,0,1000000,0,125369,874631
5026,5068,2037,0,1000000,0,77442,922558
5027,5069,2187,0,1000000,0,116123,883877
5028,5070,2344,0,1000000,0,150027,849973
5029,5071,2364,0,1000000,0,121855,878145
5030,5072,2207,0,1000000,0,150118,849882
5031,5073,2887,0,1000000,0,127860,872140
5032,5074,2385,0,1000000,0,98358,901642
5033,5075,2770,0,1000000,0,151518,848482
5034,5076,1429,0,1000000,0,114164,885836
5035,5077,2226,0,1000000,0,148198,851802
5036,5078,2488,0,1000000,0,132376,867624
5037,5079,2099,0,1000000,0,101644,898356
5038,5080,2007,0,1000000,0,137358,862642
5039,5081,2648,0,1000000,0,124155,875845
5040,5082,1885,0,1000000,0,128812,871188
5041,5083,2251,0,1000000,0,107541,892459
5042,5084,2341,0,1000000,0,147561,852439
5043,5085,2716,0,1000000,0,137373,862627
5044,5086,2023,0,1000000,0,130260,869740
5045,5087,1879,0,1000000,0,105349,894651
5046,5088,2106,0,1000000,0,126091,873909
5047,5089,2031,0,1000000,0,143167,856833
5048,5090,2044,0,1000000,0,131854,868146
5049,5091,2897,0,1000000,0,143530,856470
5050,5092,2036,0,1000000,0,129769,870231
5051,5093,2245,0,1000000,0,114197,885803
5052,5094,1394,0,1000000,0,124917,875083
5053,5095,2137,0,1000000,0,161410,838590
5054,5096,2551,0,1000000,0,128945,871055
5055,5097,2713,0,1000000,0,147800,852200
5056,5098,2363,0,1000000,0,134550,865450
5057,5099,1503,0,1000000,0,127792,872208
5058,5100,3022,0,1000000,0,145177,854823
5059,5101,2241,0,1000000,0,108349,891651
5060,5102,3052,0,1000000,0,127200,872800
5061,5103,2027,0,1000000,0,144087,855913
5062,5104,1348,0,1000000,0,125461,874539
5063,5105,2029,0,1000000,0,167174,832826
5064,5106,2104,0,1000000,0,126544,873456
5065,5107,2480,0,1000000,0,153316,846684
5066,5108,2667,0,1000000,0,136270,863730
5067,5109,2507,0,1000000,0,133325,866675
5068,5110,2123,0,1000000,0,124022,875978
5069,5111,2888,0,1000000,0,164182,835818
5070,5112,2201,0,1000000,0,127567,872433
5071,5113,2798,0,1000000,0,135710,864290
5072,5114,1621,0,1000000,0,132635,867365
5073,5115,2192,0,1000000,0,137384,862616
5074,5116,2395,0,1000000,0,132127,867873
5075,5117,2250,0,1000000,0,108829,891171
5076,5118,2647,0,1000000,0,123395,876605
5077,5119,3324,0,1000000,0,162963,837037
5078,5120,2071,0,1000000,0,129719,870281
5079,5121,2742,0,1000000,0,152622,847378
5080,5122,2539,0,1000000,0,138239,861761
5081,5123,2274,0,1000000,0,144647,855353
5082,5124,2826,0,1000000,0,152562,847438
5083,5125,1846,0,1000000,0,125851,874149
5084,5126,2747,0,1000000,0,160894,839106
5085,5127,1618,0,1000000,0,126618,873382
5086,5128,2165,0,1000000,0,136869,863131
5087,5129,2164,0,1000000,0,136934,863066
5088,5130,2252,0,1000000,0,103372,896628
5089,5131,1677,0,1000000,0,101566,898434
5090,5132,2455,0,1000000,0,143642,856358
5091,5133,2352,0,1000000,0,146025,853975
5092,5134,3466,0,1000000,0,153732,846268
5093,5135,2552,0,1000000,0,134165,865835
5094,5136,1470,0,1000000,0,133225,866775
5095,5137,2015,0,1000000,0,114357,885643
5096,5138,2270,0,1000000,0,104809,895191
5097,5139,2033,0,1000000,0,153348,846652
5098,5140,2745,0,1000000,0,129041,870959
5099,5141,2036,0,1000000,0,125673,874327
5100,5142,2565,0,1000000,0,154691,845309
5101,5143,2199,0,1000000,0,164650,835350
5102,5144,1705,0,1000000,0,107978,892022
5103,5145,2360,0,1000000,0,128359,871641
5104,5146,1896,0,1000000,0,95250,904750
5105,5147,1894,0,1000000,0,129313,870687
5106,5148,2183,0,1000000,0,136430,863570
5107,5149,1795,0,1000000,0,138998,861002
5108,5150,2044,0,1000000,0,123492,876508
5109,5151,2044,0,1000000,0,101929,898071
5110,5152,2462,0,1000000,0,132449,867551
5111,5153,1418,0,1000000,0,99436,900564
5112,5154,2042,0,1000000,0,121943,878057
5113,5155,2321,0,1000000,0,109090,890910
5114,5156,2987,0,1000000,0,135039,864961
5115,5157,2308,0,1000000,0,145235,854765
5116,5158,3295,0,1000000,0,143599,856401
5117,5159,2700,0,1000000,0,137612,862388
5118,5160,3126,0,1000000,0,136424,863576
5119,5161,2996,0,1000000,0,161374,838626
5120,5162,1869,0,1000000,0,125060,874940
5121,5163,2876,0,1000000,0,150869,849131
5122,5164,1987,0,1000000,0,115878,884122
5123,5165,2596,0,1000000,0,119471,880529
5124,5166,1900,0,1000000,0,97897,902103
5125,5167,2518,0,1000000,0,124946,875054
5126,5168,2285,0,1000000,0,142469,857531
5127,5169,2647,0,1000000,0,158382,841618
5128,5170,2089,0,1000000,0,119391,880609
5129,5171,2763,0,1000000,0,146608,853392
5130,5172,2145,0,1000000,0,114596,885404
5131,5173,2495,0,1000000,0,130530,869470
5132,5174,1746,0,1000000,0,149573,850427
5133,5175,2425,0,1000000,0,159976,840024
5134,5176,2488,0,1000000,0,119641,880359
5135,5177,2577,0,1000000,0,117109,882891
5136,5178,1910,0,1000000,0,105936,894064
5137,5179,1947,0,1000000,0,172647,827353
5138,5180,2860,0,1000000,0,147232,852768
5139,5181,2948,0,1000000,0,134839,865161
5140,5182,2404,0,1000000,0,128878,871122
5141,5183,1802,0,1000000,0,139755,860245
5142,5184,2149,0,1000000,0,138871,861129
5143,5185,2533,0,1000000,0,126231,873769
5144,5186,2113,0,1000000,0,129726,870274
5145,5187,2709,0,1000000,0,122813,877187
5146,5188,2670,0,1000000,0,115981,884019
5147,5189,2912,0,1000000,0,178484,821516
5148,5190,2462,0,1000000,0,136897,863103
5149,5191,3336,0,1000000,0,124686,875314
5150,5192,2198,0,1000000,0,137176,862824
5151,5193,2428,0,1000000,0,146852,853148
5152,5194,2154,0,1000000,0,127536,872464
5153,5195,1986,0,1000000,0,152181,847819
5154,5196,2185,0,1000000,0,115936,884064
5155,5197,2834,0,1000000,0,149217,850783
5156,5198,1755,0,1000000,0,95824,904176
5157,5199,2631,0,1000000,0,135296,864704
5158,5200,2050,0,1000000,0,130494,869506
5159,5201,2782,0,1000000,0,145918,854082
5160,5202,2115,0,1000000,0,121601,878399
5161,5203,2194,0,1000000,0,142284,857716
5162,5204,2308,0,1000000,0,127549,872451
5163,5205,1818,0,1000000,0,112608,887392
5164,5206,1753,0,1000000,0,113490,886510
5165,5207,2759,0,1000000,0,151763,848237
5166,5208,2413,0,1000000,0,147219,852781
5167,5209,1529,0,1000000,0,109571,890429
5168,5210,2311,0,1000000,0,136165,863835
5169,5211,1933,0,1000000,0,130338,869662
5170,5212,1857,0,1000000,0,108160,891840
5171,5213,1778,0,1000000,0,118039,881961
5172,5214,2260,0,1000000,0,129522,870478
5173,5215,2298,0,1000000,0,118397,881603
5174,5216,1565,0,1000000,0,137248,862752
5175,5217,2642,0,1000000,0,130414,869586
5176,5218,1848,0,1000000,0,118852,881148
5177,5219,2342,0,1000000,0,125083,874917
5178,5220,1777,0,1000000,0,102920,897080
5179,5221,2636,0,1000000,0,116166,883834
5180,5222,2566,0,1000000,0,121248,878752
5181,5223,2743,0,1000000,0,130150,869850
5182,5224,2304,0,1000000,0,148120,851880
5183,5225,1793,0,1000000,0,165241,834759
5184,5226,2724,0,1000000,0,134182,865818
5185,5227,2460,0,1000000,0,144717,855283
5186,5228,1632,0,1000000,0,130318,869682
5187,5229,1919,0,1000000,0,98102,901898
5188,5230,2460,0,1000000,0,146128,853872
5189,5231,2228,0,1000000,0,124557,875443
5190,5232,1390,0,1000000,0,125467,874533
5191,5233,2754,0,1000000,0,121862,878138
5192,5234,1274,0,1000000,0,122682,877318
5193,5235,2122,0,1000000,0,114646,885354
5194,5236,2421,0,1000000,0,123088,876912
5195,5237,1934,0,1000000,0,129847,870153
5196,5238,2084,0,1000000,0,135233,864767
5197,5239,2522,0,1000000,0,139883,860117
5198,5240,2462,0,1000000,0,127200,872800
5199,5241,2461,0,1000000,0,128655,871345
5200,5242,2187,0,1000000,0,154203,845797
5201,5243,2548,0,1000000,0,146936,853064
5202,5244,1930,0,1000000,0,131584,868416
5203,5245,2905,0,1000000,0,154660,845340
5204,5246,2402,0,1000000,0,132277,867723
5205,5247,1777,0,1000000,0,113685,886315
5206,5248,3167,0,1000000,0,135676,864324
5207,5249,2256,0,1000000,0,137067,862933
5208,5250,2411,0,1000000,0,135184,864816
5209,5251,1880,0,1000000,0,144756,855244
5210,5252,2200,0,1000000,0,159590,840410
5211,5253,2718,0,1000000,0,138250,861750
5212,5254,2715,0,1000000,0,145035,854965
5213,5255,2534,0,1000000,0,117771,882229
5214,5256,2252,0,1000000,0,170720,829280
5215,5257,3155,0,1000000,0,147207,852793
5216,5258,2131,0,1000000,0,126558,873442
5217,5259,1759,0,1000000,0,122405,877595
5218,5260,2169,0,1000000,0,150791,849209
5219,5261,2711,0,1000000,0,153479,846521
5220,5262,1580,0,1000000,0,112559,887441
5221,5263,2186,0,1000000,0,122491,877509
5222,5264,1751,0,1000000,0,100124,899876
5223,5265,1863,0,1000000,0,161968,838032
5224,5266,3044,0,1000000,0,135652,864348
5225,5267,2428,0,1000000,0,121959,878041
5226,5268,2749,0,1000000,0,167325,832675
5227,5269,1967,0,1000000,0,121682,878318
5228,5270,2223,0,1000000,0,126557,873443
5229,5271,2315,0,1000000,0,138288,861712
5230,5272,2142,0,1000000,0,130898,869102
5231,5273,3168,0,1000000,0,149647,850353
5232,5274,2047,0,1000000,0,136601,863399
5233,5275,2482,0,1000000,0,140247,859753
5234,5276,2527,0,1000000,0,144195,855805
5235,5277,2510,0,1000000,0,153187,846813
5236,5278,1985,0,1000000,0,135344,864656
5237,5279,1822,0,1000000,0,114452,885548
5238,5280,3089,0,1000000,0,171064,828936
5239,5281,2951,0,1000000,0,145113,854887
5240,5282,1404,0,1000000,0,123162,876838
5241,5283,2895,0,1000000,0,112238,887762
5242,5284,2269,0,1000000,0,96194,903806
5243,5285,2217,0,1000000,0,136423,863577
5244,5286,2535,0,1000000,0,117032,882968
5245,5287,2081,0,1000000,0,131835,868165
5246,5288,2366,0,1000000,0,141586,858414
5247,5289,2412,0,1000000,0,138739,861261
5248,5290,1260,0,1000000,0,100372,899628
5249,5291,1890,0,1000000,0,109969,890031
5250,5292,2277,0,1000000,0,113369,886631
5251,5293,1899,0,1000000,0,132111,867889
5252,5294,2668,0,1000000,0,146270,853730
5253,5295,2760,0,1000000,0,132654,867346
5254,5296,1844,0,1000000,0,136699,863301
5255,5297,2145,0,1000000,0,171206,828794
5256,5298,1315,0,1000000,0,86266,913734
5257,5299,2480,0,1000000,0,161060,838940
5258,5300,2424,0,1000000,0,100621,899379
5259,5301,2734,0,1000000,0,154601,845399
5260,5302,2043,0,1000000,0,116135,883865
5261,5303,2107,0,1000000,0,140748,859252
5262,5304,2875,0,1000000,0,118037,881963
5263,5305,3097,0,1000000,0,142137,857863
5264,5306,1829,0,1000000,0,112375,887625
5265,5307,2072,0,1000000,0,135479,864521
5266,5308,1785,0,1000000,0,152715,847285
5267,5309,2362,0,1000000,0,131626,868374
5268,5310,2211,0,1000000,0,149496,850504
5269,5311,2051,0,1000000,0,140138,859862
5270,5312,2718,0,1000000,0,134213,865787
5271,5313,2112,0,1000000,0,93968,906032
5272,5314,1949,0,1000000,0,113168,886832
5273,5315,2114,0,1000000,0,134804,865196
5274,5316,2401,0,1000000,0,152116,847884
5275,5317,1649,0,1000000,0,104735,895265
5276,5318,2569,0,1000000,0,119092,880908
5277,5319,2719,0,1000000,0,129722,870278
5278,5320,2235,0,1000000,0,139740,860260
5279,5321,1905,0,1000000,0,141511,858489
5280,5322,2691,0,1000000,0,113816,886184
5281,5323,2609,0,1000000,0,120362,879638
5282,5324,1715,0,1000000,0,107510,892490
5283,5325,3203,0,1000000,0,146398,853602
5284,5326,2461,0,1000000,0,153007,846993
5285,5327,2634,0,1000000,0,122751,877249
5286,5328,2171,0,1000000,0,102194,897806
5287,5329,1819,0,1000000,0,114685,885315
5288,5330,2352,0,1000000,0,116426,883574
5289,5331,2106,0,1000000,0,132063,867937
5290,5332,2532,0,1000000,0,144044,855956
5291,5333,2400,0,1000000,0,132222,867778
5292,5334,3571,0,1000000,0,171445,828555
5293,5335,1744,0,1000000,0,124656,875344
5294,5336,2010,0,1000000,0,112554,887446
5295,5337,2219,0,1000000,0,140364,859636
5296,5338,1511,0,1000000,0,131620,868380
5297,5339,2050,0,1000000,0,166112,833888
5298,5340,2498,0,1000000,0,141894,858106
5299,5341,1826,0,1000000,0,95818,904182
5300,5342,1877,0,1000000,0,139213,860787
5301,5343,1725,0,1000000,0,147174,852826
5302,5344,2526,0,1000000,0,101705,898295
5303,5345,1635,0,1000000,0,104635,895365
5304,5346,2263,0,1000000,0,131562,868438
5305,5347,1660,0,1000000,0,121359,878641
5306,5348,2380,0,1000000,0,141617,858383
5307,5349,2566,0,1000000,0,159531,840469
5308,5350,1961,0,1000000,0,145208,854792
5309,5351,2293,0,1000000,0,128212,871788
5310,5352,1859,0,1000000,0,126041,873959
5311,5353,2207,0,1000000,0,146336,853664
5312,5354,2693,0,1000000,0,127630,872370
5313,5355,2284,0,1000000,0,141400,858600
5314,5356,2922,0,1000000,0,143583,856417
5315,5357,2668,0,1000000,0,146472,853528
5316,5358,2306,0,1000000,0,133423,866577
5317,5359,2221,0,1000000,0,151369,848631
5318,5360,2320,0,1000000,0,151301,848699
5319,5361,3171,0,1000000,0,142572,857428
5320,5362,3102,0,1000000,0,138378,861622
5321,5363,2312,0,1000000,0,121858,878142
5322,5364,1704,0,1000000,0,108547,891453
5323,5365,3129,0,1000000,0,155071,844929
5324,5366,2056,0,1000000,0,104446,895554
5325,5367,2804,0,1000000,0,131821,868179
5326,5368,2364,0,1000000,0,121162,878838
5327,5369,2439,0,1000000,0,160158,839842
5328,5370,2670,0,1000000,0,152713,847287
5329,5371,1976,0,1000000,0,117261,882739
5330,5372,1796,0,1000000,0,117254,882746
5331,5373,3044,0,1000000,0,135619,864381
5332,5374,2588,0,1000000,0,129541,870459
5333,5375,2430,0,1000000,0,161732,838268
5334,5376,2791,0,1000000,0,142106,857894
5335,5377,1806,0,1000000,0,136087,863913
5336,5378,2424,0,1000000,0,135710,864290
5337,5379,3002,0,1000000,0,157025,842975
5338,5380,2130,0,1000000,0,118101,881899
5339,5381,1765,0,1000000,0,141728,858272
5340,5382,1877,0,1000000,0,135264,864736
5341,5383,2022,0,1000000,0,131001,868999
5342,5384,2012,0,1000000,0,133576,866424
5343,5385,2540,0,1000000,0,135865,864135
5344,5386,2641,0,1000000,0,122397,877603
5345,5387,1880,0,1000000,0,133238,866762
5346,5388,2063,0,1000000,0,133965,866035
5347,5389,2785,0,1000000,0,158064,841936
5348,5390,1940,0,1000000,0,126054,873946
5349,5391,1731,0,1000000,0,119442,880558
5350,5392,3104,0,1000000,0,144945,855055
5351,5393,2912,0,1000000,0,142318,857682
5352,5394,2156,0,1000000,0,137625,862375
5353,5395,1998,0,1000000,0,155197,844803
5354,5396,2611,0,1000000,0,119486,880514
5355,5397,2663,0,1000000,0,174719,825281
5356,5398,2464,0,1000000,0,167571,832429
5357,5399,2703,0,1000000,0,127060,872940
5358,5400,1686,0,1000000,0,123128,876872
5359,5401,2233,0,1000000,0,120345,879655
5360,5402,1386,0,1000000,0,108264,891736
5361,5403,1982,0,1000000,0,157170,842830
5362,5404,2053,0,1000000,0,121999,878001
5363,5405,2329,0,1000000,0,151436,848564
5364,5406,2630,0,1000000,0,148743,851257
5365,5407,2307,0,1000000,0,135517,864483
5366,5408,1560,0,1000000,0,141140,858860
5367,5409,1518,0,1000000,0,104029,895971
5368,5410,2453,0,1000000,0,138680,861320
5369,5411,2424,0,1000000,0,111952,888048
5370,5412,1670,0,1000000,0,115613,884387
5371,5413,1164,0,1000000,0,118006,881994
5372,5414,2587,0,1000000,0,160960,839040
5373,5415,1686,0,1000000,0,140417,859583
5374,5416,1874,0,1000000,0,135574,864426
5375,5417,2576,0,1000000,0,123587,876413
5376,5418,2511,0,1000000,0,126742,873258
5377,5419,1443,0,1000000,0,117546,882454
5378,5420,2424,0,1000000,0,157575,842425
5379,5421,2074,0,1000000,0,121278,878722
5380,5422,1249,0,1000000,0,120483,879517
5381,5423,2498,0,1000000,0,152792,847208
5382,5424,1958,0,1000000,0,118366,881634
5383,5425,2648,0,1000000,0,152872,847128
5384,5426,2486,0,1000000,0,125706,874294
5385,5427,2522,0,1000000,0,137991,862009
5386,5428,2357,0,1000000,0,129772,870228
5387,5429,2906,0,1000000,0,140369,859631
5388,5430,2950,0,1000000,0,145701,854299
5389,5431,2104,0,1000000,0,141502,858498
5390,5432,3863,0,1000000,0,185201,814799
5391,5433,2672,0,1000000,0,136872,863128
5392,5434,2360,0,1000000,0,128779,871221
5393,5435,2079,0,1000000,0,117744,882256
5394,5436,2071,0,1000000,0,163779,836221
5395,5437,2224,0,1000000,0,114016,885984
5396,5438,2244,0,1000000,0,116571,883429
5397,5439,2744,0,1000000,0,161437,838563
5398,5440,2221,0,1000000,0,120273,879727
5399,5441,3413,0,1000000,0,126996,873004
5400,5442,2875,0,1000000,0,133590,866410
5401,5443,2226,0,1000000,0,117966,882034
5402,5444,2865,0,1000000,0,145639,854361
5403,5445,2201,0,1000000,0,104999,895001
5404,5446,1738,0,1000000,0,141042,858958
5405,5447,1910,0,1000000,0,133812,866188
5406,5448,1758,0,1000000,0,124617,875383
5407,5449,2521,0,1000000,0,127884,872116
5408,5450,2206,0,1000000,0,96808,903192
5409,5451,2318,0,1000000,0,118615,881385
5410,5452,2317,0,1000000,0,131372,868628
5411,5453,2297,0,1000000,0,130715,869285
5412,5454,2280,0,1000000,0,154633,845367
5413,5455,1574,0,1000000,0,127263,872737
5414,5456,1901,0,1000000,0,104926,895074
5415,5457,2762,0,1000000,0,130526,869474
5416,5458,2147,0,1000000,0,146858,853142
5417,5459,2474,0,1000000,0,157291,842709
5418,5460,1889,0,1000000,0,112806,887194
5419,5461,2545,0,1000000,0,123326,876674
5420,5462,2020,0,1000000,0,150077,849923
5421,5463,1943,0,1000000,0,148110,851890
5422,5464,2038,0,1000000,0,140149,859851
5423,5465,2112,0,1000000,0,103406,896594
5424,5466,2645,0,1000000,0,140226,859774
5425,5467,2453,0,1000000,0,118931,881069
5426,5468,2527,0,1000000,0,134414,865586
5427,5469,2252,0,1000000,0,111588,888412
5428,5470,2558,0,1000000,0,128071,871929
5429,5471,3113,0,1000000,0,121601,878399
5430,5472,2477,0,1000000,0,139215,860785
5431,5473,1900,0,1000000,0,96290,903710
5432,5474,2827,0,1000000,0,129011,870989
5433,5475,2133,0,1000000,0,152327,847673
5434,5476,1892,0,1000000,0,138679,861321
5435,5477,2740,0,1000000,0,125768,874232
5436,5478,2258,0,1000000,0,115604,884396
5437,5479,1565,0,1000000,0,127653,872347
5438,5480,2010,0,1000000,0,135281,864719
5439,5481,2198,0,1000000,0,116941,883059
5440,5482,2333,0,1000000,0,119847,880153
5441,5483,1985,0,1000000,0,121884,878116
5442,5484,2501,0,1000000,0,158067,841933
5443,5485,2126,0,1000000,0,171954,828046
5444,5486,2001,0,1000000,0,92095,907905
5445,5487,1761,0,1000000,0,102344,897656
5446,5488,2970,0,1000000,0,140197,859803
5447,5489,2124,0,1000000,0,120928,879072
5448,5490,2114,0,1000000,0,115025,884975
5449,5491,2503,0,1000000,0,119768,880232
5450,5492,1719,0,1000000,0,114843,885157
5451,5493,3129,0,1000000,0,146110,853890
5452,5494,2295,0,1000000,0,112979,887021
5453,5495,2507,0,1000000,0,138956,861044
5454,5496,2193,0,1000000,0,116942,883058
5455,5497,2842,0,1000000,0,149824,850176
5456,5498,1874,0,1000000,0,103889,896111
5457,5499,2780,0,1000000,0,112334,887666
5458,5500,2291,0,1000000,0,122607,877393
5459,5501,2377,0,1000000,0,134862,865138
5460,5502,1954,0,1000000,0,133516,866484
5461,5503,1977,0,1000000,0,117116,882884
5462,5504,1876,0,1000000,0,141110,858890
5463,5505,2845,0,1000000,0,118659,881341
5464,5506,2157,0,1000000,0,125260,874740
5465,5507,2351,0,1000000,0,138922,861078
5466,5508,1740,0,1000000,0,98508,901492
5467,5509,3565,0,1000000,0,120938,879062
5468,5510,2965,0,1000000,0,127926,872074
5469,5511,2137,0,1000000,0,152015,847985
5470,5512,1634,0,1000000,0,150203,849797
5471,5513,2590,0,1000000,0,145633,854367
5472,5514,2288,0,1000000,0,159203,840797
5473,5515,2460,0,1000000,0,127223,872777
5474,5516,1705,0,1000000,0,118923,881077
5475,5517,2066,0,1000000,0,129789,870211
5476,5518,2499,0,1000000,0,160975,839025
5477,5519,1915,0,1000000,0,123127,876873
5478,5520,2179,0,1000000,0,120507,879493
5479,5521,2270,0,1000000,0,112174,887826
5480,5522,2450,0,1000000,0,128819,871181
5481,5523,2372,0,1000000,0,125078,874922
5482,5524,1350,0,1000000,0,92640,907360
5483,5525,3440,0,1000000,0,138031,861969
5484,5526,2049,0,1000000,0,120689,879311
5485,5527,2183,0,1000000,0,153991,846009
5486,5528,2378,0,1000000,0,152696,847304
5487,5529,3321,0,1000000,0,149542,850458
5488,5530,2382,0,1000000,0,129797,870203
5489,5531,1971,0,1000000,0,136427,863573
5490,5532,2516,0,1000000,0,118489,881511
5491,5533,1721,0,1000000,0,157909,842091
5492,5534,2482,0,1000000,0,122156,877844
5493,5535,2115,0,1000000,0,128550,871450
5494,5536,1798,0,1000000,0,96674,903326
5495,5537,2787,0,1000000,0,145439,854561
5496,5538,1655,0,1000000,0,120011,879989
5497,5539,2072,0,1000000,0,121065,878935
5498,5540,3304,0,1000000,0,162154,837846
5499,5541,2928,0,1000000,0,133398,866602
5500,5542,2062,0,1000000,0,109632,890368
5501,5543,2089,0,1000000,0,126912,873088
5502,5544,3390,0,1000000,0,159281,840719
5503,5545,2510,0,1000000,0,127667,872333
5504,5546,2456,0,1000000,0,118803,881197
5505,5547,2378,0,1000000,0,162294,837706
5506,5548,2630,0,1000000,0,107604,892396
5507,5549,2289,0,1000000,0,157551,842449
5508,5550,2579,0,1000000,0,158305,841695
5509,5551,1923,0,1000000,0,126944,873056
5510,5552,3379,0,1000000,0,151013,848987
5511,5553,1693,0,1000000,0,111523,888477
5512,5554,3095,0,1000000,0,119432,880568
5513,5555,2601,0,1000000,0,156392,843608
5514,5556,3329,0,1000000,0,152795,847205
5515,5557,1556,0,1000000,0,130903,869097
5516,5558,1840,0,1000000,0,103472,896528
5517,5559,2314,0,1000000,0,135707,864293
5518,5560,2061,0,1000000,0,140480,859520
5519,5561,2044,0,1000000,0,136058,863942
5520,5562,2748,0,1000000,0,123357,876643
5521,5563,2252,0,1000000,0,130928,869072
5522,5564,2400,0,1000000,0,138379,861621
5523,5565,2403,0,1000000,0,118683,881317
5524,5566,2999,0,1000000,0,136391,863609
5525,5567,2722,0,1000000,0,126644,873356
5526,5568,2471,0,1000000,0,142766,857234
5527,5569,2103,0,1000000,0,147586,852414
5528,5570,2038,0,1000000,0,104669,895331
5529,5571,1838,0,1000000,0,124525,875475
5530,5572,2619,0,1000000,0,144297,855703
5531,5573,1717,0,1000000,0,128256,871744
5532,5574,2127,0,1000000,0,145005,854995
5533,5575,2827,0,1000000,0,140368,859632
5534,5576,2384,0,1000000,0,122551,877449
5535,5577,2148,0,1000000,0,147906,852094
5536,5578,2449,0,1000000,0,131024,868976
5537,5579,2769,0,1000000,0,137059,862941
5538,5580,2119,0,1000000,0,132712,867288
5539,5581,1861,0,1000000,0,97596,902404
5540,5582,2456,0,1000000,0,132176,867824
5541,5583,2330,0,1000000,0,131443,868557
5542,5584,2458,0,1000000,0,116984,883016
5543,5585,2299,0,1000000,0,135355,864645
5544,5586,3011,0,1000000,0,161690,838310
5545,5587,1798,0,1000000,0,110618,889382
5546,5588,3136,0,1000000,0,139275,860725
5547,5589,2666,0,1000000,0,141863,858137
5548,5590,2373,0,1000000,0,105277,894723
5549,5591,2281,0,1000000,0,152608,847392
5550,5592,1753,0,1000000,0,114018,885982
5551,5593,2629,0,1000000,0,163226,836774
5552,5594,1765,0,1000000,0,91304,908696
5553,5595,2667,0,1000000,0,163170,836830
5554,5596,2081,0,1000000,0,140951,859049
5555,5597,1799,0,1000000,0,108953,891047
5556,5598,3587,0,1000000,0,153596,846404
5557,5599,2761,0,1000000,0,157933,842067
5558,5600,2461,0,1000000,0,131992,868008
5559,5601,1936,0,1000000,0,100315,899685
5560,5602,2317,0,1000000,0,141672,858328
5561,5603,2111,0,1000000,0,126447,873553
5562,5604,2062,0,1000000,0,135574,864426
5563,5605,2836,0,1000000,0,160104,839896
5564,5606,2225,0,1000000,0,139458,860542
5565,5607,1655,0,1000000,0,109451,890549
5566,5608,1950,0,1000000,0,111028,888972
5567,5609,2564,0,1000000,0,129344,870656
5568,5610,1492,0,1000000,0,96800,903200
5569,5611,1963,0,1000000,0,123865,876135
5570,5612,2385,0,1000000,0,128347,871653
5571,5613,2649,0,1000000,0,138928,861072
5572,5614,2793,0,1000000,0,139444,860556
5573,5615,1667,0,1000000,0,125230,874770
5574,5616,1481,0,1000000,0,111681,888319
5575,5617,2661,0,1000000,0,135000,865000
5576,5618,1744,0,1000000,0,132984,867016
5577,5619,2974,0,1000000,0,149888,850112
5578,5620,2139,0,1000000,0,135978,864022
5579,5621,2394,0,1000000,0,132653,867347
5580,5622,2330,0,1000000,0,134455,865545
5581,5623,1540,0,1000000,0,128818,871182
5582,5624,2404,0,1000000,0,168854,831146
5583,5625,2340,0,1000000,0,145097,854903
5584,5626,1762,0,1000000,0,88731,911269
5585,5627,2266,0,1000000,0,144566,855434
5586,5628,1620,0,1000000,0,129533,870467
5587,5629,2065,0,1000000,0,107767,892233
5588,5630,2281,0,1000000,0,143450,856550
5589,5631,2195,0,1000000,0,148571,851429
5590,5632,2729,0,1000000,0,148529,851471
5591,5633,2323,0,1000000,0,123928,876072
5592,5634,2463,0,1000000,0,155308,844692
5593,5635,2368,0,1000000,0,113690,886310
5594,5636,2604,0,1000000,0,144140,855860
5595,5637,2286,0,1000000,0,146597,853403
5596,5638,2199,0,1000000,0,167804,832196
5597,5639,2666,0,1000000,0,153947,846053
5598,5640,3063,0,1000000,0,114653,885347
5599,5641,2119,0,1000000,0,115426,884574
5600,5642,2721,0,1000000,0,113101,886899
5601,5643,3378,0,1000000,0,157919,842081
5602,5644,2131,0,1000000,0,138990,861010
5603,5645,1747,0,1000000,0,108044,891956
5604,5646,1852,0,1000000,0,151328,848672
5605,5647,1930,0,1000000,0,149275,850725
5606,5648,2663,0,1000000,0,146697,853303
5607,5649,2253,0,1000000,0,141841,858159
5608,5650,1877,0,1000000,0,152265,847735
5609,5651,3011,0,1000000,0,170798,829202
5610,5652,2488,0,1000000,0,145082,854918
5611,5653,1742,0,1000000,0,93738,906262
5612,5654,1984,0,1000000,0,126713,873287
5613,5655,2089,0,1000000,0,135037,864963
5614,5656,2263,0,1000000,0,132366,867634
5615,5657,2544,0,1000000,0,135504,864496
5616,5658,1928,0,1000000,0,138488,861512
5617,5659,2451,0,1000000,0,113900,886100
5618,5660,1927,0,1000000,0,150670,849330
5619,5661,2199,0,1000000,0,92894,907106
5620,5662,2173,0,1000000,0,127249,872751
5621,5663,2409,0,1000000,0,107406,892594
5622,5664,2147,0,1000000,0,130872,869128
5623,5665,2350,0,1000000,0,115728,884272
5624,5666,2450,0,1000000,0,151298,848702
5625,5667,3119,0,1000000,0,147423,852577
5626,5668,2373,0,1000000,0,116284,883716
5627,5669,1499,0,1000000,0,113835,886165
5628,5670,1847,0,1000000,0,141075,858925
5629,5671,1606,0,1000000,0,135097,864903
5630,5672,2392,0,1000000,0,146727,853273
5631,5673,2991,0,1000000,0,172137,827863
5632,5674,1809,0,1000000,0,119122,880878
5633,5675,2590,0,1000000,0,148476,851524
5634,5676,2980,0,1000000,0,153224,846776
5635,5677,2572,0,1000000,0,154900,845100
5636,5678,2795,0,1000000,0,150227,849773
5637,5679,1899,0,1000000,0,110385,889615
5638,5680,1705,0,1000000,0,137930,862070
5639,5681,1852,0,1000000,0,121654,878346
5640,5682,2122,0,1000000,0,136585,863415
5641,5683,2582,0,1000000,0,146123,853877
5642,5684,2800,0,1000000,0,152051,847949
5643,5685,2828,0,1000000,0,147628,852372
5644,5686,2500,0,1000000,0,147610,852390
5645,5687,1961,0,1000000,0,131624,868376
5646,5688,1540,0,1000000,0,126038,873962
5647,5689,3849,0,1000000,0,169275,830725
5648,5690,3288,0,1000000,0,165764,834236
5649,5691,1804,0,1000000,0,117385,882615
5650,5692,2220,0,1000000,0,148125,851875
5651,5693,2386,0,1000000,0,122028,877972
5652,5694,1803,0,1000000,0,125452,874548
5653,5695,2476,0,1000000,0,124328,875672
5654,5696,1816,0,1000000,0,103033,896967
5655,5697,3122,0,1000000,0,150650,849350
5656,5698,2203,0,1000000,0,139229,860771
5657,5699,2727,0,1000000,0,143496,856504
5658,5700,1942,0,1000000,0,142072,857928
5659,5701,1620,0,1000000,0,103036,896964
5660,5702,1664,0,1000000,0,137886,862114
5661,5703,2395,0,1000000,0,138401,861599
5662,5704,3209,0,1000000,0,143282,856718
5663,5705,2533,0,1000000,0,120179,879821
5664,5706,1846,0,1000000,0,142332,857668
5665,5707,1528,0,1000000,0,94419,905581
5666,5708,2380,0,1000000,0,143665,856335
5667,5709,2049,0,1000000,0,128845,871155
5668,5710,2491,0,1000000,0,125018,874982
5669,5711,2728,0,1000000,0,139385,860615
5670,5712,2894,0,1000000,0,126095,873905
5671,5713,3069,0,1000000,0,121277,878723
5672,5714,2534,0,1000000,0,108428,891572
5673,5715,2084,0,1000000,0,136016,863984
5674,5716,1536,0,1000000,0,108734,891266
5675,5717,2143,0,1000000,0,120895,879105
5676,5718,1509,0,1000000,0,119742,880258
5677,5719,2047,0,1000000,0,128612,871388
5678,5720,2639,0,1000000,0,149123,850877
5679,5721,2119,0,1000000,0,102957,897043
5680,5722,3200,0,1000000,0,152941,847059
5681,5723,2234,0,1000000,0,127422,872578
5682,5724,1482,0,1000000,0,117658,882342
5683,5725,2505,0,1000000,0,139616,860384
5684,5726,2212,0,1000000,0,124884,875116
5685,5727,1895,0,1000000,0,120859,879141
5686,5728,2103,0,1000000,0,143082,856918
5687,5729,1526,0,1000000,0,133263,866737
5688,5730,2348,0,1000000,0,130109,869891
5689,5731,2428,0,1000000,0,123212,876788
5690,5732,2509,0,1000000,0,139534,860466
5691,5733,2095,0,1000000,0,95396,904604
5692,5734,2188,0,1000000,0,129975,870025
5693,5735,1720,0,1000000,0,114607,885393
5694,5736,2592,0,1000000,0,131226,868774
5695,5737,2335,0,1000000,0,127848,872152
5696,5738,1767,0,1000000,0,130524,869476
5697,5739,1926,0,1000000,0,120960,879040
5698,5740,1299,0,1000000,0,104050,895950
5699,5741,2227,0,1000000,0,104081,895919
5700,5742,1786,0,1000000,0,110688,889312
5701,5743,1929,0,1000000,0,90571,909429
5702,5744,1690,0,1000000,0,139966,860034
5703,5745,2320,0,1000000,0,139246,860754
5704,5746,2366,0,1000000,0,128312,871688
5705,5747,2393,0,1000000,0,115705,884295
5706,5748,1877,0,1000000,0,112071,887929
5707,5749,2390,0,1000000,0,125053,874947
5708,5750,1772,0,1000000,0,113115,886885
5709,5751,1906,0,1000000,0,110609,889391
5710,5752,2373,0,1000000,0,167039,832961
5711,5753,2462,0,1000000,0,140784,859216
5712,5754,1969,0,1000000,0,177004,822996
5713,5755,1674,0,1000000,0,139436,860564
5714,5756,2505,0,1000000,0,124739,875261
5715,5757,1982,0,1000000,0,114379,885621
5716,5758,1623,0,1000000,0,89510,910490
5717,5759,2786,0,1000000,0,158736,841264
5718,5760,1289,0,1000000,0,117016,882984
5719,5761,2403,0,1000000,0,129132,870868
5720,5762,2444,0,1000000,0,127025,872975
5721,5763,2528,0,1000000,0,144316,855684
5722,5764,1272,0,1000000,0,97161,902839
5723,5765,2719,0,1000000,0,130911,869089
5724,5766,2181,0,1000000,0,119983,880017
5725,5767,2740,0,1000000,0,152860,847140
5726,5768,1715,0,1000000,0,116325,883675
5727,5769,2068,0,1000000,0,121328,878672
5728,5770,1656,0,1000000,0,124479,875521
5729,5771,2511,0,1000000,0,152457,847543
5730,5772,3175,0,1000000,0,152925,847075
5731,5773,2184,0,1000000,0,145823,854177
5732,5774,1833,0,1000000,0,139482,860518
5733,5775,1946,0,1000000,0,137322,862678
5734,5776,2522,0,1000000,0,132944,867056
5735,5777,2403,0,1000000,0,149363,850637
5736,5778,2145,0,1000000,0,136529,863471
5737,5779,1896,0,1000000,0,140974,859026
5738,5780,2370,0,1000000,0,124537,875463
5739,5781,2837,0,1000000,0,140331,859669
5740,5782,3081,0,1000000,0,133467,866533
5741,5783,2028,0,1000000,0,144300,855700
5742,5784,3011,0,1000000,0,140108,859892
5743,5785,2235,0,1000000,0,139981,860019
5744,5786,1235,0,1000000,0,105315,894685
5745,5787,2759,0,1000000,0,135521,864479
5746,5788,1947,0,1000000,0,102325,897675
5747,5789,1798,0,1000000,0,110762,889238
5748,5790,2690,0,1000000,0,157079,842921
5749,5791,2366,0,1000000,0,120643,879357
5750,5792,1840,0,1000000,0,95287,904713
5751,5793,1813,0,1000000,0,117880,882120
5752,5794,2273,0,1000000,0,144017,855983
5753,5795,2175,0,1000000,0,139143,860857
5754,5796,2296,0,1000000,0,113011,886989
5755,5797,2557,0,1000000,0,151130,848870
5756,5798,1687,0,1000000,0,116990,883010
5757,5799,2525,0,1000000,0,129659,870341
5758,5800,2640,0,1000000,0,148581,851419
5759,5801,2009,0,1000000,0,128713,871287
5760,5802,1825,0,1000000,0,115289,884711
5761,5803,2845,0,1000000,0,137776,862224
5762,5804,2324,0,1000000,0,151102,848898
5763,5805,2302,0,1000000,0,122792,877208
5764,5806,1908,0,1000000,0,132336,867664
5765,5807,2268,0,1000000,0,110432,889568
5766,5808,1851,0,1000000,0,109339,890661
5767,5809,2310,0,1000000,0,141321,858679
5768,5810,2899,0,1000000,0,118074,881926
5769,5811,2043,0,1000000,0,113046,886954
5770,5812,1679,0,1000000,0,110102,889898
5771,5813,1545,0,1000000,0,151185,848815
5772,5814,1984,0,1000000,0,101856,898144
5773,5815,2240,0,1000000,0,129870,870130
5774,5816,2332,0,1000000,0,108758,891242
5775,5817,2615,0,1000000,0,149830,850170
5776,5818,2566,0,1000000,0,106888,893112
5777,5819,2338,0,1000000,0,132099,867901
5778,5820,2657,0,1000000,0,142255,857745
5779,5821,1855,0,1000000,0,117531,882469
5780,5822,1724,0,1000000,0,100702,899298
5781,5823,2465,0,1000000,0,147766,852234
5782,5824,2755,0,1000000,0,150174,849826
5783,5825,2483,0,1000000,0,121580,878420
5784,5826,1415,0,1000000,0,126513,873487
5785,5827,2704,0,1000000,0,151669,848331
5786,5828,2342,0,1000000,0,124000,876000
5787,5829,2434,0,1000000,0,128264,871736
5788,5830,3302,0,1000000,0,134050,865950
5789,5831,2401,0,1000000,0,117704,882296
5790,5832,2079,0,1000000,0,143174,856826
5791,5833,2286,0,1000000,0,109797,890203
5792,5834,2638,0,1000000,0,120342,879658
5793,5835,1752,0,1000000,0,114743,885257
5794,5836,1562,0,1000000,0,124286,875714
5795,5837,2247,0,1000000,0,130405,869595
5796,5838,2302,0,1000000,0,131189,868811
5797,5839,1905,0,1000000,0,125957,874043
5798,5840,2895,0,1000000,0,147567,852433
5799,5841,2784,0,1000000,0,132761,867239
5800,5842,2116,0,1000000,0,127015,872985
5801,5843,2362,0,1000000,0,121548,878452
5802,5844,3004,0,1000000,0,175540,824460
5803,5845,1212,0,1000000,0,122516,877484
5804,5846,1489,0,1000000,0,118694,881306
5805,5847,2521,0,1000000,0,136039,863961
5806,5848,2035,0,1000000,0,116682,883318
5807,5849,2348,0,1000000,0,130415,869585
5808,5850,1772,0,1000000,0,129451,870549
5809,5851,2919,0,1000000,0,127780,872220
5810,5852,1984,0,1000000,0,129141,870859
5811,5853,2728,0,1000000,0,132232,867768
5812,5854,1263,0,1000000,0,99832,900168
5813,5855,2816,0,1000000,0,143138,856862
5814,5856,2455,0,1000000,0,111048,888952
5815,5857,2545,0,1000000,0,106981,893019
5816,5858,1855,0,1000000,0,86115,913885
5817,5859,1840,0,1000000,0,98587,901413
5818,5860,2834,0,1000000,0,158066,841934
5819,5861,2326,0,1000000,0,110069,889931
5820,5862,1945,0,1000000,0,105200,894800
5821,5863,2417,0,1000000,0,140929,859071
5822,5864,2122,0,1000000,0,138137,861863
5823,5865,2233,0,1000000,0,145437,854563
5824,5866,2161,0,1000000,0,112185,887815
5825,5867,1293,0,1000000,0,123533,876467
5826,5868,2309,0,1000000,0,167006,832994
5827,5869,1869,0,1000000,0,122249,877751
5828,5870,1521,0,1000000,0,125795,874205
5829,5871,1839,0,1000000,0,113726,886274
5830,5872,2625,0,1000000,0,144011,855989
5831,5873,2243,0,1000000,0,139653,860347
5832,5874,2841,0,1000000,0,159804,840196
5833,5875,2054,0,1000000,0,117288,882712
5834,5876,2906,0,1000000,0,141731,858269
5835,5877,2572,0,1000000,0,127463,872537
5836,5878,2483,0,1000000,0,118934,881066
5837,5879,1872,0,1000000,0,89968,910032
5838,5880,1627,0,1000000,0,117880,882120
5839,5881,2144,0,1000000,0,148785,851215
5840,5882,1736,0,1000000,0,88719,911281
5841,5883,1914,0,1000000,0,157900,842100
5842,5884,1510,0,1000000,0,119919,880081
5843,5885,2327,0,1000000,0,154375,845625
5844,5886,1821,0,1000000,0,128525,871475
5845,5887,2426,0,1000000,0,111261,888739
5846,5888,2905,0,1000000,0,145952,854048
5847,5889,2594,0,1000000,0,151478,848522
5848,5890,2048,0,1000000,0,137722,862278
5849,5891,2087,0,1000000,0,144774,855226
5850,5892,1922,0,1000000,0,143302,856698
5851,5893,1956,0,1000000,0,148795,851205
5852,5894,2938,0,1000000,0,139919,860081
5853,5895,2320,0,1000000,0,159324,840676
5854,5896,2639,0,1000000,0,140706,859294
5855,5897,3103,0,1000000,0,158848,841152
5856,5898,3040,0,1000000,0,141688,858312
5857,5899,1889,0,1000000,0,110348,889652
5858,5900,2114,0,1000000,0,133945,866055
5859,5901,2641,0,1000000,0,129563,870437
5860,5902,3175,0,1000000,0,161213,838787
5861,5903,2649,0,1000000,0,142225,857775
5862,5904,1244,0,1000000,0,93649,906351
5863,5905,2299,0,1000000,0,128122,871878
5864,5906,2487,0,1000000,0,153318,846682
5865,5907,2918,0,1000000,0,105665,894335
5866,5908,2498,0,1000000,0,146946,853054
5867,5909,1432,0,1000000,0,93306,906694
5868,5910,2317,0,1000000,0,124760,875240
5869,5911,2423,0,1000000,0,124321,875679
5870,5912,2023,0,1000000,0,116229,883771
5871,5913,2091,0,1000000,0,153461,846539
5872,5914,2312,0,1000000,0,148720,851280
5873,5915,3456,0,1000000,0,152624,847376
5874,5916,2725,0,1000000,0,133417,866583
5875,5917,2509,0,1000000,0,146836,853164
5876,5918,2845,0,1000000,0,158357,841643
5877,5919,1989,0,1000000,0,155751,844249
5878,5920,1994,0,1000000,0,128100,871900
5879,5921,3032,0,1000000,0,158024,841976
5880,5922,2284,0,1000000,0,155354,844646
5881,5923,2703,0,1000000,0,138928,861072
5882,5924,2559,0,1000000,0,140839,859161
5883,5925,2564,0,1000000,0,128078,871922
5884,5926,2152,0,1000000,0,129590,870410
5885,5927,2329,0,1000000,0,125009,874991
5886,5928,2364,0,1000000,0,126985,873015
5887,5929,2555,0,1000000,0,148508,851492
5888,5930,2416,0,1000000,0,138405,861595
5889,5931,1736,0,1000000,0,88815,911185
5890,5932,2592,0,1000000,0,144598,855402
5891,5933,2705,0,1000000,0,134153,865847
5892,5934,2499,0,1000000,0,126739,873261
5893,5935,2671,0,1000000,0,154440,845560
5894,5936,2860,0,1000000,0,141829,858171
5895,5937,2297,0,1000000,0,124086,875914
5896,5938,1605,0,1000000,0,112987,887013
5897,5939,2605,0,1000000,0,115121,884879
5898,5940,1608,0,1000000,0,89833,910167
5899,5941,2183,0,1000000,0,135458,864542
5900,5942,1743,0,1000000,0,130229,869771
5901,5943,2595,0,1000000,0,175107,824893
5902,5944,2185,0,1000000,0,148726,851274
5903,5945,1988,0,1000000,0,134985,865015
5904,5946,2159,0,1000000,0,170715,829285
5905,5947,2617,0,1000000,0,143844,856156
5906,5948,2088,0,1000000,0,143218,856782
5907,5949,1817,0,1000000,0,154328,845672
5908,5950,2188,0,1000000,0,127074,872926
5909,5951,1744,0,1000000,0,138067,861933
5910,5952,2484,0,1000000,0,127950,872050
5911,5953,2453,0,1000000,0,132338,867662
5912,5954,2259,0,1000000,0,132496,867504
5913,5955,1837,0,1000000,0,126605,873395
5914,5956,1944,0,1000000,0,126380,873620
5915,5957,2441,0,1000000,0,132966,867034
5916,5958,2257,0,1000000,0,130519,869481
5917,5959,2203,0,1000000,0,130340,869660
5918,5960,2907,0,1000000,0,151770,848230
5919,5961,953,0,1000000,0,96606,903394
5920,5962,1718,0,1000000,0,133424,866576
5921,5963,3063,0,1000000,0,157157,842843
5922,5964,2314,0,1000000,0,132133,867867
5923,5965,2262,0,1000000,0,134189,865811
5924,5966,1509,0,1000000,0,133967,866033
5925,5967,2509,0,1000000,0,146979,853021
5926,5968,2596,0,1000000,0,148196,851804
5927,5969,2630,0,1000000,0,143610,856390
5928,5970,2293,0,1000000,0,141457,858543
5929,5971,3018,0,1000000,0,125483,874517
5930,5972,2537,0,1000000,0,139444,860556
5931,5973,2782,0,1000000,0,158529,841471
5932,5974,2920,0,1000000,0,125041,874959
5933,5975,2728,0,1000000,0,138653,861347
5934,5976,2176,0,1000000,0,152170,847830
5935,5977,2573,0,1000000,0,146421,853579
5936,5978,1592,0,1000000,0,115209,884791
5937,5979,3415,0,1000000,0,152598,847402
5938,5980,2057,0,1000000,0,113333,886667
5939,5981,2695,0,1000000,0,139662,860338
5940,5982,3531,0,1000000,0,150100,849900
5941,5983,1920,0,1000000,0,126874,873126
5942,5984,2297,0,1000000,0,185687,814313
5943,5985,1782,0,1000000,0,109210,890790
5944,5986,2820,0,1000000,0,128389,871611
5945,5987,2505,0,1000000,0,126023,873977
5946,5988,2464,0,1000000,0,146669,853331
5947,5989,2452,0,1000000,0,140195,859805
5948,5990,2133,0,1000000,0,125817,874183
5949,5991,1280,0,1000000,0,100380,899620
5950,5992,2370,0,1000000,0,142330,857670
5951,5993,3013,0,1000000,0,157607,842393
5952,5994,2373,0,1000000,0,121770,878230
5953,5995,2001,0,1000000,0,130622,869378
5954,5996,1939,0,1000000,0,146040,853960
5955,5997,2592,0,1000000,0,110852,889148
5956,5998,3260,0,1000000,0,154625,845375
5957,5999,2242,0,1000000,0,134245,865755
5958,6000,2494,0,1000000,0,147463,852537
5959,6001,1333,0,1000000,0,112162,887838
5960,6002,1804,0,1000000,0,110922,889078
5961,6003,2146,0,1000000,0,155763,844237
5962,6004,2892,0,1000000,0,157556,842444
5963,6005,2941,0,1000000,0,131245,868755
5964,6006,2531,0,1000000,0,128034,871966
5965,6007,2070,0,1000000,0,111375,888625
5966,6008,1411,0,1000000,0,137528,862472
5967,6009,2077,0,1000000,0,120565,879435
5968,6010,1839,0,1000000,0,124820,875180
5969,6011,2716,0,1000000,0,119263,880737
5970,6012,2115,0,1000000,0,107451,892549
5971,6013,2350,0,1000000,0,133424,866576
5972,6014,1874,0,1000000,0,113117,886883
5973,6015,2834,0,1000000,0,122709,877291
5974,6016,2245,0,1000000,0,134680,865320
5975,6017,2442,0,1000000,0,147717,852283
5976,6018,1825,0,1000000,0,141267,858733
5977,6019,2506,0,1000000,0,129375,870625
5978,6020,1840,0,1000000,0,119956,880044
5979,6021,2810,0,1000000,0,147384,852616
5980,6022,2005,0,1000000,0,125238,874762
5981,6023,1975,0,1000000,0,124680,875320
5982,6024,2199,0,1000000,0,122187,877813
5983,6025,2050,0,1000000,0,146997,853003
5984,6026,2086,0,1000000,0,136651,863349
5985,6027,2697,0,1000000,0,138842,861158
5986,6028,2342,0,1000000,0,130081,869919
5987,6029,2077,0,1000000,0,131246,868754
5988,6030,2717,0,1000000,0,136254,863746
5989,6031,2230,0,1000000,0,123572,876428
5990,6032,2315,0,1000000,0,122041,877959
5991,6033,1551,0,1000000,0,121962,878038
5992,6034,2223,0,1000000,0,122040,877960
5993,6035,2067,0,1000000,0,128141,871859
5994,6036,2102,0,1000000,0,125539,874461
5995,6037,3004,0,1000000,0,132028,867972
5996,6038,2682,0,1000000,0,130126,869874
5997,6039,2814,0,1000000,0,156386,843614
5998,6040,2229,0,1000000,0,155468,844532
5999,6041,2075,0,1000000,0,131012,868988
6000,6042,2266,0,1000000,0,154908,845092
6001,6043,2566,0,1000000,0,142064,857936
6002,6044,2627,0,1000000,0,146957,853043
6003,6045,2098,0,1000000,0,117311,882689
6004,6046,2401,0,1000000,0,146582,853418
6005,6047,2708,0,1000000,0,139789,860211
6006,6048,2504,0,1000000,0,161677,838323
6007,6049,2946,0,1000000,0,142743,857257
6008,6050,2156,0,1000000,0,111162,888838
6009,6051,2256,0,1000000,0,141320,858680
6010,6052,1871,0,1000000,0,138212,861788
6011,6053,1813,0,1000000,0,131633,868367
6012,6054,2803,0,1000000,0,175540,824460
6013,6055,2837,0,1000000,0,132814,867186
6014,6056,1847,0,1000000,0,133049,866951
6015,6057,2383,0,1000000,0,120369,879631
6016,6058,2971,0,1000000,0,141352,858648
6017,6059,2091,0,1000000,0,144519,855481
6018,6060,3164,0,1000000,0,118523,881477
6019,6061,3185,0,1000000,0,143310,856690
6020,6062,2089,0,1000000,0,130660,869340
6021,6063,2361,0,1000000,0,170953,829047
6022,6064,1462,0,1000000,0,121347,878653
6023,6065,2543,0,1000000,0,147732,852268
6024,6066,1907,0,1000000,0,147019,852981
6025,6067,2508,0,1000000,0,134528,865472
6026,6068,2567,0,1000000,0,126274,873726
6027,6069,2726,0,1000000,0,158642,841358
6028,6070,2872,0,1000000,0,154171,845829
6029,6071,1116,0,1000000,0,129271,870729
6030,6072,2407,0,1000000,0,137657,862343
6031,6073,1941,0,1000000,0,145594,854406
6032,6074,2018,0,1000000,0,149048,850952
6033,6075,2865,0,1000000,0,142766,857234
6034,6076,1941,0,1000000,0,106731,893269
6035,6077,2915,0,1000000,0,144939,855061
6036,6078,1750,0,1000000,0,139377,860623
6037,6079,1771,0,1000000,0,120457,879543
6038,6080,2313,0,1000000,0,149051,850949
6039,6081,2117,0,1000000,0,108423,891577
6040,6082,1799,0,1000000,0,112401,887599
6041,6083,2556,0,1000000,0,135878,864122
6042,6084,2224,0,1000000,0,138789,861211
6043,6085,2553,0,1000000,0,159169,840831
6044,6086,2242,0,1000000,0,137438,862562
6045,6087,2798,0,1000000,0,134701,865299
6046,6088,2064,0,1000000,0,120282,879718
6047,6089,2752,0,1000000,0,140823,859177
6048,6090,2377,0,1000000,0,139905,860095
6049,6091,2621,0,1000000,0,128880,871120
6050,6092,2432,0,1000000,0,142986,857014
6051,6093,2470,0,1000000,0,114721,885279
6052,6094,1912,0,1000000,0,129106,870894
6053,6095,1618,0,1000000,0,136066,863934
6054,6096,3486,0,1000000,0,127666,872334
6055,6097,2186,0,1000000,0,118696,881304
6056,6098,3849,0,1000000,0,180074,819926
6057,6099,2041,0,1000000,0,99804,900196
6058,6100,2534,0,1000000,0,114366,885634
6059,6101,2620,0,1000000,0,141593,858407
6060,6102,1685,0,1000000,0,103474,896526
6061,6103,1697,0,1000000,0,103187,896813
6062,6104,2190,0,1000000,0,110061,889939
6063,6105,2503,0,1000000,0,146633,853367
6064,6106,2747,0,1000000,0,138773,861227
6065,6107,1567,0,1000000,0,112236,887764
6066,6108,1222,0,1000000,0,129541,870459
6067,6109,2187,0,1000000,0,132698,867302
6068,6110,2741,0,1000000,0,115405,884595
6069,6111,2746,0,1000000,0,145651,854349
6070,6112,2112,0,1000000,0,122344,877656
6071,6113,1826,0,1000000,0,114136,885864
6072,6114,1566,0,1000000,0,138073,861927
6073,6115,1413,0,1000000,0,98167,901833
6074,6116,2645,0,1000000,0,154647,845353
6075,6117,2384,0,1000000,0,137785,862215
6076,6118,1822,0,1000000,0,118370,881630
6077,6119,2189,0,1000000,0,153413,846587
6078,6120,2435,0,1000000,0,128253,871747
6079,6121,1484,0,1000000,0,125017,874983
6080,6122,2093,0,1000000,0,148638,851362
6081,6123,2217,0,1000000,0,113921,886079
6082,6124,2060,0,1000000,0,132920,867080
6083,6125,2114,0,1000000,0,145883,854117
6084,6126,1882,0,1000000,0,114595,885405
6085,6127,1104,0,1000000,0,76136,923864
6086,6128,2972,0,1000000,0,127549,872451
6087,6129,2858,0,1000000,0,132346,867654
6088,6130,2043,0,1000000,0,94238,905762
6089,6131,2858,0,1000000,0,127830,872170
6090,6132,1370,0,1000000,0,124318,875682
6091,6133,2141,0,1000000,0,138668,861332
6092,6134,2747,0,1000000,0,143020,856980
6093,6135,1889,0,1000000,0,108082,891918
6094,6136,2630,0,1000000,0,107824,892176
6095,6137,1923,0,1000000,0,126579,873421
6096,6138,2115,0,1000000,0,171506,828494
6097,6139,1944,0,1000000,0,113180,886820
6098,6140,2260,0,1000000,0,155266,844734
6099,6141,2666,0,1000000,0,117653,882347
6100,6142,1581,0,1000000,0,126819,873181
6101,6143,2531,0,1000000,0,132005,867995
6102,6144,1828,0,1000000,0,106353,893647
6103,6145,1952,0,1000000,0,118849,881151
6104,6146,2213,0,1000000,0,138017,861983
6105,6147,1535,0,1000000,0,103221,896779
6106,6148,1800,0,1000000,0,108756,891244
6107,6149,2063,0,1000000,0,150012,849988
6108,6150,2731,0,1000000,0,88506,911494
6109,6151,3000,0,1000000,0,110429,889571
6110,6152,2669,0,1000000,0,129443,870557
6111,6153,1915,0,1000000,0,124359,875641
6112,6154,2612,0,1000000,0,114083,885917
6113,6155,1861,0,1000000,0,131046,868954
6114,6156,1684,0,1000000,0,119143,880857
6115,6157,2072,0,1000000,0,155889,844111
6116,6158,2358,0,1000000,0,124096,875904
6117,6159,1976,0,1000000,0,124589,875411
6118,6160,2482,0,1000000,0,124060,875940
6119,6161,2075,0,1000000,0,112558,887442
6120,6162,2327,0,1000000,0,135110,864890
6121,6163,1732,0,1000000,0,108092,891908
6122,6164,2522,0,1000000,0,139665,860335
6123,6165,1968,0,1000000,0,138595,861405
6124,6166,1946,0,1000000,0,167900,832100
6125,6167,1571,0,1000000,0,129800,870200
6126,6168,1953,0,1000000,0,129787,870213
6127,6169,3154,0,1000000,0,149340,850660
6128,6170,2127,0,1000000,0,131288,868712
6129,6171,2539,0,1000000,0,143563,856437
6130,6172,2275,0,1000000,0,139458,860542
6131,6173,1891,0,1000000,0,127139,872861
6132,6174,2443,0,1000000,0,141222,858778
6133,6175,2439,0,1000000,0,111431,888569
6134,6176,2722,0,1000000,0,120402,879598
6135,6177,2155,0,1000000,0,151738,848262
6136,6178,1812,0,1000000,0,135709,864291
6137,6179,2142,0,1000000,0,119683,880317
6138,6180,2016,0,1000000,0,107335,892665
6139,6181,2162,0,1000000,0,141176,858824
6140,6182,2650,0,1000000,0,139288,860712
6141,6183,2594,0,1000000,0,155485,844515
6142,6184,2697,0,1000000,0,141978,858022
6143,6185,2193,0,1000000,0,118824,881176
6144,6186,2228,0,1000000,0,113031,886969
6145,6187,2529,0,1000000,0,103120,896880
6146,6188,1289,0,1000000,0,97574,902426
6147,6189,2451,0,1000000,0,161626,838374
6148,6190,2650,0,1000000,0,134153,865847
6149,6191,2222,0,1000000,0,136416,863584
6150,6192,3238,0,1000000,0,155221,844779
6151,6193,2252,0,1000000,0,146107,853893
6152,6194,2783,0,1000000,0,128190,871810
6153,6195,2258,0,1000000,0,127681,872319
6154,6196,1715,0,1000000,0,115062,884938
6155,6197,2273,0,1000000,0,119618,880382
6156,6198,2335,0,1000000,0,106950,893050
6157,6199,2324,0,1000000,0,122122,877878
6158,6200,2640,0,1000000,0,133297,866703
6159,6201,1707,0,1000000,0,121897,878103
6160,6202,1558,0,1000000,0,122398,877602
6161,6203,2905,0,1000000,0,122265,877735
6162,6204,2292,0,1000000,0,155283,844717
6163,6205,1646,0,1000000,0,135614,864386
6164,6206,1417,0,1000000,0,101347,898653
6165,6207,2093,0,1000000,0,125224,874776
6166,6208,2056,0,1000000,0,137346,862654
6167,6209,2804,0,1000000,0,135615,864385
6168,6210,2434,0,1000000,0,141807,858193
6169,6211,3046,0,1000000,0,126162,873838
6170,6212,1882,0,1000000,0,126191,873809
6171,6213,1710,0,1000000,0,139784,860216
6172,6214,2930,0,1000000,0,130324,869676
6173,6215,2635,0,1000000,0,141369,858631
6174,6216,2743,0,1000000,0,108298,891702
6175,6217,1973,0,1000000,0,128174,871826
6176,6218,2781,0,1000000,0,104492,895508
6177,6219,2205,0,1000000,0,129532,870468
6178,6220,1565,0,1000000,0,87296,912704
6179,6221,2551,0,1000000,0,135346,864654
6180,6222,1532,0,1000000,0,124783,875217
6181,6223,2236,0,1000000,0,144234,855766
6182,6224,2458,0,1000000,0,161578,838422
6183,6225,2874,0,1000000,0,133871,866129
6184,6226,1943,0,1000000,0,137832,862168
6185,6227,2153,0,1000000,0,144385,855615
6186,6228,3071,0,1000000,0,155164,844836
6187,6229,2083,0,1000000,0,114153,885847
6188,6230,1856,0,1000000,0,116093,883907
6189,6231,2776,0,1000000,0,119758,880242
6190,6232,2362,0,1000000,0,140715,859285
6191,6233,2249,0,1000000,0,139772,860228
6192,6234,2709,0,1000000,0,124004,875996
6193,6235,2472,0,1000000,0,129552,870448
6194,6236,2288,0,1000000,0,118959,881041
6195,6237,1583,0,1000000,0,120896,879104
6196,6238,2245,0,1000000,0,122654,877346
6197,6239,2917,0,1000000,0,159014,840986
6198,6240,1751,0,1000000,0,87835,912165
6199,6241,2224,0,1000000,0,151466,848534
6200,6242,2344,0,1000000,0,117600,882400
6201,6243,2423,0,1000000,0,139117,860883
6202,6244,1340,0,1000000,0,97486,902514
6203,6245,2337,0,1000000,0,141576,858424
6204,6246,2427,0,1000000,0,126877,873123
6205,6247,2731,0,1000000,0,136370,863630
6206,6248,2145,0,1000000,0,156537,843463
6207,6249,2592,0,1000000,0,110178,889822
6208,6250,2888,0,1000000,0,124681,875319
6209,6251,2202,0,1000000,0,138169,861831
6210,6252,1771,0,1000000,0,112114,887886
6211,6253,1926,0,1000000,0,114345,885655
6212,6254,1945,0,1000000,0,167776,832224
6213,6255,2435,0,1000000,0,124934,875066
6214,6256,2439,0,1000000,0,151738,848262
6215,6257,1827,0,1000000,0,154626,845374
6216,6258,1839,0,1000000,0,123970,876030
6217,6259,1964,0,1000000,0,162891,837109
6218,6260,2814,0,1000000,0,156620,843380
6219,6261,1815,0,1000000,0,143939,856061
6220,6262,2175,0,1000000,0,118628,881372
6221,6263,1939,0,1000000,0,112451,887549
6222,6264,2449,0,1000000,0,126485,873515
6223,6265,1524,0,1000000,0,119164,880836
6224,6266,2166,0,1000000,0,103450,896550
6225,6267,1993,0,1000000,0,136576,863424
6226,6268,1888,0,1000000,0,146896,853104
6227,6269,2569,0,1000000,0,123291,876709
6228,6270,2171,0,1000000,0,144046,855954
6229,6271,2232,0,1000000,0,87565,912435
6230,6272,2814,0,1000000,0,121882,878118
6231,6273,2555,0,1000000,0,125975,874025
6232,6274,1678,0,1000000,0,108924,891076
6233,6275,2367,0,1000000,0,183670,816330
6234,6276,2268,0,1000000,0,141820,858180
6235,6277,1918,0,1000000,0,136945,863055
6236,6278,1661,0,1000000,0,136290,863710
6237,6279,3137,0,1000000,0,150152,849848
6238,6280,1295,0,1000000,0,127157,872843
6239,6281,2096,0,1000000,0,142279,857721
6240,6282,2894,0,1000000,0,138099,861901
6241,6283,2087,0,1000000,0,158243,841757
6242,6284,2011,0,1000000,0,123007,876993
6243,6285,2210,0,1000000,0,131208,868792
6244,6286,2449,0,1000000,0,129813,870187
6245,6287,1787,0,1000000,0,124375,875625
6246,6288,2448,0,1000000,0,117358,882642
6247,6289,1681,0,1000000,0,112620,887380
6248,6290,2151,0,1000000,0,149633,850367
6249,6291,1808,0,1000000,0,118271,881729
6250,6292,1915,0,1000000,0,175298,824702
6251,6293,2825,0,1000000,0,152535,847465
6252,6294,1538,0,1000000,0,111935,888065
6253,6295,1858,0,1000000,0,115641,884359
6254,6296,2787,0,1000000,0,137957,862043
6255,6297,2420,0,1000000,0,111587,888413
6256,6298,2087,0,1000000,0,162251,837749
6257,6299,1753,0,1000000,0,123054,876946
6258,6300,1771,0,1000000,0,135863,864137
6259,6301,2291,0,1000000,0,128235,871765
6260,6302,2047,0,1000000,0,138658,861342
6261,6303,2412,0,1000000,0,131876,868124
6262,6304,2193,0,1000000,0,125424,874576
6263,6305,3181,0,1000000,0,126447,873553
6264,6306,2049,0,1000000,0,126835,873165
6265,6307,2284,0,1000000,0,120754,879246
6266,6308,1283,0,1000000,0,130170,869830
6267,6309,2677,0,1000000,0,142073,857927
6268,6310,1666,0,1000000,0,97791,902209
6269,6311,1812,0,1000000,0,108785,891215
6270,6312,2730,0,1000000,0,133365,866635
6271,6313,2055,0,1000000,0,112794,887206
6272,6314,1817,0,1000000,0,142801,857199
6273,6315,2094,0,1000000,0,145519,854481
6274,6316,2544,0,1000000,0,120821,879179
6275,6317,2245,0,1000000,0,126574,873426
6276,6318,2760,0,1000000,0,112072,887928
6277,6319,2923,0,1000000,0,142794,857206
6278,6320,1841,0,1000000,0,125598,874402
6279,6321,1866,0,1000000,0,93922,906078
6280,6322,2611,0,1000000,0,122221,877779
6281,6323,2103,0,1000000,0,134908,865092
6282,6324,2216,0,1000000,0,133268,866732
6283,6325,2082,0,1000000,0,124890,875110
6284,6326,1943,0,1000000,0,133478,866522
6285,6327,2405,0,1000000,0,118917,881083
6286,6328,1481,0,1000000,0,115963,884037
6287,6329,2108,0,1000000,0,127015,872985
6288,6330,2262,0,1000000,0,136968,863032
6289,6331,2248,0,1000000,0,153806,846194
6290,6332,1315,0,1000000,0,99702,900298
6291,6333,2386,0,1000000,0,123887,876113
6292,6334,2935,0,1000000,0,119629,880371
6293,6335,1671,0,1000000,0,115066,884934
6294,6336,1989,0,1000000,0,111636,888364
6295,6337,2622,0,1000000,0,133535,866465
6296,6338,2480,0,1000000,0,115846,884154
6297,6339,3257,0,1000000,0,123950,876050
6298,6340,2173,0,1000000,0,115661,884339
6299,6341,1407,0,1000000,0,123764,876236
6300,6342,2504,0,1000000,0,115253,884747
6301,6343,1541,0,1000000,0,115420,884580
6302,6344,2198,0,1000000,0,120363,879637
6303,6345,1678,0,1000000,0,106670,893330
6304,6346,2110,0,1000000,0,109521,890479
6305,6347,2154,0,1000000,0,125240,874760
6306,6348,2766,0,1000000,0,148592,851408
6307,6349,2743,0,1000000,0,132513,867487
6308,6350,2672,0,1000000,0,157137,842863
6309,6351,2066,0,1000000,0,146856,853144
6310,6352,3195,0,1000000,0,148981,851019
6311,6353,2422,0,1000000,0,148920,851080
6312,6354,2789,0,1000000,0,135569,864431
6313,6355,2100,0,1000000,0,120672,879328
6314,6356,1906,0,1000000,0,147378,852622
6315,6357,2818,0,1000000,0,156898,843102
6316,6358,3325,0,1000000,0,168983,831017
6317,6359,2414,0,1000000,0,143355,856645
6318,6360,2563,0,1000000,0,132387,867613
6319,6361,1278,0,1000000,0,108805,891195
6320,6362,2644,0,1000000,0,147031,852969
6321,6363,2162,0,1000000,0,120058,879942
6322,6364,1925,0,1000000,0,139566,860434
6323,6365,2283,0,1000000,0,183647,816353
6324,6366,1583,0,1000000,0,80024,919976
6325,6367,3060,0,1000000,0,135072,864928
6326,6368,1434,0,1000000,0,105916,894084
6327,6369,2679,0,1000000,0,141959,858041
6328,6370,3681,0,1000000,0,126881,873119
6329,6371,2372,0,1000000,0,98152,901848
6330,6372,1381,0,1000000,0,91477,908523
6331,6373,1924,0,1000000,0,134990,865010
6332,6374,1872,0,1000000,0,120214,879786
6333,6375,2336,0,1000000,0,99938,900062
6334,6376,2169,0,1000000,0,136593,863407
6335,6377,2110,0,1000000,0,112058,887942
6336,6378,2534,0,1000000,0,130267,869733
6337,6379,3086,0,1000000,0,163918,836082
6338,6380,2034,0,1000000,0,123442,876558
6339,6381,2895,0,1000000,0,181481,818519
6340,6382,2482,0,1000000,0,168602,831398
6341,6383,2449,0,1000000,0,138715,861285
6342,6384,2299,0,1000000,0,115806,884194
6343,6385,2970,0,1000000,0,139277,860723
6344,6386,2311,0,1000000,0,144047,855953
6345,6387,2523,0,1000000,0,142208,857792
6346,6388,2631,0,1000000,0,151619,848381
6347,6389,2771,0,1000000,0,122738,877262
6348,6390,1965,0,1000000,0,114629,885371
6349,6391,2812,0,1000000,0,144737,855263
6350,6392,2990,0,1000000,0,149944,850056
6351,6393,2130,0,1000000,0,130258,869742
6352,6394,2418,0,1000000,0,113377,886623
6353,6395,1698,0,1000000,0,127658,872342
6354,6396,2646,0,1000000,0,136283,863717
6355,6397,1393,0,1000000,0,114980,885020
6356,6398,2941,0,1000000,0,147221,852779
6357,6399,2933,0,1000000,0,108069,891931
6358,6400,2034,0,1000000,0,110725,889275
6359,6401,2317,0,1000000,0,128967,871033
6360,6402,1981,0,1000000,0,124351,875649
6361,6403,1960,0,1000000,0,136051,863949
6362,6404,2788,0,1000000,0,157026,842974
6363,6405,2349,0,1000000,0,123383,876617
6364,6406,2653,0,1000000,0,144260,855740
6365,6407,1889,0,1000000,0,127315,872685
6366,6408,1678,0,1000000,0,114964,885036
6367,6409,2263,0,1000000,0,130407,869593
6368,6410,2525,0,1000000,0,130493,869507
6369,6411,2705,0,1000000,0,128501,871499
6370,6412,1357,0,1000000,0,111328,888672
6371,6413,2324,0,1000000,0,160352,839648
6372,6414,2928,0,1000000,0,100977,899023
6373,6415,2026,0,1000000,0,97604,902396
6374,6416,2649,0,1000000,0,144170,855830
6375,6417,2293,0,1000000,0,147802,852198
6376,6418,2209,0,1000000,0,112425,887575
6377,6419,2623,0,1000000,0,146731,853269
6378,6420,2636,0,1000000,0,149257,850743
6379,6421,1340,0,1000000,0,109931,890069
6380,6422,1807,0,1000000,0,118181,881819
6381,6423,2603,0,1000000,0,145095,854905
6382,6424,1798,0,1000000,0,126486,873514
6383,6425,1854,0,1000000,0,143830,856170
6384,6426,2460,0,1000000,0,136216,863784
6385,6427,1938,0,1000000,0,126848,873152
6386,6428,2759,0,1000000,0,129437,870563
6387,6429,1675,0,1000000,0,129894,870106
6388,6430,2202,0,1000000,0,139296,860704
6389,6431,3158,0,1000000,0,137351,862649
6390,6432,2294,0,1000000,0,137895,862105
6391,6433,2537,0,1000000,0,130186,869814
6392,6434,2392,0,1000000,0,152362,847638
6393,6435,1730,0,1000000,0,106175,893825
6394,6436,2654,0,1000000,0,136996,863004
6395,6437,2533,0,1000000,0,155590,844410
6396,6438,2161,0,1000000,0,143953,856047
6397,6439,2066,0,1000000,0,129772,870228
6398,6440,1684,0,1000000,0,137811,862189
6399,6441,2628,0,1000000,0,133649,866351
6400,6442,2453,0,1000000,0,155109,844891
6401,6443,1997,0,1000000,0,133324,866676
6402,6444,2171,0,1000000,0,125450,874550
6403,6445,2639,0,1000000,0,150595,849405
6404,6446,2339,0,1000000,0,144606,855394
6405,6447,2483,0,1000000,0,136893,863107
6406,6448,1703,0,1000000,0,79392,920608
6407,6449,2769,0,1000000,0,135290,864710
6408,6450,1948,0,1000000,0,114006,885994
6409,6451,2663,0,1000000,0,128903,871097
6410,6452,1861,0,1000000,0,122976,877024
6411,6453,1151,0,1000000,0,99963,900037
6412,6454,2486,0,1000000,0,149355,850645
6413,6455,2022,0,1000000,0,124309,875691
6414,6456,2009,0,1000000,0,119671,880329
6415,6457,2763,0,1000000,0,163924,836076
6416,6458,1290,0,1000000,0,106516,893484
6417,6459,2403,0,1000000,0,116723,883277
6418,6460,3006,0,1000000,0,147589,852411
6419,6461,2568,0,1000000,0,137191,862809
6420,6462,2393,0,1000000,0,144677,855323
6421,6463,2561,0,1000000,0,161124,838876
6422,6464,2498,0,1000000,0,112155,887845
6423,6465,2346,0,1000000,0,130803,869197
6424,6466,2176,0,1000000,0,143949,856051
6425,6467,2989,0,1000000,0,163317,836683
6426,6468,2231,0,1000000,0,143728,856272
6427,6469,2439,0,1000000,0,124454,875546
6428,6470,2308,0,1000000,0,136551,863449
6429,6471,2011,0,1000000,0,142249,857751
6430,6472,2950,0,1000000,0,121130,878870
6431,6473,1231,0,1000000,0,97018,902982
6432,6474,2312,0,1000000,0,122566,877434
6433,6475,1508,0,1000000,0,99013,900987
6434,6476,2090,0,1000000,0,121813,878187
6435,6477,2044,0,1000000,0,119544,880456
6436,6478,2424,0,1000000,0,145496,854504
6437,6479,2326,0,1000000,0,141270,858730
6438,6480,2562,0,1000000,0,122032,877968
6439,6481,2222,0,1000000,0,119610,880390
6440,6482,2083,0,1000000,0,135212,864788
6441,6483,1691,0,1000000,0,119492,880508
6442,6484,2998,0,1000000,0,128932,871068
6443,6485,2331,0,1000000,0,151311,848689
6444,6486,2486,0,1000000,0,125871,874129
6445,6487,2122,0,1000000,0,170369,829631
6446,6488,2472,0,1000000,0,127911,872089
6447,6489,3245,0,1000000,0,122514,877486
6448,6490,2095,0,1000000,0,140237,859763
6449,6491,1901,0,1000000,0,118145,881855
6450,6492,1866,0,1000000,0,124754,875246
6451,6493,2014,0,1000000,0,128316,871684
6452,6494,2995,0,1000000,0,149928,850072
6453,6495,2534,0,1000000,0,148999,851001
6454,6496,2159,0,1000000,0,113258,886742
6455,6497,2824,0,1000000,0,159670,840330
6456,6498,1843,0,1000000,0,106291,893709
6457,6499,2248,0,1000000,0,119343,880657
6458,6500,1517,0,1000000,0,138689,861311
6459,6501,2119,0,1000000,0,150112,849888
6460,6502,2356,0,1000000,0,127584,872416
6461,6503,2191,0,1000000,0,106299,893701
6462,6504,2996,0,1000000,0,147517,852483
6463,6505,1750,0,1000000,0,130003,869997
6464,6506,1744,0,1000000,0,114880,885120
6465,6507,1891,0,1000000,0,123819,876181
6466,6508,2445,0,1000000,0,112426,887574
6467,6509,1789,0,1000000,0,108764,891236
6468,6510,2599,0,1000000,0,146385,853615
6469,6511,2127,0,1000000,0,132577,867423
6470,6512,2368,0,1000000,0,155406,844594
6471,6513,1708,0,1000000,0,111122,888878
6472,6514,2209,0,1000000,0,130185,869815
6473,6515,2307,0,1000000,0,173792,826208
6474,6516,2870,0,1000000,0,148044,851956
6475,6517,2622,0,1000000,0,157452,842548
6476,6518,3196,0,1000000,0,154856,845144
6477,6519,2414,0,1000000,0,122834,877166
6478,6520,2573,0,1000000,0,155301,844699
6479,6521,2000,0,1000000,0,110900,889100
6480,6522,2329,0,1000000,0,139780,860220
6481,6523,2166,0,1000000,0,139828,860172
6482,6524,2836,0,1000000,0,133159,866841
6483,6525,2327,0,1000000,0,134675,865325
6484,6526,2067,0,1000000,0,137963,862037
6485,6527,1356,0,1000000,0,107704,892296
6486,6528,2547,0,1000000,0,111210,888790
6487,6529,2050,0,1000000,0,124467,875533
6488,6530,2262,0,1000000,0,126406,873594
6489,6531,2214,0,1000000,0,102191,897809
6490,6532,2320,0,1000000,0,132705,867295
6491,6533,1886,0,1000000,0,120062,879938
6492,6534,1992,0,1000000,0,119627,880373
6493,6535,2934,0,1000000,0,145189,854811
6494,6536,2788,0,1000000,0,139127,860873
6495,6537,1442,0,1000000,0,85793,914207
6496,6538,1773,0,1000000,0,96280,903720
6497,6539,3071,0,1000000,0,127138,872862
6498,6540,1917,0,1000000,0,127938,872062
6499,6541,3232,0,1000000,0,149292,850708
6500,6542,2002,0,1000000,0,122000,878000
6501,6543,2218,0,1000000,0,153788,846212
6502,6544,2364,0,1000000,0,133806,866194
6503,6545,2621,0,1000000,0,158720,841280
6504,6546,1587,0,1000000,0,141874,858126
6505,6547,1845,0,1000000,0,131206,868794
6506,6548,2618,0,1000000,0,133365,866635
6507,6549,2520,0,1000000,0,134023,865977
6508,6550,1325,0,1000000,0,125878,874122
6509,6551,2048,0,1000000,0,116855,883145
6510,6552,3253,0,1000000,0,124522,875478
6511,6553,1678,0,1000000,0,118232,881768
6512,6554,2683,0,1000000,0,142147,857853
6513,6555,2005,0,1000000,0,166340,833660
6514,6556,1586,0,1000000,0,136888,863112
6515,6557,2078,0,1000000,0,117974,882026
6516,6558,2141,0,1000000,0,142500,857500
6517,6559,2902,0,1000000,0,146532,853468
6518,6560,1915,0,1000000,0,128004,871996
6519,6561,2804,0,1000000,0,148008,851992
6520,6562,2308,0,1000000,0,166471,833529
6521,6563,1881,0,1000000,0,124505,875495
6522,6564,3040,0,1000000,0,147328,852672
6523,6565,2010,0,1000000,0,109429,890571
6524,6566,1886,0,1000000,0,111884,888116
6525,6567,2611,0,1000000,0,139977,860023
6526,6568,1343,0,1000000,0,103599,896401
6527,6569,3653,0,1000000,0,124718,875282
6528,6570,1850,0,1000000,0,129682,870318
6529,6571,1986,0,1000000,0,145062,854938
6530,6572,1521,0,1000000,0,137614,862386
6531,6573,2283,0,1000000,0,138216,861784
6532,6574,1901,0,1000000,0,151410,848590
6533,6575,2603,0,1000000,0,141648,858352
6534,6576,2214,0,1000000,0,142438,857562
6535,6577,1236,0,1000000,0,106517,893483
6536,6578,1856,0,1000000,0,165307,834693
6537,6579,2282,0,1000000,0,107736,892264
6538,6580,2214,0,1000000,0,157226,842774
6539,6581,2616,0,1000000,0,105841,894159
6540,6582,2249,0,1000000,0,143814,856186
6541,6583,2001,0,1000000,0,123978,876022
6542,6584,2644,0,1000000,0,136537,863463
6543,6585,2101,0,1000000,0,114642,885358
6544,6586,2379,0,1000000,0,147397,852603
6545,6587,1461,0,1000000,0,139306,860694
6546,6588,1465,0,1000000,0,132566,867434
6547,6589,3091,0,1000000,0,180417,819583
6548,6590,2403,0,1000000,0,134045,865955
6549,6591,1769,0,1000000,0,170509,829491
6550,6592,1428,0,1000000,0,134708,865292
6551,6593,2451,0,1000000,0,122583,877417
6552,6594,2793,0,1000000,0,154938,845062
6553,6595,2067,0,1000000,0,120246,879754
6554,6596,2121,0,1000000,0,117092,882908
6555,6597,2723,0,1000000,0,153879,846121
6556,6598,2780,0,1000000,0,132608,867392
6557,6599,1318,0,1000000,0,110673,889327
6558,6600,2650,0,1000000,0,143879,856121
6559,6601,2080,0,1000000,0,117459,882541
6560,6602,2222,0,1000000,0,124697,875303
6561,6603,2645,0,1000000,0,110760,889240
6562,6604,2430,0,1000000,0,115724,884276
6563,6605,2958,0,1000000,0,118247,881753
6564,6606,1838,0,1000000,0,111445,888555
6565,6607,2416,0,1000000,0,129016,870984
6566,6608,1990,0,1000000,0,145516,854484
6567,6609,2056,0,1000000,0,137100,862900
6568,6610,2118,0,1000000,0,131649,868351
6569,6611,2249,0,1000000,0,119381,880619
6570,6612,1622,0,1000000,0,128224,871776
6571,6613,2141,0,1000000,0,138473,861527
6572,6614,2069,0,1000000,0,124017,875983
6573,6615,2934,0,1000000,0,141938,858062
6574,6616,1851,0,1000000,0,104337,895663
6575,6617,2645,0,1000000,0,127928,872072
6576,6618,2544,0,1000000,0,133526,866474
6577,6619,2517,0,1000000,0,121131,878869
6578,6620,2877,0,1000000,0,175105,824895
6579,6621,1874,0,1000000,0,125434,874566
6580,6622,2070,0,1000000,0,134952,865048
6581,6623,2789,0,1000000,0,151721,848279
6582,6624,2529,0,1000000,0,167677,832323
6583,6625,1786,0,1000000,0,113889,886111
6584,6626,2004,0,1000000,0,119732,880268
6585,6627,2583,0,1000000,0,143801,856199
6586,6628,2730,0,1000000,0,152650,847350
6587,6629,2231,0,1000000,0,157246,842754
6588,6630,1934,0,1000000,0,111395,888605
6589,6631,3087,0,1000000,0,163008,836992
6590,6632,2625,0,1000000,0,150494,849506
6591,6633,1875,0,1000000,0,124261,875739
6592,6634,2349,0,1000000,0,107657,892343
6593,6635,2359,0,1000000,0,114975,885025
6594,6636,1824,0,1000000,0,147142,852858
6595,6637,2983,0,1000000,0,149531,850469
6596,6638,2069,0,1000000,0,123627,876373
6597,6639,2295,0,1000000,0,140941,859059
6598,6640,2231,0,1000000,0,147209,852791
6599,6641,2029,0,1000000,0,152519,847481
6600,6642,1814,0,1000000,0,129489,870511
6601,6643,2801,0,1000000,0,158413,841587
6602,6644,2786,0,1000000,0,143530,856470
6603,6645,2369,0,1000000,0,132319,867681
6604,6646,2538,0,1000000,0,141986,858014
6605,6647,1997,0,1000000,0,102974,897026
6606,6648,2835,0,1000000,0,141697,858303
6607,6649,2563,0,1000000,0,114792,885208
6608,6650,3098,0,1000000,0,138945,861055
6609,6651,2127,0,1000000,0,116348,883652
6610,6652,1998,0,1000000,0,155967,844033
6611,6653,1929,0,1000000,0,123556,876444
6612,6654,1794,0,1000000,0,136723,863277
6613,6655,1789,0,1000000,0,121064,878936
6614,6656,1918,0,1000000,0,107334,892666
6615,6657,2344,0,1000000,0,133472,866528
6616,6658,2665,0,1000000,0,133715,866285
6617,6659,2150,0,1000000,0,111399,888601
6618,6660,2385,0,1000000,0,126790,873210
6619,6661,2398,0,1000000,0,121320,878680
6620,6662,2836,0,1000000,0,154907,845093
6621,6663,1626,0,1000000,0,98185,901815
6622,6664,1719,0,1000000,0,110743,889257
6623,6665,2310,0,1000000,0,118225,881775
6624,6666,2289,0,1000000,0,127707,872293
6625,6667,2499,0,1000000,0,147997,852003
6626,6668,1910,0,1000000,0,147983,852017
6627,6669,1915,0,1000000,0,131448,868552
6628,6670,1926,0,1000000,0,122095,877905
6629,6671,2637,0,1000000,0,128818,871182
6630,6672,3185,0,1000000,0,181347,818653
6631,6673,3374,0,1000000,0,156920,843080
6632,6674,2069,0,1000000,0,139799,860201
6633,6675,2867,0,1000000,0,147313,852687
6634,6676,2733,0,1000000,0,136583,863417
6635,6677,2709,0,1000000,0,135748,864252
6636,6678,2835,0,1000000,0,160938,839062
6637,6679,2665,0,1000000,0,137946,862054
6638,6680,2126,0,1000000,0,86872,913128
6639,6681,2314,0,1000000,0,112739,887261
6640,6682,1939,0,1000000,0,128832,871168
6641,6683,2724,0,1000000,0,157412,842588
6642,6684,2468,0,1000000,0,143575,856425
6643,6685,2407,0,1000000,0,165262,834738
6644,6686,1962,0,1000000,0,134598,865402
6645,6687,2094,0,1000000,0,139243,860757
6646,6688,1574,0,1000000,0,121362,878638
6647,6689,1677,0,1000000,0,104314,895686
6648,6690,2330,0,1000000,0,158196,841804
6649,6691,2225,0,1000000,0,103068,896932
6650,6692,2506,0,1000000,0,126616,873384
6651,6693,2318,0,1000000,0,129744,870256
6652,6694,2809,0,1000000,0,125866,874134
6653,6695,2307,0,1000000,0,124892,875108
6654,6696,2221,0,1000000,0,131387,868613
6655,6697,2816,0,1000000,0,121772,878228
6656,6698,2730,0,1000000,0,119472,880528
6657,6699,2800,0,1000000,0,181750,818250
6658,6700,2626,0,1000000,0,140499,859501
6659,6701,2095,0,1000000,0,144396,855604
6660,6702,2563,0,1000000,0,166101,833899
6661,6703,2246,0,1000000,0,133039,866961
6662,6704,1866,0,1000000,0,140496,859504
6663,6705,2724,0,1000000,0,148871,851129
6664,6706,2083,0,1000000,0,128537,871463
6665,6707,2035,0,1000000,0,131503,868497
6666,6708,1225,0,1000000,0,114282,885718
6667,6709,1723,0,1000000,0,127383,872617
6668,6710,2671,0,1000000,0,119814,880186
6669,6711,2755,0,1000000,0,113484,886516
6670,6712,2671,0,1000000,0,125358,874642
6671,6713,2656,0,1000000,0,123495,876505
6672,6714,1452,0,1000000,0,85085,914915
6673,6715,2588,0,1000000,0,109413,890587
6674,6716,2750,0,1000000,0,165811,834189
6675,6717,1520,0,1000000,0,114559,885441
6676,6718,2076,0,1000000,0,111514,888486
6677,6719,2003,0,1000000,0,144942,855058
6678,6720,2840,0,1000000,0,157974,842026
6679,6721,1755,0,1000000,0,102697,897303
6680,6722,2345,0,1000000,0,124907,875093
6681,6723,2041,0,1000000,0,126882,873118
6682,6724,3083,0,1000000,0,139732,860268
6683,6725,3384,0,1000000,0,131435,868565
6684,6726,2414,0,1000000,0,141837,858163
6685,6727,1972,0,1000000,0,98960,901040
6686,6728,2574,0,1000000,0,120343,879657
6687,6729,2096,0,1000000,0,116725,883275
6688,6730,2135,0,1000000,0,133527,866473
6689,6731,2063,0,1000000,0,138416,861584
6690,6732,2067,0,1000000,0,114217,885783
6691,6733,1836,0,1000000,0,103779,896221
6692,6734,1901,0,1000000,0,128928,871072
6693,6735,1642,0,1000000,0,108978,891022
6694,6736,2028,0,1000000,0,105854,894146
6695,6737,3434,0,1000000,0,165920,834080
6696,6738,1443,0,1000000,0,97883,902117
6697,6739,2716,0,1000000,0,138224,861776
6698,6740,1695,0,1000000,0,96319,903681
6699,6741,2770,0,1000000,0,139557,860443
6700,6742,2976,0,1000000,0,109748,890252
6701,6743,2119,0,1000000,0,108977,891023
6702,6744,2382,0,1000000,0,131996,868004
6703,6745,1819,0,1000000,0,125927,874073
6704,6746,2940,0,1000000,0,133153,866847
6705,6747,1896,0,1000000,0,128549,871451
6706,6748,2382,0,1000000,0,132207,867793
6707,6749,2430,0,1000000,0,165606,834394
6708,6750,2781,0,1000000,0,131930,868070
6709,6751,2887,0,1000000,0,126408,873592
6710,6752,2445,0,1000000,0,131810,868190
6711,6753,2221,0,1000000,0,108342,891658
6712,6754,2332,0,1000000,0,130568,869432
6713,6755,2218,0,1000000,0,165477,834523
6714,6756,1867,0,1000000,0,122959,877041
6715,6757,2320,0,1000000,0,116369,883631
6716,6758,2581,0,1000000,0,147905,852095
6717,6759,2238,0,1000000,0,119972,880028
6718,6760,2641,0,1000000,0,142193,857807
6719,6761,2978,0,1000000,0,142489,857511
6720,6762,2559,0,1000000,0,131675,868325
6721,6763,2240,0,1000000,0,149292,850708
6722,6764,1985,0,1000000,0,157794,842206
6723,6765,2106,0,1000000,0,136658,863342
6724,6766,2525,0,1000000,0,133291,866709
6725,6767,2296,0,1000000,0,138228,861772
6726,6768,1911,0,1000000,0,108321,891679
6727,6769,1819,0,1000000,0,109022,890978
6728,6770,2506,0,1000000,0,147333,852667
6729,6771,2065,0,1000000,0,125673,874327
6730,6772,1548,0,1000000,0,117281,882719
6731,6773,2386,0,1000000,0,137968,862032
6732,6774,1759,0,1000000,0,103239,896761
6733,6775,2306,0,1000000,0,141539,858461
6734,6776,2242,0,1000000,0,139225,860775
6735,6777,2509,0,1000000,0,138834,861166
6736,6778,2559,0,1000000,0,134515,865485
6737,6779,1743,0,1000000,0,119646,880354
6738,6780,3147,0,1000000,0,148509,851491
6739,6781,2727,0,1000000,0,143446,856554
6740,6782,2178,0,1000000,0,136640,863360
6741,6783,2119,0,1000000,0,143092,856908
6742,6784,2605,0,1000000,0,132483,867517
6743,6785,1469,0,1000000,0,135748,864252
6744,6786,1991,0,1000000,0,119156,880844
6745,6787,1692,0,1000000,0,125126,874874
6746,6788,1516,0,1000000,0,106120,893880
6747,6789,3530,0,1000000,0,156902,843098
6748,6790,2042,0,1000000,0,130358,869642
6749,6791,2518,0,1000000,0,179255,820745
6750,6792,2384,0,1000000,0,157710,842290
6751,6793,2244,0,1000000,0,111314,888686
6752,6794,1801,0,1000000,0,113997,886003
6753,6795,1826,0,1000000,0,124373,875627
6754,6796,2334,0,1000000,0,113721,886279
6755,6797,2483,0,1000000,0,135742,864258
6756,6798,1930,0,1000000,0,143842,856158
6757,6799,1878,0,1000000,0,130051,869949
6758,6800,2321,0,1000000,0,142266,857734
6759,6801,2192,0,1000000,0,134648,865352
6760,6802,1727,0,1000000,0,140718,859282
6761,6803,1694,0,1000000,0,135399,864601
6762,6804,2351,0,1000000,0,108619,891381
6763,6805,2200,0,1000000,0,115132,884868
6764,6806,1682,0,1000000,0,142517,857483
6765,6807,2289,0,1000000,0,145675,854325
6766,6808,2374,0,1000000,0,144746,855254
6767,6809,1882,0,1000000,0,122677,877323
6768,6810,1624,0,1000000,0,104370,895630
6769,6811,1527,0,1000000,0,143424,856576
6770,6812,2467,0,1000000,0,130593,869407
6771,6813,1949,0,1000000,0,146329,853671
6772,6814,2145,0,1000000,0,144796,855204
6773,6815,2322,0,1000000,0,125255,874745
6774,6816,2400,0,1000000,0,147845,852155
6775,6817,1455,0,1000000,0,133716,866284
6776,6818,2009,0,1000000,0,122187,877813
6777,6819,2341,0,1000000,0,134738,865262
6778,6820,2335,0,1000000,0,133099,866901
6779,6821,1707,0,1000000,0,145531,854469
6780,6822,1773,0,1000000,0,114552,885448
6781,6823,2246,0,1000000,0,143420,856580
6782,6824,2763,0,1000000,0,127281,872719
6783,6825,2431,0,1000000,0,150810,849190
6784,6826,1838,0,1000000,0,115895,884105
6785,6827,2382,0,1000000,0,165373,834627
6786,6828,1836,0,1000000,0,126580,873420
6787,6829,1819,0,1000000,0,118381,881619
6788,6830,2321,0,1000000,0,126022,873978
6789,6831,1970,0,1000000,0,90185,909815
6790,6832,2305,0,1000000,0,154286,845714
6791,6833,2196,0,1000000,0,141180,858820
6792,6834,1832,0,1000000,0,136094,863906
6793,6835,1899,0,1000000,0,127126,872874
6794,6836,2615,0,1000000,0,110621,889379
6795,6837,1477,0,1000000,0,133704,866296
6796,6838,3187,0,1000000,0,129446,870554
6797,6839,1548,0,1000000,0,115232,884768
6798,6840,1991,0,1000000,0,138855,861145
6799,6841,2195,0,1000000,0,124464,875536
6800,6842,2041,0,1000000,0,115546,884454
6801,6843,2650,0,1000000,0,146754,853246
6802,6844,2174,0,1000000,0,133415,866585
6803,6845,2100,0,1000000,0,145180,854820
6804,6846,1560,0,1000000,0,117289,882711
6805,6847,2506,0,1000000,0,129665,870335
6806,6848,2518,0,1000000,0,144197,855803
6807,6849,2983,0,1000000,0,132459,867541
6808,6850,2541,0,1000000,0,113332,886668
6809,6851,1911,0,1000000,0,176114,823886
6810,6852,2332,0,1000000,0,141998,858002
6811,6853,1940,0,1000000,0,117588,882412
6812,6854,1949,0,1000000,0,113220,886780
6813,6855,2050,0,1000000,0,158427,841573
6814,6856,2332,0,1000000,0,130183,869817
6815,6857,2789,0,1000000,0,126596,873404
6816,6858,2663,0,1000000,0,145477,854523
6817,6859,3992,0,1000000,0,147587,852413
6818,6860,1734,0,1000000,0,115055,884945
6819,6861,2008,0,1000000,0,116684,883316
6820,6862,1785,0,1000000,0,151150,848850
6821,6863,2546,0,1000000,0,128918,871082
6822,6864,1905,0,1000000,0,122167,877833
6823,6865,2228,0,1000000,0,124060,875940
6824,6866,2237,0,1000000,0,126247,873753
6825,6867,2245,0,1000000,0,139204,860796
6826,6868,1508,0,1000000,0,114833,885167
6827,6869,2744,0,1000000,0,137300,862700
6828,6870,2895,0,1000000,0,166224,833776
6829,6871,2121,0,1000000,0,164492,835508
6830,6872,2380,0,1000000,0,113650,886350
6831,6873,1940,0,1000000,0,111389,888611
6832,6874,2329,0,1000000,0,140214,859786
6833,6875,1833,0,1000000,0,112505,887495
6834,6876,3270,0,1000000,0,148676,851324
6835,6877,2462,0,1000000,0,133327,866673
6836,6878,2186,0,1000000,0,125672,874328
6837,6879,1799,0,1000000,0,133392,866608
6838,6880,2354,0,1000000,0,127407,872593
6839,6881,2649,0,1000000,0,192273,807727
6840,6882,1833,0,1000000,0,149488,850512
6841,6883,2274,0,1000000,0,145008,854992
6842,6884,1690,0,1000000,0,98763,901237
6843,6885,2067,0,1000000,0,96759,903241
6844,6886,2284,0,1000000,0,125627,874373
6845,6887,2526,0,1000000,0,126054,873946
6846,6888,1613,0,1000000,0,138721,861279
6847,6889,2341,0,1000000,0,136970,863030
6848,6890,2451,0,1000000,0,129958,870042
6849,6891,2554,0,1000000,0,165909,834091
6850,6892,2257,0,1000000,0,132281,867719
6851,6893,2043,0,1000000,0,126730,873270
6852,6894,1953,0,1000000,0,100602,899398
6853,6895,2419,0,1000000,0,130638,869362
6854,6896,1818,0,1000000,0,115528,884472
6855,6897,2405,0,1000000,0,145036,854964
6856,6898,1998,0,1000000,0,123108,876892
6857,6899,2190,0,1000000,0,139396,860604
6858,6900,3216,0,1000000,0,148358,851642
6859,6901,2076,0,1000000,0,126030,873970
6860,6902,2596,0,1000000,0,135588,864412
6861,6903,2020,0,1000000,0,126324,873676
6862,6904,3095,0,1000000,0,136079,863921
6863,6905,2321,0,1000000,0,91658,908342
6864,6906,2897,0,1000000,0,157015,842985
6865,6907,2537,0,1000000,0,129051,870949
6866,6908,2739,0,1000000,0,154348,845652
6867,6909,2567,0,1000000,0,152322,847678
6868,6910,1440,0,1000000,0,115355,884645
6869,6911,2685,0,1000000,0,153436,846564
6870,6912,4032,0,1000000,0,173125,826875
6871,6913,2200,0,1000000,0,128509,871491
6872,6914,2814,0,1000000,0,140880,859120
6873,6915,3305,0,1000000,0,136454,863546
6874,6916,3116,0,1000000,0,125262,874738
6875,6917,2132,0,1000000,0,161394,838606
6876,6918,1437,0,1000000,0,101849,898151
6877,6919,2521,0,1000000,0,114778,885222
6878,6920,2403,0,1000000,0,107857,892143
6879,6921,2173,0,1000000,0,122038,877962
6880,6922,2157,0,1000000,0,132098,867902
6881,6923,1795,0,1000000,0,107428,892572
6882,6924,2579,0,1000000,0,117319,882681
6883,6925,3032,0,1000000,0,150121,849879
6884,6926,2476,0,1000000,0,154712,845288
6885,6927,2201,0,1000000,0,121586,878414
6886,6928,2453,0,1000000,0,138216,861784
6887,6929,1438,0,1000000,0,96936,903064
6888,6930,1915,0,1000000,0,106675,893325
6889,6931,2420,0,1000000,0,140366,859634
6890,6932,2341,0,1000000,0,119838,880162
6891,6933,1949,0,1000000,0,133812,866188
6892,6934,1957,0,1000000,0,138023,861977
6893,6935,2902,0,1000000,0,116431,883569
6894,6936,2152,0,1000000,0,171643,828357
6895,6937,2489,0,1000000,0,118187,881813
6896,6938,1764,0,1000000,0,97768,902232
6897,6939,2889,0,1000000,0,131093,868907
6898,6940,2817,0,1000000,0,104161,895839
6899,6941,2264,0,1000000,0,119202,880798
6900,6942,1985,0,1000000,0,153574,846426
6901,6943,3066,0,1000000,0,149032,850968
6902,6944,1959,0,1000000,0,137677,862323
6903,6945,2874,0,1000000,0,176222,823778
6904,6946,2754,0,1000000,0,156785,843215
6905,6947,2568,0,1000000,0,136150,863850
6906,6948,2113,0,1000000,0,104624,895376
6907,6949,2569,0,1000000,0,173731,826269
6908,6950,2044,0,1000000,0,135689,864311
6909,6951,1943,0,1000000,0,107575,892425
6910,6952,1587,0,1000000,0,113437,886563
6911,6953,2635,0,1000000,0,145993,854007
6912,6954,2556,0,1000000,0,119034,880966
6913,6955,2287,0,1000000,0,130531,869469
6914,6956,2312,0,1000000,0,150875,849125
6915,6957,2644,0,1000000,0,142509,857491
6916,6958,2676,0,1000000,0,135353,864647
6917,6959,2978,0,1000000,0,119517,880483
6918,6960,2406,0,1000000,0,156357,843643
6919,6961,3499,0,1000000,0,147567,852433
6920,6962,2488,0,1000000,0,144408,855592
6921,6963,2507,0,1000000,0,121781,878219
6922,6964,1964,0,1000000,0,100667,899333
6923,6965,3175,0,1000000,0,163144,836856
6924,6966,1680,0,1000000,0,116369,883631
6925,6967,2412,0,1000000,0,150126,849874
6926,6968,2361,0,1000000,0,157208,842792
6927,6969,1853,0,1000000,0,123636,876364
6928,6970,2800,0,1000000,0,140768,859232
6929,6971,1735,0,1000000,0,135061,864939
6930,6972,3007,0,1000000,0,142215,857785
6931,6973,1533,0,1000000,0,111681,888319
6932,6974,2198,0,1000000,0,150428,849572
6933,6975,1964,0,1000000,0,146058,853942
6934,6976,2385,0,1000000,0,148691,851309
6935,6977,2375,0,1000000,0,136833,863167
6936,6978,2598,0,1000000,0,176771,823229
6937,6979,1846,0,1000000,0,148396,851604
6938,6980,2369,0,1000000,0,144038,855962
6939,6981,2160,0,1000000,0,149248,850752
6940,6982,1537,0,1000000,0,103323,896677
6941,6983,1916,0,1000000,0,140482,859518
6942,6984,2635,0,1000000,0,137161,862839
6943,6985,2555,0,1000000,0,140985,859015
6944,6986,2092,0,1000000,0,151314,848686
6945,6987,3043,0,1000000,0,141641,858359
6946,6988,1811,0,1000000,0,117323,882677
6947,6989,2288,0,1000000,0,133483,866517
6948,6990,1859,0,1000000,0,145527,854473
6949,6991,1751,0,1000000,0,116003,883997
6950,6992,2015,0,1000000,0,142041,857959
6951,6993,2751,0,1000000,0,154453,845547
6952,6994,2346,0,1000000,0,153253,846747
6953,6995,2481,0,1000000,0,148437,851563
6954,6996,2809,0,1000000,0,139615,860385
6955,6997,1362,0,1000000,0,127910,872090
6956,6998,1911,0,1000000,0,107878,892122
6957,6999,1939,0,1000000,0,125082,874918
6958,7000,1647,0,1000000,0,154625,845375
6959,7001,1635,0,1000000,0,137549,862451
6960,7002,2521,0,1000000,0,136675,863325
6961,7003,2720,0,1000000,0,94817,905183
6962,7004,2648,0,1000000,0,139189,860811
6963,7005,2800,0,1000000,0,129615,870385
6964,7006,1787,0,1000000,0,137874,862126
6965,7007,2306,0,1000000,0,131228,868772
6966,7008,2827,0,1000000,0,149463,850537
6967,7009,1401,0,1000000,0,116128,883872
6968,7010,2131,0,1000000,0,126867,873133
6969,7011,2369,0,1000000,0,119573,880427
6970,7012,2039,0,1000000,0,158066,841934
6971,7013,2816,0,1000000,0,120709,879291
6972,7014,1197,0,1000000,0,107775,892225
6973,7015,2673,0,1000000,0,145166,854834
6974,7016,2509,0,1000000,0,137112,862888
6975,7017,2216,0,1000000,0,137506,862494
6976,7018,1786,0,1000000,0,115713,884287
6977,7019,1740,0,1000000,0,109637,890363
6978,7020,2488,0,1000000,0,129009,870991
6979,7021,3126,0,1000000,0,116313,883687
6980,7022,1966,0,1000000,0,117871,882129
6981,7023,1537,0,1000000,0,128637,871363
6982,7024,2390,0,1000000,0,165426,834574
6983,7025,2364,0,1000000,0,148251,851749
6984,7026,2749,0,1000000,0,108578,891422
6985,7027,2238,0,1000000,0,107645,892355
6986,7028,1784,0,1000000,0,96352,903648
6987,7029,1943,0,1000000,0,128123,871877
6988,7030,2850,0,1000000,0,123841,876159
6989,7031,2573,0,1000000,0,144559,855441
6990,7032,3340,0,1000000,0,126669,873331
6991,7033,2819,0,1000000,0,111947,888053
6992,7034,2315,0,1000000,0,112279,887721
6993,7035,2481,0,1000000,0,150548,849452
6994,7036,2280,0,1000000,0,128569,871431
6995,7037,2470,0,1000000,0,134195,865805
6996,7038,1987,0,1000000,0,141663,858337
6997,7039,2802,0,1000000,0,133717,866283
6998,7040,3503,0,1000000,0,146906,853094
6999,7041,2049,0,1000000,0,116061,883939
7000,7042,2656,0,1000000,0,127504,872496
7001,7043,2301,0,1000000,0,108585,891415
7002,7044,2101,0,1000000,0,135095,864905
7003,7045,2403,0,1000000,0,146019,853981
7004,7046,2590,0,1000000,0,167010,832990
7005,7047,2804,0,1000000,0,160828,839172
7006,7048,1757,0,1000000,0,102255,897745
7007,7049,2662,0,1000000,0,133626,866374
7008,7050,3024,0,1000000,0,137152,862848
7009,7051,2749,0,1000000,0,170820,829180
7010,7052,2052,0,1000000,0,127789,872211
7011,7053,2061,0,1000000,0,102028,897972
7012,7054,2493,0,1000000,0,135307,864693
7013,7055,2212,0,1000000,0,139159,860841
7014,7056,1920,0,1000000,0,113364,886636
7015,7057,2578,0,1000000,0,165794,834206
7016,7058,1852,0,1000000,0,123265,876735
7017,7059,2687,0,1000000,0,127221,872779
7018,7060,1973,0,1000000,0,113091,886909
7019,7061,2417,0,1000000,0,91055,908945
7020,7062,3178,0,1000000,0,133484,866516
7021,7063,1998,0,1000000,0,151238,848762
7022,7064,1849,0,1000000,0,131235,868765
7023,7065,2159,0,1000000,0,129914,870086
7024,7066,2198,0,1000000,0,143975,856025
7025,7067,2193,0,1000000,0,119466,880534
7026,7068,2077,0,1000000,0,140919,859081
7027,7069,2157,0,1000000,0,179210,820790
7028,7070,2686,0,1000000,0,151789,848211
7029,7071,2382,0,1000000,0,131394,868606
7030,7072,2481,0,1000000,0,127698,872302
7031,7073,2372,0,1000000,0,114925,885075
7032,7074,2196,0,1000000,0,112491,887509
7033,7075,2448,0,1000000,0,154346,845654
7034,7076,1908,0,1000000,0,108580,891420
7035,7077,2879,0,1000000,0,165969,834031
7036,7078,3225,0,1000000,0,147922,852078
7037,7079,2505,0,1000000,0,131709,868291
7038,7080,2459,0,1000000,0,127718,872282
7039,7081,3340,0,1000000,0,182813,817187
7040,7082,2271,0,1000000,0,114322,885678
7041,7083,1678,0,1000000,0,110351,889649
7042,7084,1957,0,1000000,0,139991,860009
7043,7085,1815,0,1000000,0,110821,889179
7044,7086,2378,0,1000000,0,156671,843329
7045,7087,2667,0,1000000,0,131445,868555
7046,7088,2742,0,1000000,0,131974,868026
7047,7089,1878,0,1000000,0,130657,869343
7048,7090,2159,0,1000000,0,85590,914410
7049,7091,1785,0,1000000,0,134193,865807
7050,7092,2272,0,1000000,0,115396,884604
7051,7093,2386,0,1000000,0,141367,858633
7052,7094,2283,0,1000000,0,107763,892237
7053,7095,1766,0,1000000,0,77296,922704
7054,7096,2582,0,1000000,0,147192,852808
7055,7097,2079,0,1000000,0,144455,855545
7056,7098,2863,0,1000000,0,155729,844271
7057,7099,2253,0,1000000,0,148433,851567
7058,7100,2036,0,1000000,0,110933,889067
7059,7101,2470,0,1000000,0,163039,836961
7060,7102,2384,0,1000000,0,119821,880179
7061,7103,2497,0,1000000,0,171069,828931
7062,7104,2220,0,1000000,0,150430,849570
7063,7105,2143,0,1000000,0,116051,883949
7064,7106,2731,0,1000000,0,167189,832811
7065,7107,2704,0,1000000,0,139255,860745
7066,7108,2147,0,1000000,0,110672,889328
7067,7109,2956,0,1000000,0,129004,870996
7068,7110,3003,0,1000000,0,159529,840471
7069,7111,2103,0,1000000,0,189406,810594
7070,7112,1938,0,1000000,0,133300,866700
7071,7113,1700,0,1000000,0,134588,865412
7072,7114,2446,0,1000000,0,140114,859886
7073,7115,2288,0,1000000,0,127601,872399
7074,7116,1526,0,1000000,0,140973,859027
7075,7117,2380,0,1000000,0,112955,887045
7076,7118,1851,0,1000000,0,104109,895891
7077,7119,2499,0,1000000,0,168909,831091
7078,7120,2081,0,1000000,0,116938,883062
7079,7121,3011,0,1000000,0,153497,846503
7080,7122,1925,0,1000000,0,136378,863622
7081,7123,2070,0,1000000,0,127998,872002
7082,7124,2363,0,1000000,0,116406,883594
7083,7125,1634,0,1000000,0,103229,896771
7084,7126,2870,0,1000000,0,174635,825365
7085,7127,2614,0,1000000,0,161793,838207
7086,7128,2198,0,1000000,0,121977,878023
7087,7129,3026,0,1000000,0,166615,833385
7088,7130,1813,0,1000000,0,113863,886137
7089,7131,2275,0,1000000,0,125167,874833
7090,7132,2511,0,1000000,0,118536,881464
7091,7133,2624,0,1000000,0,158982,841018
7092,7134,2064,0,1000000,0,136309,863691
7093,7135,3289,0,1000000,0,129939,870061
7094,7136,2441,0,1000000,0,118120,881880
7095,7137,2435,0,1000000,0,122241,877759
7096,7138,1941,0,1000000,0,119884,880116
7097,7139,3017,0,1000000,0,164058,835942
7098,7140,1870,0,1000000,0,139670,860330
7099,7141,1610,0,1000000,0,129800,870200
7100,7142,2025,0,1000000,0,128133,871867
7101,7143,2296,0,1000000,0,116413,883587
7102,7144,2523,0,1000000,0,127289,872711
7103,7145,2431,0,1000000,0,131706,868294
7104,7146,1633,0,1000000,0,95564,904436
7105,7147,3015,0,1000000,0,146180,853820
7106,7148,1952,0,1000000,0,127903,872097
7107,7149,2519,0,1000000,0,128491,871509
7108,7150,2558,0,1000000,0,158418,841582
7109,7151,1445,0,1000000,0,118226,881774
7110,7152,2587,0,1000000,0,107514,892486
7111,7153,2248,0,1000000,0,122253,877747
7112,7154,1943,0,1000000,0,126160,873840
7113,7155,2784,0,1000000,0,168660,831340
7114,7156,2520,0,1000000,0,160327,839673
7115,7157,2167,0,1000000,0,141519,858481
7116,7158,2308,0,1000000,0,154159,845841
7117,7159,2355,0,1000000,0,129132,870868
7118,7160,2545,0,1000000,0,123799,876201
7119,7161,2196,0,1000000,0,147464,852536
7120,7162,2384,0,1000000,0,136168,863832
7121,7163,2453,0,1000000,0,133185,866815
7122,7164,1930,0,1000000,0,149025,850975
7123,7165,2059,0,1000000,0,139247,860753
7124,7166,2532,0,1000000,0,161137,838863
7125,7167,2166,0,1000000,0,151130,848870
7126,7168,2179,0,1000000,0,128323,871677
7127,7169,2019,0,1000000,0,125011,874989
7128,7170,2305,0,1000000,0,140059,859941
7129,7171,2445,0,1000000,0,136277,863723
7130,7172,2403,0,1000000,0,135711,864289
7131,7173,1874,0,1000000,0,105304,894696
7132,7174,2302,0,1000000,0,138167,861833
7133,7175,2605,0,1000000,0,144774,855226
7134,7176,1984,0,1000000,0,139004,860996
7135,7177,2371,0,1000000,0,117187,882813
7136,7178,2132,0,1000000,0,106451,893549
7137,7179,2614,0,1000000,0,142277,857723
7138,7180,2823,0,1000000,0,152211,847789
7139,7181,1792,0,1000000,0,122915,877085
7140,7182,2538,0,1000000,0,143611,856389
7141,7183,2161,0,1000000,0,143214,856786
7142,7184,1490,0,1000000,0,107288,892712
7143,7185,1246,0,1000000,0,106001,893999
7144,7186,2331,0,1000000,0,144074,855926
7145,7187,2828,0,1000000,0,150142,849858
7146,7188,2818,0,1000000,0,183803,816197
7147,7189,2310,0,1000000,0,121578,878422
7148,7190,2653,0,1000000,0,122261,877739
7149,7191,1697,0,1000000,0,144381,855619
7150,7192,1912,0,1000000,0,124439,875561
7151,7193,2262,0,1000000,0,168994,831006
7152,7194,1878,0,1000000,0,122623,877377
7153,7195,2398,0,1000000,0,147790,852210
7154,7196,3045,0,1000000,0,163313,836687
7155,7197,2479,0,1000000,0,115765,884235
7156,7198,2300,0,1000000,0,135289,864711
7157,7199,1783,0,1000000,0,95432,904568
7158,7200,2870,0,1000000,0,137377,862623
7159,7201,2498,0,1000000,0,141419,858581
7160,7202,2409,0,1000000,0,140945,859055
7161,7203,2373,0,1000000,0,128645,871355
7162,7204,1901,0,1000000,0,115390,884610
7163,7205,2554,0,1000000,0,127487,872513
7164,7206,2776,0,1000000,0,136574,863426
7165,7207,2473,0,1000000,0,138148,861852
7166,7208,2473,0,1000000,0,143714,856286
7167,7209,1957,0,1000000,0,101100,898900
7168,7210,1974,0,1000000,0,154061,845939
7169,7211,3048,0,1000000,0,159624,840376
7170,7212,1532,0,1000000,0,115610,884390
7171,7213,1735,0,1000000,0,112758,887242
7172,7214,1985,0,1000000,0,150324,849676
7173,7215,1651,0,1000000,0,113318,886682
7174,7216,2248,0,1000000,0,130410,869590
7175,7217,2743,0,1000000,0,150455,849545
7176,7218,2348,0,1000000,0,116811,883189
7177,7219,1531,0,1000000,0,108692,891308
7178,7220,2431,0,1000000,0,146133,853867
7179,7221,2454,0,1000000,0,128412,871588
7180,7222,1819,0,1000000,0,118708,881292
7181,7223,2211,0,1000000,0,130563,869437
7182,7224,3234,0,1000000,0,133655,866345
7183,7225,2543,0,1000000,0,148563,851437
7184,7226,1622,0,1000000,0,127191,872809
7185,7227,2092,0,1000000,0,119063,880937
7186,7228,1883,0,1000000,0,103287,896713
7187,7229,2290,0,1000000,0,123658,876342
7188,7230,2401,0,1000000,0,127813,872187
7189,7231,2807,0,1000000,0,131081,868919
7190,7232,1898,0,1000000,0,98941,901059
7191,7233,2595,0,1000000,0,123702,876298
7192,7234,2183,0,1000000,0,127086,872914
7193,7235,2167,0,1000000,0,125373,874627
7194,7236,2439,0,1000000,0,126958,873042
7195,7237,2501,0,1000000,0,142265,857735
7196,7238,2248,0,1000000,0,130736,869264
7197,7239,2019,0,1000000,0,150737,849263
7198,7240,2052,0,1000000,0,127980,872020
7199,7241,2766,0,1000000,0,120316,879684
7200,7242,2104,0,1000000,0,122565,877435
7201,7243,2409,0,1000000,0,125333,874667
7202,7244,2614,0,1000000,0,109103,890897
7203,7245,2326,0,1000000,0,126397,873603
7204,7246,2341,0,1000000,0,140787,859213
7205,7247,2339,0,1000000,0,114341,885659
7206,7248,3187,0,1000000,0,149507,850493
7207,7249,2171,0,1000000,0,160751,839249
7208,7250,2436,0,1000000,0,102759,897241
7209,7251,2244,0,1000000,0,129265,870735
7210,7252,2513,0,1000000,0,140874,859126
7211,7253,2455,0,1000000,0,123228,876772
7212,7254,2201,0,1000000,0,126377,873623
7213,7255,2519,0,1000000,0,153863,846137
7214,7256,2036,0,1000000,0,118192,881808
7215,7257,2282,0,1000000,0,139188,860812
7216,7258,2337,0,1000000,0,126231,873769
7217,7259,2090,0,1000000,0,113908,886092
7218,7260,2258,0,1000000,0,121585,878415
7219,7261,2027,0,1000000,0,141297,858703
7220,7262,1548,0,1000000,0,120462,879538
7221,7263,2921,0,1000000,0,121564,878436
7222,7264,1733,0,1000000,0,123292,876708
7223,7265,2185,0,1000000,0,136091,863909
7224,7266,1877,0,1000000,0,147161,852839
7225,7267,2101,0,1000000,0,136988,863012
7226,7268,2204,0,1000000,0,136008,863992
7227,7269,2290,0,1000000,0,142195,857805
7228,7270,3050,0,1000000,0,128218,871782
7229,7271,2846,0,1000000,0,135746,864254
7230,7272,2397,0,1000000,0,164044,835956
7231,7273,2342,0,1000000,0,155438,844562
7232,7274,2103,0,1000000,0,129235,870765
7233,7275,2144,0,1000000,0,135993,864007
7234,7276,2480,0,1000000,0,144909,855091
7235,7277,1958,0,1000000,0,124098,875902
7236,7278,1742,0,1000000,0,115363,884637
7237,7279,1816,0,1000000,0,106754,893246
7238,7280,2300,0,1000000,0,150294,849706
7239,7281,1806,0,1000000,0,132624,867376
7240,7282,2476,0,1000000,0,123348,876652
7241,7283,2251,0,1000000,0,139926,860074
7242,7284,2591,0,1000000,0,137283,862717
7243,7285,2149,0,1000000,0,142689,857311
7244,7286,2886,0,1000000,0,170509,829491
7245,7287,2926,0,1000000,0,125064,874936
7246,7288,2049,0,1000000,0,133817,866183
7247,7289,3137,0,1000000,0,145913,854087
7248,7290,2924,0,1000000,0,157425,842575
7249,7291,2217,0,1000000,0,163580,836420
7250,7292,2802,0,1000000,0,135562,864438
7251,7293,1725,0,1000000,0,100084,899916
7252,7294,2961,0,1000000,0,183217,816783
7253,7295,2446,0,1000000,0,115624,884376
7254,7296,2491,0,1000000,0,123791,876209
7255,7297,2147,0,1000000,0,139750,860250
7256,7298,2336,0,1000000,0,126962,873038
7257,7299,2198,0,1000000,0,151495,848505
7258,7300,2453,0,1000000,0,111663,888337
7259,7301,1645,0,1000000,0,151065,848935
7260,7302,2250,0,1000000,0,119656,880344
7261,7303,2100,0,1000000,0,119093,880907
7262,7304,1960,0,1000000,0,129604,870396
7263,7305,1546,0,1000000,0,108235,891765
7264,7306,2858,0,1000000,0,118762,881238
7265,7307,2320,0,1000000,0,169829,830171
7266,7308,3150,0,1000000,0,148336,851664
7267,7309,2435,0,1000000,0,152484,847516
7268,7310,2698,0,1000000,0,142721,857279
7269,7311,1873,0,1000000,0,128644,871356
7270,7312,1467,0,1000000,0,100013,899987
7271,7313,2415,0,1000000,0,130609,869391
7272,7314,2538,0,1000000,0,113603,886397
7273,7315,2883,0,1000000,0,121095,878905
7274,7316,1682,0,1000000,0,132793,867207
7275,7317,2256,0,1000000,0,137496,862504
7276,7318,1604,0,1000000,0,96272,903728
7277,7319,3080,0,1000000,0,117796,882204
7278,7320,1988,0,1000000,0,124956,875044
7279,7321,2132,0,1000000,0,144418,855582
7280,7322,2262,0,1000000,0,136594,863406
7281,7323,2365,0,1000000,0,137943,862057
7282,7324,2628,0,1000000,0,154844,845156
7283,7325,2116,0,1000000,0,169099,830901
7284,7326,2389,0,1000000,0,157176,842824
7285,7327,2826,0,1000000,0,171102,828898
7286,7328,1503,0,1000000,0,104557,895443
7287,7329,2097,0,1000000,0,131444,868556
7288,7330,3214,0,1000000,0,142256,857744
7289,7331,2053,0,1000000,0,127819,872181
7290,7332,2935,0,1000000,0,153423,846577
7291,7333,1838,0,1000000,0,124041,875959
7292,7334,2019,0,1000000,0,115496,884504
7293,7335,2002,0,1000000,0,141029,858971
7294,7336,1869,0,1000000,0,152481,847519
7295,7337,2713,0,1000000,0,122241,877759
7296,7338,2984,0,1000000,0,144008,855992
7297,7339,2727,0,1000000,0,164632,835368
7298,7340,2703,0,1000000,0,135708,864292
7299,7341,2377,0,1000000,0,118486,881514
7300,7342,2369,0,1000000,0,154085,845915
7301,7343,2372,0,1000000,0,125252,874748
7302,7344,2443,0,1000000,0,138779,861221
7303,7345,2774,0,1000000,0,138607,861393
7304,7346,2254,0,1000000,0,126173,873827
7305,7347,2834,0,1000000,0,155495,844505
7306,7348,1823,0,1000000,0,133471,866529
7307,7349,2321,0,1000000,0,127749,872251
7308,7350,2499,0,1000000,0,157486,842514
7309,7351,2091,0,1000000,0,142974,857026
7310,7352,1741,0,1000000,0,107738,892262
7311,7353,2232,0,1000000,0,118311,881689
7312,7354,2214,0,1000000,0,146501,853499
7313,7355,1959,0,1000000,0,123775,876225
7314,7356,1553,0,1000000,0,124518,875482
7315,7357,1920,0,1000000,0,97012,902988
7316,7358,2299,0,1000000,0,114004,885996
7317,7359,2992,0,1000000,0,140077,859923
7318,7360,1552,0,1000000,0,121850,878150
7319,7361,1929,0,1000000,0,139462,860538
7320,7362,2010,0,1000000,0,117675,882325
7321,7363,2605,0,1000000,0,165045,834955
7322,7364,1645,0,1000000,0,104844,895156
7323,7365,1742,0,1000000,0,119752,880248
7324,7366,2170,0,1000000,0,132279,867721
7325,7367,1688,0,1000000,0,109797,890203
7326,7368,1775,0,1000000,0,115379,884621
7327,7369,1878,0,1000000,0,111948,888052
7328,7370,2668,0,1000000,0,144276,855724
7329,7371,1566,0,1000000,0,140361,859639
7330,7372,2864,0,1000000,0,135877,864123
7331,7373,2588,0,1000000,0,137345,862655
7332,7374,2197,0,1000000,0,129828,870172
7333,7375,2551,0,1000000,0,135858,864142
7334,7376,2883,0,1000000,0,119457,880543
7335,7377,2108,0,1000000,0,122155,877845
7336,7378,1726,0,1000000,0,145490,854510
7337,7379,2049,0,1000000,0,125145,874855
7338,7380,2404,0,1000000,0,133816,866184
7339,7381,2128,0,1000000,0,126738,873262
7340,7382,2454,0,1000000,0,162162,837838
7341,7383,2346,0,1000000,0,126490,873510
7342,7384,2252,0,1000000,0,105912,894088
7343,7385,2693,0,1000000,0,137720,862280
7344,7386,2759,0,1000000,0,110458,889542
7345,7387,2259,0,1000000,0,142159,857841
7346,7388,2874,0,1000000,0,149465,850535
7347,7389,3185,0,1000000,0,151049,848951
7348,7390,1624,0,1000000,0,118994,881006
7349,7391,2241,0,1000000,0,122571,877429
7350,7392,1872,0,1000000,0,119599,880401
7351,7393,2908,0,1000000,0,171936,828064
7352,7394,2710,0,1000000,0,151742,848258
7353,7395,3830,0,1000000,0,141901,858099
7354,7396,1693,0,1000000,0,129966,870034
7355,7397,1901,0,1000000,0,143410,856590
7356,7398,2024,0,1000000,0,156978,843022
7357,7399,1907,0,1000000,0,100650,899350
7358,7400,2083,0,1000000,0,139884,860116
7359,7401,2431,0,1000000,0,125855,874145
7360,7402,2196,0,1000000,0,161235,838765
7361,7403,2623,0,1000000,0,132512,867488
7362,7404,2329,0,1000000,0,121734,878266
7363,7405,2055,0,1000000,0,130777,869223
7364,7406,2085,0,1000000,0,145952,854048
7365,7407,2157,0,1000000,0,102231,897769
7366,7408,1692,0,1000000,0,102461,897539
7367,7409,3551,0,1000000,0,157884,842116
7368,7410,2916,0,1000000,0,157222,842778
7369,7411,2423,0,1000000,0,128736,871264
7370,7412,2452,0,1000000,0,128763,871237
7371,7413,2753,0,1000000,0,125307,874693
7372,7414,2256,0,1000000,0,152264,847736
7373,7415,2323,0,1000000,0,130041,869959
7374,7416,3271,0,1000000,0,137803,862197
7375,7417,2770,0,1000000,0,149937,850063
7376,7418,1752,0,1000000,0,105907,894093
7377,7419,2629,0,1000000,0,161751,838249
7378,7420,2111,0,1000000,0,136160,863840
7379,7421,2967,0,1000000,0,146103,853897
7380,7422,2061,0,1000000,0,149038,850962
7381,7423,2888,0,1000000,0,136658,863342
7382,7424,2609,0,1000000,0,146122,853878
7383,7425,2549,0,1000000,0,137830,862170
7384,7426,2922,0,1000000,0,136309,863691
7385,7427,3139,0,1000000,0,133247,866753
7386,7428,2311,0,1000000,0,129932,870068
7387,7429,1737,0,1000000,0,102966,897034
7388,7430,3060,0,1000000,0,152802,847198
7389,7431,2874,0,1000000,0,128927,871073
7390,7432,2129,0,1000000,0,122477,877523
7391,7433,1660,0,1000000,0,158626,841374
7392,7434,1734,0,1000000,0,122938,877062
7393,7435,2701,0,1000000,0,146545,853455
7394,7436,2054,0,1000000,0,138262,861738
7395,7437,1610,0,1000000,0,128928,871072
7396,7438,2511,0,1000000,0,113426,886574
7397,7439,2852,0,1000000,0,143440,856560
7398,7440,2078,0,1000000,0,149957,850043
7399,7441,2500,0,1000000,0,135833,864167
7400,7442,1670,0,1000000,0,111873,888127
7401,7443,1774,0,1000000,0,106670,893330
7402,7444,2089,0,1000000,0,111421,888579
7403,7445,2891,0,1000000,0,121802,878198
7404,7446,3240,0,1000000,0,148436,851564
7405,7447,1949,0,1000000,0,124386,875614
7406,7448,3474,0,1000000,0,141364,858636
7407,7449,2042,0,1000000,0,128043,871957
7408,7450,1885,0,1000000,0,128716,871284
7409,7451,2901,0,1000000,0,127674,872326
7410,7452,2683,0,1000000,0,113894,886106
7411,7453,2570,0,1000000,0,122266,877734
7412,7454,1436,0,1000000,0,100710,899290
7413,7455,2105,0,1000000,0,124419,875581
7414,7456,2868,0,1000000,0,150182,849818
7415,7457,1783,0,1000000,0,137059,862941
7416,7458,2437,0,1000000,0,122958,877042
7417,7459,2278,0,1000000,0,127257,872743
7418,7460,1860,0,1000000,0,132934,867066
7419,7461,1610,0,1000000,0,139957,860043
7420,7462,2308,0,1000000,0,103953,896047
7421,7463,2566,0,1000000,0,173402,826598
7422,7464,2062,0,1000000,0,144993,855007
7423,7465,2030,0,1000000,0,153445,846555
7424,7466,1834,0,1000000,0,141977,858023
7425,7467,1614,0,1000000,0,113147,886853
7426,7468,2253,0,1000000,0,120886,879114
7427,7469,3618,0,1000000,0,148844,851156
7428,7470,2737,0,1000000,0,135463,864537
7429,7471,2227,0,1000000,0,108563,891437
7430,7472,2725,0,1000000,0,138761,861239
7431,7473,2704,0,1000000,0,123904,876096
7432,7474,2089,0,1000000,0,139162,860838
7433,7475,2598,0,1000000,0,144657,855343
7434,7476,2565,0,1000000,0,109389,890611
7435,7477,2716,0,1000000,0,145088,854912
7436,7478,2518,0,1000000,0,120713,879287
7437,7479,1922,0,1000000,0,136263,863737
7438,7480,2963,0,1000000,0,128102,871898
7439,7481,1829,0,1000000,0,114038,885962
7440,7482,2697,0,1000000,0,135317,864683
7441,7483,2589,0,1000000,0,135030,864970
7442,7484,2855,0,1000000,0,155369,844631
7443,7485,2871,0,1000000,0,132847,867153
7444,7486,2150,0,1000000,0,106606,893394
7445,7487,1928,0,1000000,0,119741,880259
7446,7488,1826,0,1000000,0,97800,902200
7447,7489,2689,0,1000000,0,156956,843044
7448,7490,1703,0,1000000,0,112709,887291
7449,7491,3389,0,1000000,0,144333,855667
7450,7492,2313,0,1000000,0,138351,861649
7451,7493,1884,0,1000000,0,119556,880444
7452,7494,2894,0,1000000,0,135495,864505
7453,7495,2012,0,1000000,0,134057,865943
7454,7496,2763,0,1000000,0,144164,855836
7455,7497,2395,0,1000000,0,139380,860620
7456,7498,2391,0,1000000,0,127716,872284
7457,7499,1428,0,1000000,0,120728,879272
7458,7500,2501,0,1000000,0,123700,876300
7459,7501,3074,0,1000000,0,127298,872702
7460,7502,2639,0,1000000,0,154353,845647
7461,7503,2140,0,1000000,0,121619,878381
7462,7504,3079,0,1000000,0,126548,873452
7463,7505,2855,0,1000000,0,148054,851946
7464,7506,1982,0,1000000,0,138412,861588
7465,7507,2450,0,1000000,0,116538,883462
7466,7508,3091,0,1000000,0,143312,856688
7467,7509,3047,0,1000000,0,128300,871700
7468,7510,1952,0,1000000,0,117319,882681
7469,7511,1346,0,1000000,0,101740,898260
7470,7512,2565,0,1000000,0,144369,855631
7471,7513,2190,0,1000000,0,146999,853001
7472,7514,3213,0,1000000,0,155643,844357
7473,7515,2433,0,1000000,0,123312,876688
7474,7516,2422,0,1000000,0,163328,836672
7475,7517,2356,0,1000000,0,166206,833794
7476,7518,2308,0,1000000,0,151996,848004
7477,7519,1887,0,1000000,0,91447,908553
7478,7520,2190,0,1000000,0,145900,854100
7479,7521,2346,0,1000000,0,125495,874505
7480,7522,2500,0,1000000,0,163139,836861
7481,7523,2548,0,1000000,0,130409,869591
7482,7524,2064,0,1000000,0,135271,864729
7483,7525,2215,0,1000000,0,124733,875267
7484,7526,2680,0,1000000,0,148441,851559
7485,7527,2339,0,1000000,0,135240,864760
7486,7528,2057,0,1000000,0,154954,845046
7487,7529,2284,0,1000000,0,142080,857920
7488,7530,2019,0,1000000,0,135848,864152
7489,7531,3041,0,1000000,0,150813,849187
7490,7532,2783,0,1000000,0,128308,871692
7491,7533,2420,0,1000000,0,120456,879544
7492,7534,2899,0,1000000,0,155089,844911
7493,7535,2022,0,1000000,0,137136,862864
7494,7536,2528,0,1000000,0,137993,862007
7495,7537,1916,0,1000000,0,139148,860852
7496,7538,1675,0,1000000,0,139544,860456
7497,7539,1886,0,1000000,0,109654,890346
7498,7540,1686,0,1000000,0,109293,890707
7499,7541,3291,0,1000000,0,170788,829212
7500,7542,2066,0,1000000,0,139200,860800
7501,7543,2682,0,1000000,0,122985,877015
7502,7544,1745,0,1000000,0,139859,860141
7503,7545,2496,0,1000000,0,160778,839222
7504,7546,1833,0,1000000,0,152565,847435
7505,7547,1579,0,1000000,0,112890,887110
7506,7548,2133,0,1000000,0,136006,863994
7507,7549,2225,0,1000000,0,138474,861526
7508,7550,1892,0,1000000,0,130027,869973
7509,7551,1806,0,1000000,0,128162,871838
7510,7552,2614,0,1000000,0,109393,890607
7511,7553,1932,0,1000000,0,116250,883750
7512,7554,2375,0,1000000,0,111231,888769
7513,7555,2533,0,1000000,0,137563,862437
7514,7556,3191,0,1000000,0,148769,851231
7515,7557,1605,0,1000000,0,125378,874622
7516,7558,1841,0,1000000,0,116024,883976
7517,7559,2451,0,1000000,0,157128,842872
7518,7560,2983,0,1000000,0,196626,803374
7519,7561,1982,0,1000000,0,150735,849265
7520,7562,2199,0,1000000,0,119635,880365
7521,7563,2587,0,1000000,0,133628,866372
7522,7564,1843,0,1000000,0,116254,883746
7523,7565,2797,0,1000000,0,131730,868270
7524,7566,2635,0,1000000,0,133363,866637
7525,7567,1499,0,1000000,0,139165,860835
7526,7568,1964,0,1000000,0,100300,899700
7527,7569,2241,0,1000000,0,154407,845593
7528,7570,1898,0,1000000,0,119669,880331
7529,7571,2707,0,1000000,0,149327,850673
7530,7572,2593,0,1000000,0,137447,862553
7531,7573,2666,0,1000000,0,147233,852767
7532,7574,2532,0,1000000,0,119152,880848
7533,7575,1967,0,1000000,0,126472,873528
7534,7576,2233,0,1000000,0,131588,868412
7535,7577,1940,0,1000000,0,155739,844261
7536,7578,3192,0,1000000,0,140421,859579
7537,7579,2299,0,1000000,0,121212,878788
7538,7580,2335,0,1000000,0,144859,855141
7539,7581,2583,0,1000000,0,127293,872707
7540,7582,2368,0,1000000,0,122873,877127
7541,7583,2275,0,1000000,0,148093,851907
7542,7584,1518,0,1000000,0,130324,869676
7543,7585,2519,0,1000000,0,137970,862030
7544,7586,2473,0,1000000,0,99729,900271
7545,7587,2370,0,1000000,0,161970,838030
7546,7588,2124,0,1000000,0,129558,870442
7547,7589,2357,0,1000000,0,150815,849185
7548,7590,1998,0,1000000,0,123486,876514
7549,7591,2200,0,1000000,0,128520,871480
7550,7592,2324,0,1000000,0,121687,878313
7551,7593,2540,0,1000000,0,150654,849346
7552,7594,2683,0,1000000,0,136051,863949
7553,7595,1953,0,1000000,0,120564,879436
7554,7596,2680,0,1000000,0,136503,863497
7555,7597,2342,0,1000000,0,107431,892569
7556,7598,2024,0,1000000,0,116656,883344
7557,7599,2022,0,1000000,0,143441,856559
7558,7600,2085,0,1000000,0,119519,880481
7559,7601,2899,0,1000000,0,145063,854937
7560,7602,2288,0,1000000,0,103738,896262
7561,7603,2559,0,1000000,0,143778,856222
7562,7604,2114,0,1000000,0,165420,834580
7563,7605,2141,0,1000000,0,147760,852240
7564,7606,2278,0,1000000,0,133925,866075
7565,7607,1786,0,1000000,0,115684,884316
7566,7608,2730,0,1000000,0,164194,835806
7567,7609,1500,0,1000000,0,125315,874685
7568,7610,2467,0,1000000,0,109159,890841
7569,7611,1663,0,1000000,0,117479,882521
7570,7612,2492,0,1000000,0,135925,864075
7571,7613,1449,0,1000000,0,115867,884133
7572,7614,2619,0,1000000,0,137957,862043
7573,7615,2165,0,1000000,0,123086,876914
7574,7616,2199,0,1000000,0,108667,891333
7575,7617,3352,0,1000000,0,134941,865059
7576,7618,3708,0,1000000,0,146730,853270
7577,7619,2709,0,1000000,0,121476,878524
7578,7620,1763,0,1000000,0,143451,856549
7579,7621,1749,0,1000000,0,125949,874051
7580,7622,2480,0,1000000,0,148509,851491
7581,7623,2865,0,1000000,0,133928,866072
7582,7624,2576,0,1000000,0,127291,872709
7583,7625,2178,0,1000000,0,131938,868062
7584,7626,1851,0,1000000,0,166728,833272
7585,7627,1754,0,1000000,0,129157,870843
7586,7628,1755,0,1000000,0,139470,860530
7587,7629,2257,0,1000000,0,143675,856325
7588,7630,2382,0,1000000,0,158507,841493
7589,7631,2299,0,1000000,0,127069,872931
7590,7632,2105,0,1000000,0,116446,883554
7591,7633,2679,0,1000000,0,134507,865493
7592,7634,1691,0,1000000,0,136479,863521
7593,7635,2150,0,1000000,0,118012,881988
7594,7636,2282,0,1000000,0,132424,867576
7595,7637,1892,0,1000000,0,118525,881475
7596,7638,1978,0,1000000,0,171590,828410
7597,7639,2732,0,1000000,0,120049,879951
7598,7640,2290,0,1000000,0,127891,872109
7599,7641,2111,0,1000000,0,124581,875419
7600,7642,2162,0,1000000,0,143430,856570
7601,7643,2247,0,1000000,0,129492,870508
7602,7644,1974,0,1000000,0,110761,889239
7603,7645,1908,0,1000000,0,144172,855828
7604,7646,2234,0,1000000,0,142681,857319
7605,7647,2161,0,1000000,0,104558,895442
7606,7648,2011,0,1000000,0,140754,859246
7607,7649,2097,0,1000000,0,124804,875196
7608,7650,2340,0,1000000,0,112677,887323
7609,7651,1898,0,1000000,0,133781,866219
7610,7652,2498,0,1000000,0,169574,830426
7611,7653,2691,0,1000000,0,148807,851193
7612,7654,2505,0,1000000,0,113831,886169
7613,7655,2661,0,1000000,0,130850,869150
7614,7656,2228,0,1000000,0,113580,886420
7615,7657,2755,0,1000000,0,174996,825004
7616,7658,3263,0,1000000,0,148900,851100
7617,7659,2585,0,1000000,0,135037,864963
7618,7660,2112,0,1000000,0,110081,889919
7619,7661,2596,0,1000000,0,179055,820945
7620,7662,2771,0,1000000,0,136342,863658
7621,7663,1797,0,1000000,0,111365,888635
7622,7664,2674,0,1000000,0,148691,851309
7623,7665,2475,0,1000000,0,138451,861549
7624,7666,2071,0,1000000,0,118860,881140
7625,7667,2475,0,1000000,0,158555,841445
7626,7668,3114,0,1000000,0,153762,846238
7627,7669,2659,0,1000000,0,164451,835549
7628,7670,1738,0,1000000,0,109949,890051
7629,7671,2233,0,1000000,0,129712,870288
7630,7672,2177,0,1000000,0,115219,884781
7631,7673,1897,0,1000000,0,107220,892780
7632,7674,3099,0,1000000,0,150916,849084
7633,7675,2858,0,1000000,0,139586,860414
7634,7676,2769,0,1000000,0,118347,881653
7635,7677,2291,0,1000000,0,123826,876174
7636,7678,2560,0,1000000,0,126605,873395
7637,7679,1560,0,1000000,0,103096,896904
7638,7680,2750,0,1000000,0,124848,875152
7639,7681,2945,0,1000000,0,125636,874364
7640,7682,2475,0,1000000,0,133943,866057
7641,7683,2239,0,1000000,0,138216,861784
7642,7684,2660,0,1000000,0,132505,867495
7643,7685,1976,0,1000000,0,135488,864512
7644,7686,2130,0,1000000,0,95378,904622
7645,7687,2412,0,1000000,0,155802,844198
7646,7688,1850,0,1000000,0,134698,865302
7647,7689,2227,0,1000000,0,150045,849955
7648,7690,1907,0,1000000,0,126295,873705
7649,7691,2112,0,1000000,0,130818,869182
7650,7692,2840,0,1000000,0,118030,881970
7651,7693,2190,0,1000000,0,116977,883023
7652,7694,1395,0,1000000,0,112161,887839
7653,7695,2172,0,1000000,0,115581,884419
7654,7696,2157,0,1000000,0,121025,878975
7655,7697,2098,0,1000000,0,123443,876557
7656,7698,2836,0,1000000,0,137307,862693
7657,7699,2714,0,1000000,0,126926,873074
7658,7700,1833,0,1000000,0,124166,875834
7659,7701,1754,0,1000000,0,102815,897185
7660,7702,2498,0,1000000,0,160112,839888
7661,7703,1872,0,1000000,0,127091,872909
7662,7704,2018,0,1000000,0,119119,880881
7663,7705,1822,0,1000000,0,142100,857900
7664,7706,2314,0,1000000,0,137108,862892
7665,7707,1282,0,1000000,0,105850,894150
7666,7708,1452,0,1000000,0,105678,894322
7667,7709,2141,0,1000000,0,161653,838347
7668,7710,1752,0,1000000,0,133712,866288
7669,7711,2250,0,1000000,0,116695,883305
7670,7712,2473,0,1000000,0,143629,856371
7671,7713,3132,0,1000000,0,152708,847292
7672,7714,2412,0,1000000,0,129501,870499
7673,7715,1710,0,1000000,0,109737,890263
7674,7716,1483,0,1000000,0,128633,871367
7675,7717,2181,0,1000000,0,144048,855952
7676,7718,2249,0,1000000,0,115224,884776
7677,7719,2412,0,1000000,0,137807,862193
7678,7720,2120,0,1000000,0,102351,897649
7679,7721,1977,0,1000000,0,131440,868560
7680,7722,2594,0,1000000,0,147167,852833
7681,7723,1550,0,1000000,0,120110,879890
7682,7724,2019,0,1000000,0,126813,873187
7683,7725,1972,0,1000000,0,145931,854069
7684,7726,2419,0,1000000,0,137411,862589
7685,7727,2867,0,1000000,0,133407,866593
7686,7728,2441,0,1000000,0,144705,855295
7687,7729,2740,0,1000000,0,130734,869266
7688,7730,2408,0,1000000,0,118324,881676
7689,7731,2170,0,1000000,0,155858,844142
7690,7732,2179,0,1000000,0,121545,878455
7691,7733,2550,0,1000000,0,136009,863991
7692,7734,1837,0,1000000,0,137164,862836
7693,7735,1706,0,1000000,0,117336,882664
7694,7736,2143,0,1000000,0,112306,887694
7695,7737,1822,0,1000000,0,110417,889583
7696,7738,2269,0,1000000,0,162140,837860
7697,7739,2069,0,1000000,0,135294,864706
7698,7740,2108,0,1000000,0,113728,886272
7699,7741,2802,0,1000000,0,150341,849659
7700,7742,2459,0,1000000,0,133979,866021
7701,7743,1839,0,1000000,0,113946,886054
7702,7744,2377,0,1000000,0,121828,878172
7703,7745,1690,0,1000000,0,108853,891147
7704,7746,2649,0,1000000,0,118641,881359
7705,7747,2512,0,1000000,0,134185,865815
7706,7748,1562,0,1000000,0,124663,875337
7707,7749,3182,0,1000000,0,136575,863425
7708,7750,1620,0,1000000,0,118217,881783
7709,7751,2306,0,1000000,0,139919,860081
7710,7752,1257,0,1000000,0,104510,895490
7711,7753,2355,0,1000000,0,105644,894356
7712,7754,2478,0,1000000,0,168966,831034
7713,7755,1689,0,1000000,0,96983,903017
7714,7756,2291,0,1000000,0,122200,877800
7715,7757,1897,0,1000000,0,137918,862082
7716,7758,1972,0,1000000,0,110614,889386
7717,7759,2704,0,1000000,0,134134,865866
7718,7760,2850,0,1000000,0,138352,861648
7719,7761,1987,0,1000000,0,119002,880998
7720,7762,1224,0,1000000,0,101646,898354
7721,7763,1992,0,1000000,0,154879,845121
7722,7764,2767,0,1000000,0,143963,856037
7723,7765,1695,0,1000000,0,120609,879391
7724,7766,2812,0,1000000,0,140312,859688
7725,7767,3025,0,1000000,0,141870,858130
7726,7768,1722,0,1000000,0,104618,895382
7727,7769,2111,0,1000000,0,129516,870484
7728,7770,2594,0,1000000,0,129493,870507
7729,7771,2538,0,1000000,0,154485,845515
7730,7772,2651,0,1000000,0,112708,887292
7731,7773,3616,0,1000000,0,152774,847226
7732,7774,1702,0,1000000,0,136360,863640
7733,7775,1944,0,1000000,0,116689,883311
7734,7776,2755,0,1000000,0,142120,857880
7735,7777,2704,0,1000000,0,135576,864424
7736,7778,1708,0,1000000,0,121121,878879
7737,7779,2823,0,1000000,0,141886,858114
7738,7780,2651,0,1000000,0,119629,880371
7739,7781,2896,0,1000000,0,145801,854199
7740,7782,1648,0,1000000,0,110500,889500
7741,7783,2188,0,1000000,0,119899,880101
7742,7784,2931,0,1000000,0,119205,880795
7743,7785,2334,0,1000000,0,130776,869224
7744,7786,2175,0,1000000,0,133793,866207
7745,7787,1851,0,1000000,0,129151,870849
7746,7788,2168,0,1000000,0,154243,845757
7747,7789,1719,0,1000000,0,124215,875785
7748,7790,2256,0,1000000,0,130194,869806
7749,7791,1555,0,1000000,0,130002,869998
7750,7792,1521,0,1000000,0,121564,878436
7751,7793,1917,0,1000000,0,105493,894507
7752,7794,2810,0,1000000,0,116641,883359
7753,7795,1536,0,1000000,0,114617,885383
7754,7796,2036,0,1000000,0,135835,864165
7755,7797,2127,0,1000000,0,125140,874860
7756,7798,3220,0,1000000,0,135803,864197
7757,7799,2182,0,1000000,0,111333,888667
7758,7800,2564,0,1000000,0,152593,847407
7759,7801,2441,0,1000000,0,143499,856501
7760,7802,2094,0,1000000,0,137409,862591
7761,7803,2552,0,1000000,0,126135,873865
7762,7804,2352,0,1000000,0,111453,888547
7763,7805,1984,0,1000000,0,154389,845611
7764,7806,2319,0,1000000,0,132168,867832
7765,7807,2504,0,1000000,0,125993,874007
7766,7808,2276,0,1000000,0,140212,859788
7767,7809,1434,0,1000000,0,142013,857987
7768,7810,2451,0,1000000,0,152405,847595
7769,7811,1985,0,1000000,0,109717,890283
7770,7812,2641,0,1000000,0,156198,843802
7771,7813,2412,0,1000000,0,135472,864528
7772,7814,2398,0,1000000,0,143341,856659
7773,7815,3291,0,1000000,0,165755,834245
7774,7816,2009,0,1000000,0,107567,892433
7775,7817,2470,0,1000000,0,115879,884121
7776,7818,1981,0,1000000,0,154938,845062
7777,7819,2365,0,1000000,0,180062,819938
7778,7820,2819,0,1000000,0,150554,849446
7779,7821,1639,0,1000000,0,137082,862918
7780,7822,1932,0,1000000,0,139091,860909
7781,7823,2057,0,1000000,0,120899,879101
7782,7824,1762,0,1000000,0,131815,868185
7783,7825,1694,0,1000000,0,117247,882753
7784,7826,1939,0,1000000,0,116253,883747
7785,7827,3147,0,1000000,0,157143,842857
7786,7828,2876,0,1000000,0,174985,825015
7787,7829,2099,0,1000000,0,121834,878166
7788,7830,2931,0,1000000,0,115849,884151
7789,7831,2453,0,1000000,0,111067,888933
7790,7832,1989,0,1000000,0,152113,847887
7791,7833,2556,0,1000000,0,141498,858502
7792,7834,2704,0,1000000,0,158159,841841
7793,7835,2860,0,1000000,0,139046,860954
7794,7836,2967,0,1000000,0,111232,888768
7795,7837,2959,0,1000000,0,136856,863144
7796,7838,2363,0,1000000,0,91854,908146
7797,7839,2261,0,1000000,0,125641,874359
7798,7840,2836,0,1000000,0,149838,850162
7799,7841,2025,0,1000000,0,149998,850002
7800,7842,3246,0,1000000,0,123004,876996
7801,7843,2805,0,1000000,0,134403,865597
7802,7844,2899,0,1000000,0,146128,853872
7803,7845,2243,0,1000000,0,149530,850470
7804,7846,2417,0,1000000,0,135409,864591
7805,7847,2244,0,1000000,0,139852,860148
7806,7848,3197,0,1000000,0,119304,880696
7807,7849,2475,0,1000000,0,115268,884732
7808,7850,2674,0,1000000,0,116701,883299
7809,7851,2605,0,1000000,0,169482,830518
7810,7852,2872,0,1000000,0,165331,834669
7811,7853,2983,0,1000000,0,130238,869762
7812,7854,2173,0,1000000,0,174837,825163
7813,7855,2239,0,1000000,0,151335,848665
7814,7856,1797,0,1000000,0,137700,862300
7815,7857,2387,0,1000000,0,149004,850996
7816,7858,2196,0,1000000,0,99256,900744
7817,7859,2507,0,1000000,0,145934,854066
7818,7860,2061,0,1000000,0,142095,857905
7819,7861,2552,0,1000000,0,159561,840439
7820,7862,1706,0,1000000,0,100558,899442
7821,7863,1988,0,1000000,0,130561,869439
7822,7864,1699,0,1000000,0,109621,890379
7823,7865,2841,0,1000000,0,138275,861725
7824,7866,2443,0,1000000,0,123695,876305
7825,7867,2024,0,1000000,0,112142,887858
7826,7868,3007,0,1000000,0,156078,843922
7827,7869,2637,0,1000000,0,178402,821598
7828,7870,2428,0,1000000,0,173412,826588
7829,7871,3052,0,1000000,0,151575,848425
7830,7872,3282,0,1000000,0,170470,829530
7831,7873,2572,0,1000000,0,123411,876589
7832,7874,3146,0,1000000,0,120207,879793
7833,7875,2130,0,1000000,0,130095,869905
7834,7876,2198,0,1000000,0,117892,882108
7835,7877,1665,0,1000000,0,121214,878786
7836,7878,2534,0,1000000,0,121862,878138
7837,7879,2125,0,1000000,0,127745,872255
7838,7880,3082,0,1000000,0,138558,861442
7839,7881,2682,0,1000000,0,117602,882398
7840,7882,1582,0,1000000,0,102617,897383
7841,7883,1874,0,1000000,0,125512,874488
7842,7884,2244,0,1000000,0,133046,866954
7843,7885,3139,0,1000000,0,157056,842944
7844,7886,2538,0,1000000,0,132310,867690
7845,7887,2625,0,1000000,0,156334,843666
7846,7888,2244,0,1000000,0,150467,849533
7847,7889,3046,0,1000000,0,127538,872462
7848,7890,2509,0,1000000,0,147306,852694
7849,7891,1715,0,1000000,0,101383,898617
7850,7892,2296,0,1000000,0,155162,844838
7851,7893,2400,0,1000000,0,127883,872117
7852,7894,2260,0,1000000,0,118211,881789
7853,7895,3003,0,1000000,0,162240,837760
7854,7896,1991,0,1000000,0,115354,884646
7855,7897,3147,0,1000000,0,157691,842309
7856,7898,2362,0,1000000,0,143249,856751
7857,7899,1963,0,1000000,0,142662,857338
7858,7900,2894,0,1000000,0,150516,849484
7859,7901,2517,0,1000000,0,97377,902623
7860,7902,2667,0,1000000,0,146014,853986
7861,7903,2202,0,1000000,0,118953,881047
7862,7904,2424,0,1000000,0,169117,830883
7863,7905,1904,0,1000000,0,116496,883504
7864,7906,2475,0,1000000,0,142999,857001
7865,7907,2201,0,1000000,0,145211,854789
7866,7908,3451,0,1000000,0,150393,849607
7867,7909,1636,0,1000000,0,111766,888234
7868,7910,2425,0,1000000,0,171393,828607
7869,7911,2477,0,1000000,0,135252,864748
7870,7912,2376,0,1000000,0,120871,879129
7871,7913,2084,0,1000000,0,123514,876486
7872,7914,2117,0,1000000,0,137174,862826
7873,7915,2654,0,1000000,0,161778,838222
7874,7916,1960,0,1000000,0,120501,879499
7875,7917,1852,0,1000000,0,136103,863897
7876,7918,1735,0,1000000,0,105456,894544
7877,7919,2291,0,1000000,0,108493,891507
7878,7920,1355,0,1000000,0,99033,900967
7879,7921,2073,0,1000000,0,109880,890120
7880,7922,1920,0,1000000,0,145940,854060
7881,7923,2796,0,1000000,0,140234,859766
7882,7924,2363,0,1000000,0,139868,860132
7883,7925,1770,0,1000000,0,118724,881276
7884,7926,2275,0,1000000,0,136955,863045
7885,7927,2530,0,1000000,0,134526,865474
7886,7928,2593,0,1000000,0,131027,868973
7887,7929,2848,0,1000000,0,148316,851684
7888,7930,1869,0,1000000,0,142368,857632
7889,7931,2661,0,1000000,0,140229,859771
7890,7932,2339,0,1000000,0,143460,856540
7891,7933,2564,0,1000000,0,141518,858482
7892,7934,3180,0,1000000,0,174076,825924
7893,7935,2639,0,1000000,0,163514,836486
7894,7936,2137,0,1000000,0,164513,835487
7895,7937,2665,0,1000000,0,122390,877610
7896,7938,1756,0,1000000,0,125309,874691
7897,7939,2382,0,1000000,0,139590,860410
7898,7940,2115,0,1000000,0,112286,887714
7899,7941,2084,0,1000000,0,127382,872618
7900,7942,1823,0,1000000,0,116246,883754
7901,7943,1252,0,1000000,0,85098,914902
7902,7944,2054,0,1000000,0,131378,868622
7903,7945,2513,0,1000000,0,130173,869827
7904,7946,2512,0,1000000,0,133392,866608
7905,7947,2405,0,1000000,0,111316,888684
7906,7948,2739,0,1000000,0,129654,870346
7907,7949,2461,0,1000000,0,155742,844258
7908,7950,2559,0,1000000,0,112228,887772
7909,7951,1981,0,1000000,0,133660,866340
7910,7952,2277,0,1000000,0,156857,843143
7911,7953,2187,0,1000000,0,127191,872809
7912,7954,2325,0,1000000,0,158280,841720
7913,7955,1800,0,1000000,0,113452,886548
7914,7956,1827,0,1000000,0,142034,857966
7915,7957,2865,0,1000000,0,137649,862351
7916,7958,2230,0,1000000,0,124850,875150
7917,7959,1968,0,1000000,0,116417,883583
7918,7960,1777,0,1000000,0,138338,861662
7919,7961,2561,0,1000000,0,122985,877015
7920,7962,1772,0,1000000,0,154032,845968
7921,7963,2570,0,1000000,0,145471,854529
7922,7964,1667,0,1000000,0,136015,863985
7923,7965,1808,0,1000000,0,133561,866439
7924,7966,2804,0,1000000,0,153526,846474
7925,7967,2039,0,1000000,0,138075,861925
7926,7968,3012,0,1000000,0,158331,841669
7927,7969,2478,0,1000000,0,149404,850596
7928,7970,2408,0,1000000,0,132263,867737
7929,7971,1643,0,1000000,0,138803,861197
7930,7972,1470,0,1000000,0,108655,891345
7931,7973,2140,0,1000000,0,165312,834688
7932,7974,2507,0,1000000,0,147122,852878
7933,7975,1791,0,1000000,0,145915,854085
7934,7976,2148,0,1000000,0,131399,868601
7935,7977,2385,0,1000000,0,129305,870695
7936,7978,2219,0,1000000,0,154218,845782
7937,7979,2061,0,1000000,0,145505,854495
7938,7980,2640,0,1000000,0,146266,853734
7939,7981,2301,0,1000000,0,148218,851782
7940,7982,2041,0,1000000,0,140397,859603
7941,7983,2055,0,1000000,0,138361,861639
7942,7984,3291,0,1000000,0,159964,840036
7943,7985,3047,0,1000000,0,156054,843946
7944,7986,2548,0,1000000,0,124982,875018
7945,7987,2054,0,1000000,0,154615,845385
7946,7988,1538,0,1000000,0,127486,872514
7947,7989,2351,0,1000000,0,153133,846867
7948,7990,2186,0,1000000,0,160816,839184
7949,7991,1843,0,1000000,0,129537,870463
7950,7992,2279,0,1000000,0,137312,862688
7951,7993,3253,0,1000000,0,148736,851264
7952,7994,2541,0,1000000,0,144392,855608
7953,7995,2508,0,1000000,0,155982,844018
7954,7996,1948,0,1000000,0,135957,864043
7955,7997,2273,0,1000000,0,128299,871701
7956,7998,2244,0,1000000,0,147767,852233
7957,7999,2061,0,1000000,0,109506,890494
7958,8000,3087,0,1000000,0,155981,844019
7959,8001,1593,0,1000000,0,108861,891139
7960,8002,2119,0,1000000,0,138035,861965
7961,8003,2531,0,1000000,0,134020,865980
7962,8004,2783,0,1000000,0,128807,871193
7963,8005,2080,0,1000000,0,109664,890336
7964,8006,2619,0,1000000,0,128319,871681
7965,8007,2129,0,1000000,0,149948,850052
7966,8008,2448,0,1000000,0,141145,858855
7967,8009,1461,0,1000000,0,111965,888035
7968,8010,2743,0,1000000,0,137648,862352
7969,8011,1537,0,1000000,0,137079,862921
7970,8012,2082,0,1000000,0,119101,880899
7971,8013,3467,0,1000000,0,164691,835309
7972,8014,2507,0,1000000,0,136275,863725
7973,8015,1942,0,1000000,0,127389,872611
7974,8016,1909,0,1000000,0,97477,902523
7975,8017,2786,0,1000000,0,155341,844659
7976,8018,2541,0,1000000,0,132545,867455
7977,8019,2352,0,1000000,0,127365,872635
7978,8020,2756,0,1000000,0,138675,861325
7979,8021,2131,0,1000000,0,112599,887401
7980,8022,2193,0,1000000,0,124077,875923
7981,8023,2818,0,1000000,0,169966,830034
7982,8024,2665,0,1000000,0,128781,871219
7983,8025,2409,0,1000000,0,131724,868276
7984,8026,1843,0,1000000,0,102019,897981
7985,8027,1535,0,1000000,0,116457,883543
7986,8028,2185,0,1000000,0,121624,878376
7987,8029,2282,0,1000000,0,116790,883210
7988,8030,1476,0,1000000,0,135643,864357
7989,8031,2439,0,1000000,0,158149,841851
7990,8032,2938,0,1000000,0,165100,834900
7991,8033,2318,0,1000000,0,138314,861686
7992,8034,1928,0,1000000,0,106544,893456
7993,8035,1750,0,1000000,0,108901,891099
7994,8036,2605,0,1000000,0,143271,856729
7995,8037,2807,0,1000000,0,134087,865913
7996,8038,1940,0,1000000,0,132037,867963
7997,8039,1625,0,1000000,0,119211,880789
7998,8040,2065,0,1000000,0,157431,842569
7999,8041,2518,0,1000000,0,136276,863724
8000,8042,2118,0,1000000,0,149364,850636
8001,8043,1390,0,1000000,0,122319,877681
8002,8044,2010,0,1000000,0,122957,877043
8003,8045,2794,0,1000000,0,146934,853066
8004,8046,2561,0,1000000,0,132620,867380
8005,8047,2001,0,1000000,0,149295,850705
8006,8048,1959,0,1000000,0,89098,910902
8007,8049,2019,0,1000000,0,111901,888099
8008,8050,3142,0,1000000,0,159908,840092
8009,8051,2396,0,1000000,0,126769,873231
8010,8052,1905,0,1000000,0,112112,887888
8011,8053,2423,0,1000000,0,132686,867314
8012,8054,2156,0,1000000,0,113712,886288
8013,8055,1795,0,1000000,0,108827,891173
8014,8056,2702,0,1000000,0,127192,872808
8015,8057,2085,0,1000000,0,139829,860171
8016,8058,2432,0,1000000,0,163865,836135
8017,8059,2592,0,1000000,0,160573,839427
8018,8060,2685,0,1000000,0,136293,863707
8019,8061,1395,0,1000000,0,125305,874695
8020,8062,2527,0,1000000,0,135171,864829
8021,8063,1921,0,1000000,0,120694,879306
8022,8064,2091,0,1000000,0,103743,896257
8023,8065,2790,0,1000000,0,130265,869735
8024,8066,1569,0,1000000,0,124372,875628
8025,8067,1664,0,1000000,0,124298,875702
8026,8068,2558,0,1000000,0,138343,861657
8027,8069,1990,0,1000000,0,112611,887389
8028,8070,2632,0,1000000,0,106981,893019
8029,8071,1908,0,1000000,0,132521,867479
8030,8072,1607,0,1000000,0,126526,873474
8031,8073,1659,0,1000000,0,109085,890915
8032,8074,2443,0,1000000,0,138208,861792
8033,8075,1778,0,1000000,0,136908,863092
8034,8076,2661,0,1000000,0,111994,888006
8035,8077,1889,0,1000000,0,129027,870973
8036,8078,2087,0,1000000,0,176026,823974
8037,8079,2040,0,1000000,0,174548,825452
8038,8080,2051,0,1000000,0,133491,866509
8039,8081,2414,0,1000000,0,100055,899945
8040,8082,1821,0,1000000,0,105067,894933
8041,8083,1943,0,1000000,0,138386,861614
8042,8084,2139,0,1000000,0,122226,877774
8043,8085,2476,0,1000000,0,119174,880826
8044,8086,1551,0,1000000,0,93953,906047
8045,8087,2850,0,1000000,0,136357,863643
8046,8088,2268,0,1000000,0,111211,888789
8047,8089,2468,0,1000000,0,121636,878364
8048,8090,1993,0,1000000,0,111402,888598
8049,8091,2187,0,1000000,0,122225,877775
8050,8092,2751,0,1000000,0,147389,852611
8051,8093,2353,0,1000000,0,121609,878391
8052,8094,1730,0,1000000,0,112107,887893
8053,8095,2276,0,1000000,0,121215,878785
8054,8096,2823,0,1000000,0,135246,864754
8055,8097,2018,0,1000000,0,120080,879920
8056,8098,3007,0,1000000,0,149380,850620
8057,8099,2373,0,1000000,0,126387,873613
8058,8100,2982,0,1000000,0,122106,877894
8059,8101,2855,0,1000000,0,132756,867244
8060,8102,2572,0,1000000,0,130583,869417
8061,8103,2504,0,1000000,0,154293,845707
8062,8104,2393,0,1000000,0,142667,857333
8063,8105,2226,0,1000000,0,137071,862929
8064,8106,2216,0,1000000,0,127099,872901
8065,8107,2963,0,1000000,0,158223,841777
8066,8108,2220,0,1000000,0,163583,836417
8067,8109,2598,0,1000000,0,136200,863800
8068,8110,2991,0,1000000,0,143315,856685
8069,8111,2764,0,1000000,0,148922,851078
8070,8112,2313,0,1000000,0,121327,878673
8071,8113,2453,0,1000000,0,144227,855773
8072,8114,2971,0,1000000,0,133780,866220
8073,8115,2700,0,1000000,0,124568,875432
8074,8116,2428,0,1000000,0,156962,843038
8075,8117,1958,0,1000000,0,147974,852026
8076,8118,2601,0,1000000,0,114612,885388
8077,8119,2013,0,1000000,0,124277,875723
8078,8120,2413,0,1000000,0,134271,865729
8079,8121,2307,0,1000000,0,112351,887649
8080,8122,2177,0,1000000,0,102988,897012
8081,8123,2091,0,1000000,0,132695,867305
8082,8124,1387,0,1000000,0,87863,912137
8083,8125,2270,0,1000000,0,126836,873164
8084,8126,2111,0,1000000,0,132080,867920
8085,8127,2731,0,1000000,0,131855,868145
8086,8128,2105,0,1000000,0,119317,880683
8087,8129,2259,0,1000000,0,120229,879771
8088,8130,1846,0,1000000,0,119193,880807
8089,8131,2179,0,1000000,0,116685,883315
8090,8132,1885,0,1000000,0,127769,872231
8091,8133,1637,0,1000000,0,84382,915618
8092,8134,3088,0,1000000,0,179514,820486
8093,8135,2280,0,1000000,0,126797,873203
8094,8136,1724,0,1000000,0,172436,827564
8095,8137,2908,0,1000000,0,146932,853068
8096,8138,2552,0,1000000,0,114961,885039
8097,8139,2339,0,1000000,0,134751,865249
8098,8140,2388,0,1000000,0,128040,871960
8099,8141,2330,0,1000000,0,136242,863758
8100,8142,2344,0,1000000,0,120620,879380
8101,8143,2038,0,1000000,0,125317,874683
8102,8144,2386,0,1000000,0,132837,867163
8103,8145,2110,0,1000000,0,135249,864751
8104,8146,2155,0,1000000,0,139873,860127
8105,8147,2318,0,1000000,0,140089,859911
8106,8148,2417,0,1000000,0,138749,861251
8107,8149,2296,0,1000000,0,128579,871421
8108,8150,2016,0,1000000,0,123881,876119
8109,8151,2509,0,1000000,0,113266,886734
8110,8152,2044,0,1000000,0,140699,859301
8111,8153,2701,0,1000000,0,125684,874316
8112,8154,1802,0,1000000,0,100159,899841
8113,8155,1595,0,1000000,0,130111,869889
8114,8156,2173,0,1000000,0,122472,877528
8115,8157,1982,0,1000000,0,116809,883191
8116,8158,2598,0,1000000,0,156086,843914
8117,8159,2305,0,1000000,0,139437,860563
8118,8160,2383,0,1000000,0,134822,865178
8119,8161,2023,0,1000000,0,134754,865246
8120,8162,1781,0,1000000,0,104282,895718
8121,8163,2261,0,1000000,0,157652,842348
8122,8164,1862,0,1000000,0,115592,884408
8123,8165,1840,0,1000000,0,119227,880773
8124,8166,1971,0,1000000,0,125818,874182
8125,8167,2195,0,1000000,0,132208,867792
8126,8168,2270,0,1000000,0,152647,847353
8127,8169,1965,0,1000000,0,153991,846009
8128,8170,2202,0,1000000,0,132412,867588
8129,8171,2053,0,1000000,0,114010,885990
8130,8172,1768,0,1000000,0,148505,851495
8131,8173,2262,0,1000000,0,113989,886011
8132,8174,2257,0,1000000,0,116658,883342
8133,8175,2200,0,1000000,0,113148,886852
8134,8176,3182,0,1000000,0,136535,863465
8135,8177,2237,0,1000000,0,147275,852725
8136,8178,2650,0,1000000,0,155023,844977
8137,8179,1518,0,1000000,0,127394,872606
8138,8180,2005,0,1000000,0,141147,858853
8139,8181,2224,0,1000000,0,138388,861612
8140,8182,1793,0,1000000,0,115396,884604
8141,8183,2093,0,1000000,0,179882,820118
8142,8184,1702,0,1000000,0,125189,874811
8143,8185,2677,0,1000000,0,155633,844367
8144,8186,2267,0,1000000,0,109231,890769
8145,8187,1925,0,1000000,0,103965,896035
8146,8188,2027,0,1000000,0,127320,872680
8147,8189,1688,0,1000000,0,123119,876881
8148,8190,2732,0,1000000,0,136006,863994
8149,8191,2540,0,1000000,0,145408,854592
8150,8192,1868,0,1000000,0,124395,875605
8151,8193,2514,0,1000000,0,130918,869082
8152,8194,2845,0,1000000,0,148546,851454
8153,8195,2210,0,1000000,0,152552,847448
8154,8196,2361,0,1000000,0,139250,860750
8155,8197,1686,0,1000000,0,134761,865239
8156,8198,2873,0,1000000,0,135930,864070
8157,8199,2710,0,1000000,0,143675,856325
8158,8200,1991,0,1000000,0,128449,871551
8159,8201,1830,0,1000000,0,136768,863232
8160,8202,1763,0,1000000,0,116311,883689
8161,8203,2470,0,1000000,0,121235,878765
8162,8204,1822,0,1000000,0,129390,870610
8163,8205,2145,0,1000000,0,122996,877004
8164,8206,2888,0,1000000,0,130025,869975
8165,8207,2783,0,1000000,0,122257,877743
8166,8208,2237,0,1000000,0,157531,842469
8167,8209,1852,0,1000000,0,133206,866794
8168,8210,2336,0,1000000,0,123478,876522
8169,8211,2347,0,1000000,0,116678,883322
8170,8212,2057,0,1000000,0,149291,850709
8171,8213,2787,0,1000000,0,145187,854813
8172,8214,2238,0,1000000,0,126359,873641
8173,8215,3219,0,1000000,0,132267,867733
8174,8216,2944,0,1000000,0,134181,865819
8175,8217,2209,0,1000000,0,136667,863333
8176,8218,1699,0,1000000,0,131798,868202
8177,8219,2137,0,1000000,0,164721,835279
8178,8220,3516,0,1000000,0,161472,838528
8179,8221,2012,0,1000000,0,132210,867790
8180,8222,2435,0,1000000,0,167063,832937
8181,8223,2185,0,1000000,0,144151,855849
8182,8224,2871,0,1000000,0,155680,844320
8183,8225,2843,0,1000000,0,143145,856855
8184,8226,2512,0,1000000,0,130445,869555
8185,8227,1868,0,1000000,0,123077,876923
8186,8228,2878,0,1000000,0,149133,850867
8187,8229,1780,0,1000000,0,125518,874482
8188,8230,2266,0,1000000,0,143825,856175
8189,8231,3476,0,1000000,0,164275,835725
8190,8232,3300,0,1000000,0,159017,840983
8191,8233,1848,0,1000000,0,103141,896859
8192,8234,2363,0,1000000,0,107924,892076
8193,8235,1765,0,1000000,0,116514,883486
8194,8236,2562,0,1000000,0,154191,845809
8195,8237,2611,0,1000000,0,128939,871061
8196,8238,2189,0,1000000,0,149526,850474
8197,8239,2345,0,1000000,0,135550,864450
8198,8240,2555,0,1000000,0,150109,849891
8199,8241,2142,0,1000000,0,144409,855591
8200,8242,2780,0,1000000,0,147090,852910
8201,8243,2120,0,1000000,0,106831,893169
8202,8244,2271,0,1000000,0,141383,858617
8203,8245,2047,0,1000000,0,132859,867141
8204,8246,1542,0,1000000,0,127490,872510
8205,8247,2546,0,1000000,0,144545,855455
8206,8248,2440,0,1000000,0,121805,878195
8207,8249,1295,0,1000000,0,113595,886405
8208,8250,1996,0,1000000,0,139386,860614
8209,8251,2586,0,1000000,0,138445,861555
8210,8252,2317,0,1000000,0,145935,854065
8211,8253,1861,0,1000000,0,115516,884484
8212,8254,2207,0,1000000,0,128121,871879
8213,8255,2626,0,1000000,0,140466,859534
8214,8256,2382,0,1000000,0,117695,882305
8215,8257,1679,0,1000000,0,141143,858857
8216,8258,2133,0,1000000,0,122727,877273
8217,8259,2278,0,1000000,0,136259,863741
8218,8260,1643,0,1000000,0,96917,903083
8219,8261,2408,0,1000000,0,136089,863911
8220,8262,2616,0,1000000,0,175908,824092
8221,8263,2440,0,1000000,0,113871,886129
8222,8264,2273,0,1000000,0,128466,871534
8223,8265,2212,0,1000000,0,113555,886445
8224,8266,1888,0,1000000,0,117365,882635
8225,8267,1922,0,1000000,0,128819,871181
8226,8268,1770,0,1000000,0,96438,903562
8227,8269,2061,0,1000000,0,145229,854771
8228,8270,1161,0,1000000,0,100773,899227
8229,8271,2188,0,1000000,0,143072,856928
8230,8272,2039,0,1000000,0,136980,863020
8231,8273,3086,0,1000000,0,152123,847877
8232,8274,3158,0,1000000,0,138378,861622
8233,8275,2757,0,1000000,0,135926,864074
8234,8276,2044,0,1000000,0,165909,834091
8235,8277,3136,0,1000000,0,120891,879109
8236,8278,1909,0,1000000,0,112125,887875
8237,8279,2161,0,1000000,0,111523,888477
8238,8280,2355,0,1000000,0,121441,878559
8239,8281,2424,0,1000000,0,144123,855877
8240,8282,2709,0,1000000,0,128341,871659
8241,8283,2119,0,1000000,0,137935,862065
8242,8284,1658,0,1000000,0,113992,886008
8243,8285,2018,0,1000000,0,99499,900501
8244,8286,2284,0,1000000,0,124247,875753
8245,8287,3035,0,1000000,0,157138,842862
8246,8288,2814,0,1000000,0,146605,853395
8247,8289,2218,0,1000000,0,179308,820692
8248,8290,1549,0,1000000,0,124075,875925
8249,8291,2076,0,1000000,0,127082,872918
8250,8292,2915,0,1000000,0,163755,836245
8251,8293,1905,0,1000000,0,105272,894728
8252,8294,1512,0,1000000,0,118743,881257
8253,8295,1932,0,1000000,0,144269,855731
8254,8296,3034,0,1000000,0,133801,866199
8255,8297,2102,0,1000000,0,143533,856467
8256,8298,2707,0,1000000,0,141254,858746
8257,8299,2542,0,1000000,0,138363,861637
8258,8300,2421,0,1000000,0,136077,863923
8259,8301,2196,0,1000000,0,114743,885257
8260,8302,1948,0,1000000,0,123812,876188
8261,8303,2608,0,1000000,0,123903,876097
8262,8304,2730,0,1000000,0,155517,844483
8263,8305,1650,0,1000000,0,105020,894980
8264,8306,2179,0,1000000,0,141009,858991
8265,8307,2789,0,1000000,0,157175,842825
8266,8308,1539,0,1000000,0,106875,893125
8267,8309,2019,0,1000000,0,130911,869089
8268,8310,1792,0,1000000,0,113476,886524
8269,8311,1507,0,1000000,0,126482,873518
8270,8312,1603,0,1000000,0,119995,880005
8271,8313,1968,0,1000000,0,134179,865821
8272,8314,2897,0,1000000,0,137832,862168
8273,8315,2184,0,1000000,0,135393,864607
8274,8316,2373,0,1000000,0,113770,886230
8275,8317,2434,0,1000000,0,144828,855172
8276,8318,1493,0,1000000,0,99017,900983
8277,8319,3253,0,1000000,0,179157,820843
8278,8320,2575,0,1000000,0,134376,865624
8279,8321,2650,0,1000000,0,126203,873797
8280,8322,2045,0,1000000,0,116044,883956
8281,8323,2582,0,1000000,0,108887,891113
8282,8324,2680,0,1000000,0,98754,901246
8283,8325,1985,0,1000000,0,112875,887125
8284,8326,2128,0,1000000,0,121314,878686
8285,8327,1357,0,1000000,0,95030,904970
8286,8328,2439,0,1000000,0,140834,859166
8287,8329,1875,0,1000000,0,117203,882797
8288,8330,2552,0,1000000,0,137636,862364
8289,8331,2235,0,1000000,0,140413,859587
8290,8332,1078,0,1000000,0,98473,901527
8291,8333,3152,0,1000000,0,144545,855455
8292,8334,1821,0,1000000,0,119888,880112
8293,8335,2720,0,1000000,0,147112,852888
8294,8336,1875,0,1000000,0,120291,879709
8295,8337,1815,0,1000000,0,133483,866517
8296,8338,2694,0,1000000,0,142569,857431
8297,8339,2185,0,1000000,0,132986,867014
8298,8340,1795,0,1000000,0,156657,843343
8299,8341,2672,0,1000000,0,144312,855688
8300,8342,2389,0,1000000,0,130253,869747
8301,8343,2225,0,1000000,0,158648,841352
8302,8344,1697,0,1000000,0,121779,878221
8303,8345,2423,0,1000000,0,148953,851047
8304,8346,1970,0,1000000,0,118247,881753
8305,8347,2248,0,1000000,0,166492,833508
8306,8348,2090,0,1000000,0,128382,871618
8307,8349,1808,0,1000000,0,104907,895093
8308,8350,2010,0,1000000,0,106734,893266
8309,8351,2766,0,1000000,0,140772,859228
8310,8352,1830,0,1000000,0,120526,879474
8311,8353,2810,0,1000000,0,146386,853614
8312,8354,2141,0,1000000,0,178846,821154
8313,8355,2039,0,1000000,0,112605,887395
8314,8356,2373,0,1000000,0,140750,859250
8315,8357,2305,0,1000000,0,159978,840022
8316,8358,2581,0,1000000,0,121233,878767
8317,8359,2008,0,1000000,0,142479,857521
8318,8360,2688,0,1000000,0,145823,854177
8319,8361,1921,0,1000000,0,124078,875922
8320,8362,2734,0,1000000,0,155171,844829
8321,8363,2879,0,1000000,0,140022,859978
8322,8364,1907,0,1000000,0,130869,869131
8323,8365,2695,0,1000000,0,125302,874698
8324,8366,2219,0,1000000,0,148941,851059
8325,8367,2117,0,1000000,0,149802,850198
8326,8368,1258,0,1000000,0,72781,927219
8327,8369,1649,0,1000000,0,122672,877328
8328,8370,1895,0,1000000,0,104658,895342
8329,8371,2692,0,1000000,0,152536,847464
8330,8372,2222,0,1000000,0,167293,832707
8331,8373,2085,0,1000000,0,153460,846540
8332,8374,3263,0,1000000,0,176086,823914
8333,8375,1919,0,1000000,0,122539,877461
8334,8376,2878,0,1000000,0,147068,852932
8335,8377,1725,0,1000000,0,117207,882793
8336,8378,2359,0,1000000,0,113235,886765
8337,8379,1160,0,1000000,0,117010,882990
8338,8380,1961,0,1000000,0,122982,877018
8339,8381,2186,0,1000000,0,132935,867065
8340,8382,2184,0,1000000,0,137510,862490
8341,8383,3092,0,1000000,0,140841,859159
8342,8384,2472,0,1000000,0,134268,865732
8343,8385,1703,0,1000000,0,109751,890249
8344,8386,2064,0,1000000,0,129391,870609
8345,8387,2858,0,1000000,0,145561,854439
8346,8388,2116,0,1000000,0,132358,867642
8347,8389,2043,0,1000000,0,122811,877189
8348,8390,3135,0,1000000,0,143574,856426
8349,8391,2183,0,1000000,0,141726,858274
8350,8392,2205,0,1000000,0,99034,900966
8351,8393,1584,0,1000000,0,122522,877478
8352,8394,2035,0,1000000,0,137318,862682
8353,8395,1840,0,1000000,0,130806,869194
8354,8396,1683,0,1000000,0,116440,883560
8355,8397,3146,0,1000000,0,140551,859449
8356,8398,2141,0,1000000,0,123734,876266
8357,8399,2120,0,1000000,0,126607,873393
8358,8400,2298,0,1000000,0,151880,848120
8359,8401,2688,0,1000000,0,130263,869737
8360,8402,2917,0,1000000,0,153120,846880
8361,8403,2612,0,1000000,0,126968,873032
8362,8404,2143,0,1000000,0,129339,870661
8363,8405,2062,0,1000000,0,136552,863448
8364,8406,2614,0,1000000,0,152395,847605
8365,8407,2721,0,1000000,0,150821,849179
8366,8408,1611,0,1000000,0,84618,915382
8367,8409,2062,0,1000000,0,152972,847028
8368,8410,1386,0,1000000,0,85028,914972
8369,8411,2326,0,1000000,0,125555,874445
8370,8412,1803,0,1000000,0,99812,900188
8371,8413,2393,0,1000000,0,152152,847848
8372,8414,2543,0,1000000,0,123230,876770
8373,8415,2054,0,1000000,0,121695,878305
8374,8416,2582,0,1000000,0,149930,850070
8375,8417,2635,0,1000000,0,137707,862293
8376,8418,2003,0,1000000,0,94137,905863
8377,8419,2440,0,1000000,0,141329,858671
8378,8420,2153,0,1000000,0,150085,849915
8379,8421,2290,0,1000000,0,128005,871995
8380,8422,2263,0,1000000,0,112336,887664
8381,8423,2160,0,1000000,0,127081,872919
8382,8424,2608,0,1000000,0,122994,877006
8383,8425,1931,0,1000000,0,133328,866672
8384,8426,2155,0,1000000,0,132284,867716
8385,8427,1620,0,1000000,0,89413,910587
8386,8428,2119,0,1000000,0,135080,864920
8387,8429,2231,0,1000000,0,129823,870177
8388,8430,2465,0,1000000,0,110278,889722
8389,8431,3271,0,1000000,0,186270,813730
8390,8432,2997,0,1000000,0,162364,837636
8391,8433,2449,0,1000000,0,145683,854317
8392,8434,2415,0,1000000,0,152428,847572
8393,8435,1935,0,1000000,0,138377,861623
8394,8436,2461,0,1000000,0,169443,830557
8395,8437,2681,0,1000000,0,125255,874745
8396,8438,1752,0,1000000,0,111233,888767
8397,8439,1573,0,1000000,0,121839,878161
8398,8440,2649,0,1000000,0,118125,881875
8399,8441,2652,0,1000000,0,155515,844485
8400,8442,2442,0,1000000,0,140815,859185
8401,8443,2616,0,1000000,0,165625,834375
8402,8444,2590,0,1000000,0,123201,876799
8403,8445,2086,0,1000000,0,140140,859860
8404,8446,2306,0,1000000,0,141423,858577
8405,8447,2376,0,1000000,0,100985,899015
8406,8448,1787,0,1000000,0,111596,888404
8407,8449,1801,0,1000000,0,120891,879109
8408,8450,1998,0,1000000,0,159357,840643
8409,8451,1960,0,1000000,0,116220,883780
8410,8452,2007,0,1000000,0,142349,857651
8411,8453,2523,0,1000000,0,131724,868276
8412,8454,2476,0,1000000,0,124961,875039
8413,8455,1685,0,1000000,0,117759,882241
8414,8456,1312,0,1000000,0,106285,893715
8415,8457,2777,0,1000000,0,136094,863906
8416,8458,2523,0,1000000,0,138133,861867
8417,8459,3270,0,1000000,0,140058,859942
8418,8460,1979,0,1000000,0,135424,864576
8419,8461,1980,0,1000000,0,127565,872435
8420,8462,1973,0,1000000,0,131218,868782
8421,8463,2880,0,1000000,0,128505,871495
8422,8464,2572,0,1000000,0,124697,875303
8423,8465,2868,0,1000000,0,116986,883014
8424,8466,2206,0,1000000,0,167653,832347
8425,8467,2959,0,1000000,0,142069,857931
8426,8468,2841,0,1000000,0,105169,894831
8427,8469,2306,0,1000000,0,135082,864918
8428,8470,1654,0,1000000,0,101586,898414
8429,8471,1732,0,1000000,0,133927,866073
8430,8472,2955,0,1000000,0,164844,835156
8431,8473,2716,0,1000000,0,124802,875198
8432,8474,2427,0,1000000,0,142345,857655
8433,8475,2963,0,1000000,0,143369,856631
8434,8476,2283,0,1000000,0,120182,879818
8435,8477,1927,0,1000000,0,118047,881953
8436,8478,2083,0,1000000,0,123996,876004
8437,8479,2196,0,1000000,0,110021,889979
8438,8480,2543,0,1000000,0,157464,842536
8439,8481,1960,0,1000000,0,110519,889481
8440,8482,2641,0,1000000,0,142639,857361
8441,8483,1996,0,1000000,0,113240,886760
8442,8484,1958,0,1000000,0,111671,888329
8443,8485,3266,0,1000000,0,166787,833213
8444,8486,2548,0,1000000,0,120362,879638
8445,8487,1904,0,1000000,0,132634,867366
8446,8488,2957,0,1000000,0,155397,844603
8447,8489,2451,0,1000000,0,110133,889867
8448,8490,2263,0,1000000,0,115405,884595
8449,8491,2755,0,1000000,0,130443,869557
8450,8492,1579,0,1000000,0,114096,885904
8451,8493,3102,0,1000000,0,151885,848115
8452,8494,2161,0,1000000,0,144475,855525
8453,8495,2647,0,1000000,0,122065,877935
8454,8496,2033,0,1000000,0,114578,885422
8455,8497,1963,0,1000000,0,140323,859677
8456,8498,2333,0,1000000,0,155974,844026
8457,8499,1840,0,1000000,0,120766,879234
8458,8500,1078,0,1000000,0,102176,897824
8459,8501,2608,0,1000000,0,134067,865933
8460,8502,2154,0,1000000,0,139487,860513
8461,8503,2361,0,1000000,0,151787,848213
8462,8504,1869,0,1000000,0,131275,868725
8463,8505,2247,0,1000000,0,132170,867830
8464,8506,2480,0,1000000,0,123705,876295
8465,8507,2729,0,1000000,0,128791,871209
8466,8508,1575,0,1000000,0,127067,872933
8467,8509,3136,0,1000000,0,149750,850250
8468,8510,1719,0,1000000,0,122167,877833
8469,8511,1781,0,1000000,0,140150,859850
8470,8512,1923,0,1000000,0,132415,867585
8471,8513,2412,0,1000000,0,106736,893264
8472,8514,2673,0,1000000,0,123031,876969
8473,8515,2504,0,1000000,0,124323,875677
8474,8516,1914,0,1000000,0,108592,891408
8475,8517,1880,0,1000000,0,149231,850769
8476,8518,2480,0,1000000,0,151171,848829
8477,8519,2557,0,1000000,0,150238,849762
8478,8520,2706,0,1000000,0,117217,882783
8479,8521,1463,0,1000000,0,113363,886637
8480,8522,2389,0,1000000,0,147185,852815
8481,8523,1763,0,1000000,0,125221,874779
8482,8524,1653,0,1000000,0,113012,886988
8483,8525,1576,0,1000000,0,108327,891673
8484,8526,1310,0,1000000,0,119123,880877
8485,8527,2828,0,1000000,0,133271,866729
8486,8528,2536,0,1000000,0,132032,867968
8487,8529,1744,0,1000000,0,150954,849046
8488,8530,1717,0,1000000,0,122006,877994
8489,8531,1904,0,1000000,0,106683,893317
8490,8532,2412,0,1000000,0,140819,859181
8491,8533,2430,0,1000000,0,164304,835696
8492,8534,2149,0,1000000,0,140454,859546
8493,8535,2516,0,1000000,0,132959,867041
8494,8536,2938,0,1000000,0,110856,889144
8495,8537,1691,0,1000000,0,122973,877027
8496,8538,2262,0,1000000,0,145723,854277
8497,8539,2420,0,1000000,0,143431,856569
8498,8540,2720,0,1000000,0,137004,862996
8499,8541,1732,0,1000000,0,124090,875910
8500,8542,2478,0,1000000,0,136411,863589
8501,8543,2454,0,1000000,0,170642,829358
8502,8544,2661,0,1000000,0,151951,848049
8503,8545,2074,0,1000000,0,121663,878337
8504,8546,1859,0,1000000,0,120000,880000
8505,8547,2992,0,1000000,0,163967,836033
8506,8548,2315,0,1000000,0,155964,844036
8507,8549,1768,0,1000000,0,152761,847239
8508,8550,2633,0,1000000,0,142196,857804
8509,8551,2031,0,1000000,0,125774,874226
8510,8552,2359,0,1000000,0,128301,871699
8511,8553,1693,0,1000000,0,109690,890310
8512,8554,1711,0,1000000,0,113426,886574
8513,8555,2545,0,1000000,0,142946,857054
8514,8556,1926,0,1000000,0,123518,876482
8515,8557,1845,0,1000000,0,137550,862450
8516,8558,2737,0,1000000,0,154118,845882
8517,8559,2935,0,1000000,0,161176,838824
8518,8560,2428,0,1000000,0,113165,886835
8519,8561,1928,0,1000000,0,124715,875285
8520,8562,3144,0,1000000,0,158849,841151
8521,8563,2906,0,1000000,0,140817,859183
8522,8564,2397,0,1000000,0,143713,856287
8523,8565,1963,0,1000000,0,140812,859188
8524,8566,3373,0,1000000,0,132460,867540
8525,8567,2177,0,1000000,0,143321,856679
8526,8568,2119,0,1000000,0,120308,879692
8527,8569,3280,0,1000000,0,135586,864414
8528,8570,2134,0,1000000,0,149961,850039
8529,8571,2116,0,1000000,0,142186,857814
8530,8572,1694,0,1000000,0,147120,852880
8531,8573,2714,0,1000000,0,158149,841851
8532,8574,2110,0,1000000,0,104362,895638
8533,8575,2040,0,1000000,0,118056,881944
8534,8576,2708,0,1000000,0,116101,883899
8535,8577,2376,0,1000000,0,145145,854855
8536,8578,1711,0,1000000,0,147899,852101
8537,8579,2777,0,1000000,0,138320,861680
8538,8580,1956,0,1000000,0,102971,897029
8539,8581,2685,0,1000000,0,156244,843756
8540,8582,1989,0,1000000,0,133415,866585
8541,8583,2112,0,1000000,0,120999,879001
8542,8584,2011,0,1000000,0,142057,857943
8543,8585,2677,0,1000000,0,126952,873048
8544,8586,2783,0,1000000,0,145562,854438
8545,8587,2703,0,1000000,0,129781,870219
8546,8588,1595,0,1000000,0,116842,883158
8547,8589,3175,0,1000000,0,139620,860380
8548,8590,2213,0,1000000,0,136132,863868
8549,8591,2083,0,1000000,0,157120,842880
8550,8592,2618,0,1000000,0,131737,868263
8551,8593,2213,0,1000000,0,134195,865805
8552,8594,2219,0,1000000,0,133344,866656
8553,8595,2707,0,1000000,0,142740,857260
8554,8596,1934,0,1000000,0,134328,865672
8555,8597,2414,0,1000000,0,131577,868423
8556,8598,2844,0,1000000,0,148355,851645
8557,8599,2840,0,1000000,0,152463,847537
8558,8600,2843,0,1000000,0,139947,860053
8559,8601,2249,0,1000000,0,140168,859832
8560,8602,1581,0,1000000,0,93541,906459
8561,8603,2108,0,1000000,0,141648,858352
8562,8604,2471,0,1000000,0,146168,853832
8563,8605,2735,0,1000000,0,147416,852584
8564,8606,1822,0,1000000,0,128010,871990
8565,8607,2803,0,1000000,0,139542,860458
8566,8608,1982,0,1000000,0,127736,872264
8567,8609,1552,0,1000000,0,122564,877436
8568,8610,2840,0,1000000,0,140377,859623
8569,8611,1841,0,1000000,0,147514,852486
8570,8612,2136,0,1000000,0,142912,857088
8571,8613,1956,0,1000000,0,134591,865409
8572,8614,2487,0,1000000,0,145849,854151
8573,8615,2325,0,1000000,0,147413,852587
8574,8616,3032,0,1000000,0,164244,835756
8575,8617,2103,0,1000000,0,168180,831820
8576,8618,2039,0,1000000,0,126564,873436
8577,8619,2188,0,1000000,0,144149,855851
8578,8620,2626,0,1000000,0,120629,879371
8579,8621,1915,0,1000000,0,143846,856154
8580,8622,2652,0,1000000,0,106269,893731
8581,8623,3105,0,1000000,0,135822,864178
8582,8624,1901,0,1000000,0,138520,861480
8583,8625,2712,0,1000000,0,149896,850104
8584,8626,2577,0,1000000,0,140011,859989
8585,8627,2894,0,1000000,0,146549,853451
8586,8628,2375,0,1000000,0,128086,871914
8587,8629,1628,0,1000000,0,114087,885913
8588,8630,2232,0,1000000,0,129086,870914
8589,8631,2211,0,1000000,0,147844,852156
8590,8632,2699,0,1000000,0,129541,870459
8591,8633,2708,0,1000000,0,125408,874592
8592,8634,1651,0,1000000,0,127045,872955
8593,8635,1840,0,1000000,0,139725,860275
8594,8636,2879,0,1000000,0,157143,842857
8595,8637,2245,0,1000000,0,130725,869275
8596,8638,3009,0,1000000,0,124967,875033
8597,8639,2206,0,1000000,0,111502,888498
8598,8640,2487,0,1000000,0,126037,873963
8599,8641,2073,0,1000000,0,134631,865369
8600,8642,2515,0,1000000,0,130828,869172
8601,8643,3132,0,1000000,0,150040,849960
8602,8644,1999,0,1000000,0,140524,859476
8603,8645,2818,0,1000000,0,128481,871519
8604,8646,2119,0,1000000,0,119135,880865
8605,8647,3411,0,1000000,0,147170,852830
8606,8648,2335,0,1000000,0,133172,866828
8607,8649,1588,0,1000000,0,103745,896255
8608,8650,2020,0,1000000,0,166627,833373
8609,8651,2401,0,1000000,0,152086,847914
8610,8652,2575,0,1000000,0,146157,853843
8611,8653,2217,0,1000000,0,117719,882281
8612,8654,2192,0,1000000,0,114563,885437
8613,8655,1843,0,1000000,0,102511,897489
8614,8656,2739,0,1000000,0,129721,870279
8615,8657,2482,0,1000000,0,154491,845509
8616,8658,2968,0,1000000,0,144413,855587
8617,8659,2143,0,1000000,0,138809,861191
8618,8660,2463,0,1000000,0,164052,835948
8619,8661,2727,0,1000000,0,156756,843244
8620,8662,1979,0,1000000,0,114342,885658
8621,8663,3289,0,1000000,0,152403,847597
8622,8664,2652,0,1000000,0,130586,869414
8623,8665,1939,0,1000000,0,140671,859329
8624,8666,2261,0,1000000,0,155059,844941
8625,8667,1739,0,1000000,0,139902,860098
8626,8668,1798,0,1000000,0,121654,878346
8627,8669,2560,0,1000000,0,164454,835546
8628,8670,2241,0,1000000,0,122801,877199
8629,8671,2352,0,1000000,0,143196,856804
8630,8672,2571,0,1000000,0,110773,889227
8631,8673,3361,0,1000000,0,149137,850863
8632,8674,2677,0,1000000,0,164420,835580
8633,8675,2303,0,1000000,0,102429,897571
8634,8676,2495,0,1000000,0,123459,876541
8635,8677,1649,0,1000000,0,105578,894422
8636,8678,1937,0,1000000,0,151277,848723
8637,8679,3001,0,1000000,0,116630,883370
8638,8680,1991,0,1000000,0,141844,858156
8639,8681,2157,0,1000000,0,144921,855079
8640,8682,1819,0,1000000,0,125886,874114
8641,8683,2253,0,1000000,0,117355,882645
8642,8684,1725,0,1000000,0,121612,878388
8643,8685,2515,0,1000000,0,152609,847391
8644,8686,2381,0,1000000,0,126241,873759
8645,8687,2160,0,1000000,0,132682,867318
8646,8688,1774,0,1000000,0,121828,878172
8647,8689,2448,0,1000000,0,110017,889983
8648,8690,1766,0,1000000,0,107416,892584
8649,8691,1921,0,1000000,0,122605,877395
8650,8692,2564,0,1000000,0,154336,845664
8651,8693,2014,0,1000000,0,142741,857259
8652,8694,2372,0,1000000,0,126221,873779
8653,8695,2524,0,1000000,0,144498,855502
8654,8696,2456,0,1000000,0,142298,857702
8655,8697,2675,0,1000000,0,152736,847264
8656,8698,2121,0,1000000,0,131214,868786
8657,8699,2008,0,1000000,0,143688,856312
8658,8700,2417,0,1000000,0,120325,879675
8659,8701,2135,0,1000000,0,154066,845934
8660,8702,2512,0,1000000,0,110821,889179
8661,8703,3037,0,1000000,0,169704,830296
8662,8704,2843,0,1000000,0,128191,871809
8663,8705,2820,0,1000000,0,144875,855125
8664,8706,2523,0,1000000,0,137121,862879
8665,8707,2464,0,1000000,0,95780,904220
8666,8708,2019,0,1000000,0,127936,872064
8667,8709,1635,0,1000000,0,121252,878748
8668,8710,2497,0,1000000,0,149306,850694
8669,8711,2145,0,1000000,0,120163,879837
8670,8712,2132,0,1000000,0,110045,889955
8671,8713,2376,0,1000000,0,131619,868381
8672,8714,2866,0,1000000,0,130892,869108
8673,8715,2535,0,1000000,0,157071,842929
8674,8716,2213,0,1000000,0,125730,874270
8675,8717,2621,0,1000000,0,137285,862715
8676,8718,1667,0,1000000,0,135655,864345
8677,8719,2139,0,1000000,0,96132,903868
8678,8720,1605,0,1000000,0,124126,875874
8679,8721,2230,0,1000000,0,143254,856746
8680,8722,1753,0,1000000,0,128231,871769
8681,8723,2806,0,1000000,0,162204,837796
8682,8724,2230,0,1000000,0,119632,880368
8683,8725,2230,0,1000000,0,129344,870656
8684,8726,2859,0,1000000,0,132235,867765
8685,8727,2716,0,1000000,0,145273,854727
8686,8728,2776,0,1000000,0,126616,873384
8687,8729,2120,0,1000000,0,133364,866636
8688,8730,2219,0,1000000,0,126646,873354
8689,8731,2471,0,1000000,0,137269,862731
8690,8732,2287,0,1000000,0,103507,896493
8691,8733,2294,0,1000000,0,125481,874519
8692,8734,2366,0,1000000,0,137867,862133
8693,8735,2153,0,1000000,0,136802,863198
8694,8736,2138,0,1000000,0,137392,862608
8695,8737,2163,0,1000000,0,122246,877754
8696,8738,2475,0,1000000,0,116567,883433
8697,8739,1869,0,1000000,0,124079,875921
8698,8740,1842,0,1000000,0,123015,876985
8699,8741,2282,0,1000000,0,149992,850008
8700,8742,2425,0,1000000,0,122376,877624
8701,8743,2868,0,1000000,0,135905,864095
8702,8744,2818,0,1000000,0,165444,834556
8703,8745,2061,0,1000000,0,109701,890299
8704,8746,2202,0,1000000,0,144425,855575
8705,8747,2436,0,1000000,0,148325,851675
8706,8748,1423,0,1000000,0,66410,933590
8707,8749,2947,0,1000000,0,147099,852901
8708,8750,1421,0,1000000,0,98482,901518
8709,8751,2719,0,1000000,0,134875,865125
8710,8752,2519,0,1000000,0,157093,842907
8711,8753,2561,0,1000000,0,121904,878096
8712,8754,2187,0,1000000,0,130972,869028
8713,8755,1972,0,1000000,0,105738,894262
8714,8756,2026,0,1000000,0,117421,882579
8715,8757,2696,0,1000000,0,126939,873061
8716,8758,3636,0,1000000,0,147819,852181
8717,8759,2387,0,1000000,0,115834,884166
8718,8760,1975,0,1000000,0,129597,870403
8719,8761,1974,0,1000000,0,138266,861734
8720,8762,1775,0,1000000,0,116696,883304
8721,8763,2227,0,1000000,0,135576,864424
8722,8764,2124,0,1000000,0,113149,886851
8723,8765,2721,0,1000000,0,141366,858634
8724,8766,1973,0,1000000,0,111148,888852
8725,8767,1696,0,1000000,0,119606,880394
8726,8768,2308,0,1000000,0,124411,875589
8727,8769,2489,0,1000000,0,120977,879023
8728,8770,2141,0,1000000,0,91448,908552
8729,8771,2215,0,1000000,0,140517,859483
8730,8772,3331,0,1000000,0,171927,828073
8731,8773,3261,0,1000000,0,155836,844164
8732,8774,2792,0,1000000,0,160452,839548
8733,8775,2069,0,1000000,0,124037,875963
8734,8776,2507,0,1000000,0,142469,857531
8735,8777,1702,0,1000000,0,118432,881568
8736,8778,3286,0,1000000,0,148796,851204
8737,8779,2936,0,1000000,0,143687,856313
8738,8780,2966,0,1000000,0,190570,809430
8739,8781,1529,0,1000000,0,116417,883583
8740,8782,2565,0,1000000,0,131000,869000
8741,8783,2703,0,1000000,0,107958,892042
8742,8784,2175,0,1000000,0,99698,900302
8743,8785,2844,0,1000000,0,149315,850685
8744,8786,1976,0,1000000,0,133950,866050
8745,8787,2557,0,1000000,0,116988,883012
8746,8788,2070,0,1000000,0,137154,862846
8747,8789,3348,0,1000000,0,163114,836886
8748,8790,2037,0,1000000,0,101916,898084
8749,8791,2724,0,1000000,0,100258,899742
8750,8792,2722,0,1000000,0,122275,877725
8751,8793,3569,0,1000000,0,156768,843232
8752,8794,2341,0,1000000,0,146331,853669
8753,8795,2508,0,1000000,0,126118,873882
8754,8796,2293,0,1000000,0,147617,852383
8755,8797,1783,0,1000000,0,135568,864432
8756,8798,1432,0,1000000,0,110003,889997
8757,8799,1956,0,1000000,0,105976,894024
8758,8800,1591,0,1000000,0,117538,882462
8759,8801,1797,0,1000000,0,125473,874527
8760,8802,1988,0,1000000,0,123735,876265
8761,8803,2217,0,1000000,0,108853,891147
8762,8804,2402,0,1000000,0,141028,858972
8763,8805,2546,0,1000000,0,140780,859220
8764,8806,2361,0,1000000,0,139636,860364
8765,8807,2997,0,1000000,0,202933,797067
8766,8808,2004,0,1000000,0,123302,876698
8767,8809,2648,0,1000000,0,125435,874565
8768,8810,2302,0,1000000,0,127000,873000
8769,8811,2302,0,1000000,0,117899,882101
8770,8812,2264,0,1000000,0,136322,863678
8771,8813,2194,0,1000000,0,149200,850800
8772,8814,2423,0,1000000,0,130193,869807
8773,8815,2072,0,1000000,0,135128,864872
8774,8816,3015,0,1000000,0,145813,854187
8775,8817,1535,0,1000000,0,126933,873067
8776,8818,2546,0,1000000,0,122414,877586
8777,8819,3107,0,1000000,0,127753,872247
8778,8820,2775,0,1000000,0,126201,873799
8779,8821,2268,0,1000000,0,109474,890526
8780,8822,2284,0,1000000,0,131422,868578
8781,8823,1921,0,1000000,0,146887,853113
8782,8824,2566,0,1000000,0,127485,872515
8783,8825,2680,0,1000000,0,120492,879508
8784,8826,2973,0,1000000,0,143393,856607
8785,8827,2941,0,1000000,0,135349,864651
8786,8828,2122,0,1000000,0,128004,871996
8787,8829,2485,0,1000000,0,133234,866766
8788,8830,2299,0,1000000,0,102062,897938
8789,8831,2177,0,1000000,0,131383,868617
8790,8832,2912,0,1000000,0,143633,856367
8791,8833,2373,0,1000000,0,144792,855208
8792,8834,2352,0,1000000,0,123317,876683
8793,8835,1806,0,1000000,0,118642,881358
8794,8836,1897,0,1000000,0,127323,872677
8795,8837,3336,0,1000000,0,162038,837962
8796,8838,2485,0,1000000,0,134387,865613
8797,8839,2312,0,1000000,0,149103,850897
8798,8840,1873,0,1000000,0,117835,882165
8799,8841,2684,0,1000000,0,143476,856524
8800,8842,2812,0,1000000,0,114505,885495
8801,8843,2591,0,1000000,0,140419,859581
8802,8844,1720,0,1000000,0,99835,900165
8803,8845,2489,0,1000000,0,91105,908895
8804,8846,1716,0,1000000,0,115277,884723
8805,8847,3190,0,1000000,0,161961,838039
8806,8848,2270,0,1000000,0,117629,882371
8807,8849,2691,0,1000000,0,154560,845440
8808,8850,2124,0,1000000,0,122403,877597
8809,8851,2446,0,1000000,0,112894,887106
8810,8852,2778,0,1000000,0,130064,869936
8811,8853,2770,0,1000000,0,152065,847935
8812,8854,2113,0,1000000,0,141238,858762
8813,8855,3162,0,1000000,0,138060,861940
8814,8856,2855,0,1000000,0,143525,856475
8815,8857,1844,0,1000000,0,131932,868068
8816,8858,2241,0,1000000,0,132633,867367
8817,8859,2951,0,1000000,0,161796,838204
8818,8860,2342,0,1000000,0,115002,884998
8819,8861,2104,0,1000000,0,133853,866147
8820,8862,2492,0,1000000,0,147560,852440
8821,8863,2309,0,1000000,0,112599,887401
8822,8864,1772,0,1000000,0,121392,878608
8823,8865,1535,0,1000000,0,124687,875313
8824,8866,1972,0,1000000,0,132141,867859
8825,8867,1738,0,1000000,0,89763,910237
8826,8868,2230,0,1000000,0,126502,873498
8827,8869,2479,0,1000000,0,140573,859427
8828,8870,2180,0,1000000,0,115986,884014
8829,8871,1427,0,1000000,0,106686,893314
8830,8872,2106,0,1000000,0,124717,875283
8831,8873,2493,0,1000000,0,156119,843881
8832,8874,2692,0,1000000,0,154422,845578
8833,8875,2065,0,1000000,0,102695,897305
8834,8876,2268,0,1000000,0,130838,869162
8835,8877,2179,0,1000000,0,117633,882367
8836,8878,2193,0,1000000,0,123882,876118
8837,8879,2554,0,1000000,0,145933,854067
8838,8880,2346,0,1000000,0,158684,841316
8839,8881,2698,0,1000000,0,143776,856224
8840,8882,2051,0,1000000,0,126891,873109
8841,8883,1774,0,1000000,0,103624,896376
8842,8884,1772,0,1000000,0,108255,891745
8843,8885,3182,0,1000000,0,163681,836319
8844,8886,2103,0,1000000,0,138564,861436
8845,8887,3268,0,1000000,0,148885,851115
8846,8888,1870,0,1000000,0,127688,872312
8847,8889,2373,0,1000000,0,128428,871572
8848,8890,1864,0,1000000,0,128257,871743
8849,8891,1986,0,1000000,0,107002,892998
8850,8892,2007,0,1000000,0,113911,886089
8851,8893,2223,0,1000000,0,127201,872799
8852,8894,2357,0,1000000,0,126200,873800
8853,8895,2035,0,1000000,0,83136,916864
8854,8896,2924,0,1000000,0,138985,861015
8855,8897,2512,0,1000000,0,119740,880260
8856,8898,2285,0,1000000,0,159633,840367
8857,8899,2987,0,1000000,0,161550,838450
8858,8900,2462,0,1000000,0,109254,890746
8859,8901,2295,0,1000000,0,159353,840647
8860,8902,1864,0,1000000,0,94925,905075
8861,8903,2576,0,1000000,0,126892,873108
8862,8904,2716,0,1000000,0,177038,822962
8863,8905,2087,0,1000000,0,108956,891044
8864,8906,2285,0,1000000,0,155491,844509
8865,8907,1496,0,1000000,0,117311,882689
8866,8908,2182,0,1000000,0,132795,867205
8867,8909,2198,0,1000000,0,166061,833939
8868,8910,1758,0,1000000,0,102723,897277
8869,8911,1984,0,1000000,0,118094,881906
8870,8912,2611,0,1000000,0,159830,840170
8871,8913,2199,0,1000000,0,127917,872083
8872,8914,2278,0,1000000,0,170901,829099
8873,8915,2155,0,1000000,0,108646,891354
8874,8916,2017,0,1000000,0,98087,901913
8875,8917,2709,0,1000000,0,150108,849892
8876,8918,2340,0,1000000,0,140444,859556
8877,8919,2603,0,1000000,0,137149,862851
8878,8920,2211,0,1000000,0,133609,866391
8879,8921,1896,0,1000000,0,107342,892658
8880,8922,2648,0,1000000,0,125745,874255
8881,8923,2341,0,1000000,0,145370,854630
8882,8924,1833,0,1000000,0,124055,875945
8883,8925,1838,0,1000000,0,128597,871403
8884,8926,2004,0,1000000,0,128491,871509
8885,8927,2281,0,1000000,0,114776,885224
8886,8928,1563,0,1000000,0,83940,916060
8887,8929,2931,0,1000000,0,134099,865901
8888,8930,2499,0,1000000,0,134033,865967
8889,8931,2670,0,1000000,0,135182,864818
8890,8932,2617,0,1000000,0,155121,844879
8891,8933,3160,0,1000000,0,141875,858125
8892,8934,1779,0,1000000,0,127420,872580
8893,8935,1793,0,1000000,0,135108,864892
8894,8936,2368,0,1000000,0,122925,877075
8895,8937,2245,0,1000000,0,108792,891208
8896,8938,3037,0,1000000,0,156020,843980
8897,8939,2255,0,1000000,0,124387,875613
8898,8940,2643,0,1000000,0,146446,853554
8899,8941,1912,0,1000000,0,153709,846291
8900,8942,2304,0,1000000,0,141756,858244
8901,8943,2177,0,1000000,0,109618,890382
8902,8944,2153,0,1000000,0,121907,878093
8903,8945,2490,0,1000000,0,92645,907355
8904,8946,2038,0,1000000,0,114465,885535
8905,8947,2175,0,1000000,0,132633,867367
8906,8948,1943,0,1000000,0,153734,846266
8907,8949,2861,0,1000000,0,127506,872494
8908,8950,2266,0,1000000,0,130670,869330
8909,8951,1419,0,1000000,0,133659,866341
8910,8952,1992,0,1000000,0,124830,875170
8911,8953,2297,0,1000000,0,122282,877718
8912,8954,2371,0,1000000,0,126409,873591
8913,8955,2071,0,1000000,0,142237,857763
8914,8956,2580,0,1000000,0,125938,874062
8915,8957,1899,0,1000000,0,111693,888307
8916,8958,2332,0,1000000,0,108838,891162
8917,8959,2531,0,1000000,0,136985,863015
8918,8960,1895,0,1000000,0,132290,867710
8919,8961,1831,0,1000000,0,125813,874187
8920,8962,2940,0,1000000,0,147815,852185
8921,8963,3404,0,1000000,0,150109,849891
8922,8964,2118,0,1000000,0,156285,843715
8923,8965,2695,0,1000000,0,144579,855421
8924,8966,2344,0,1000000,0,140852,859148
8925,8967,2416,0,1000000,0,126438,873562
8926,8968,2129,0,1000000,0,125076,874924
8927,8969,2412,0,1000000,0,124279,875721
8928,8970,2047,0,1000000,0,126367,873633
8929,8971,1829,0,1000000,0,122911,877089
8930,8972,2002,0,1000000,0,147731,852269
8931,8973,2081,0,1000000,0,119657,880343
8932,8974,1699,0,1000000,0,132978,867022
8933,8975,3149,0,1000000,0,134602,865398
8934,8976,1902,0,1000000,0,138201,861799
8935,8977,2042,0,1000000,0,166296,833704
8936,8978,1939,0,1000000,0,93848,906152
8937,8979,2020,0,1000000,0,132526,867474
8938,8980,1794,0,1000000,0,121266,878734
8939,8981,2046,0,1000000,0,138258,861742
8940,8982,2974,0,1000000,0,161158,838842
8941,8983,1697,0,1000000,0,102915,897085
8942,8984,1903,0,1000000,0,124424,875576
8943,8985,2615,0,1000000,0,131888,868112
8944,8986,1898,0,1000000,0,154765,845235
8945,8987,3158,0,1000000,0,155627,844373
8946,8988,2151,0,1000000,0,134991,865009
8947,8989,2138,0,1000000,0,107927,892073
8948,8990,2992,0,1000000,0,140250,859750
8949,8991,1762,0,1000000,0,147832,852168
8950,8992,2844,0,1000000,0,157028,842972
8951,8993,2197,0,1000000,0,146435,853565
8952,8994,2017,0,1000000,0,123302,876698
8953,8995,2601,0,1000000,0,134502,865498
8954,8996,2426,0,1000000,0,142712,857288
8955,8997,2078,0,1000000,0,108657,891343
8956,8998,1855,0,1000000,0,137842,862158
8957,8999,2531,0,1000000,0,133587,866413
8958,9000,2249,0,1000000,0,125481,874519
8959,9001,2194,0,1000000,0,126595,873405
8960,9002,2765,0,1000000,0,115032,884968
8961,9003,1826,0,1000000,0,101593,898407
8962,9004,2369,0,1000000,0,115355,884645
8963,9005,2191,0,1000000,0,150266,849734
8964,9006,1647,0,1000000,0,150441,849559
8965,9007,2757,0,1000000,0,135101,864899
8966,9008,1938,0,1000000,0,113685,886315
8967,9009,2354,0,1000000,0,152870,847130
8968,9010,2478,0,1000000,0,152284,847716
8969,9011,2181,0,1000000,0,127647,872353
8970,9012,2168,0,1000000,0,134073,865927
8971,9013,2954,0,1000000,0,171170,828830
8972,9014,2270,0,1000000,0,116420,883580
8973,9015,2332,0,1000000,0,141697,858303
8974,9016,3278,0,1000000,0,152752,847248
8975,9017,1978,0,1000000,0,111124,888876
8976,9018,2151,0,1000000,0,107892,892108
8977,9019,1811,0,1000000,0,127671,872329
8978,9020,2289,0,1000000,0,128682,871318
8979,9021,1911,0,1000000,0,139333,860667
8980,9022,1999,0,1000000,0,126114,873886
8981,9023,2516,0,1000000,0,139425,860575
8982,9024,1951,0,1000000,0,139851,860149
8983,9025,1841,0,1000000,0,116604,883396
8984,9026,2294,0,1000000,0,129388,870612
8985,9027,3247,0,1000000,0,159232,840768
8986,9028,2044,0,1000000,0,118104,881896
8987,9029,2254,0,1000000,0,120718,879282
8988,9030,2405,0,1000000,0,172510,827490
8989,9031,2738,0,1000000,0,170471,829529
8990,9032,2337,0,1000000,0,155023,844977
8991,9033,1754,0,1000000,0,111231,888769
8992,9034,2340,0,1000000,0,111390,888610
8993,9035,3289,0,1000000,0,153355,846645
8994,9036,1945,0,1000000,0,136456,863544
8995,9037,2289,0,1000000,0,128241,871759
8996,9038,2338,0,1000000,0,150820,849180
8997,9039,2699,0,1000000,0,132063,867937
8998,9040,1978,0,1000000,0,111580,888420
8999,9041,2756,0,1000000,0,136672,863328
9000,9042,1973,0,1000000,0,142479,857521
9001,9043,2585,0,1000000,0,142120,857880
9002,9044,2143,0,1000000,0,106867,893133
9003,9045,2318,0,1000000,0,140069,859931
9004,9046,2382,0,1000000,0,124527,875473
9005,9047,2706,0,1000000,0,110887,889113
9006,9048,1727,0,1000000,0,124232,875768
9007,9049,2457,0,1000000,0,123609,876391
9008,9050,2497,0,1000000,0,152419,847581
9009,9051,2390,0,1000000,0,115790,884210
9010,9052,1965,0,1000000,0,96693,903307
9011,9053,2716,0,1000000,0,134496,865504
9012,9054,1786,0,1000000,0,105536,894464
9013,9055,2350,0,1000000,0,116946,883054
9014,9056,2951,0,1000000,0,135191,864809
9015,9057,2132,0,1000000,0,120244,879756
9016,9058,2389,0,1000000,0,143295,856705
9017,9059,2315,0,1000000,0,111834,888166
9018,9060,2134,0,1000000,0,134638,865362
9019,9061,2598,0,1000000,0,146140,853860
9020,9062,2279,0,1000000,0,112863,887137
9021,9063,2533,0,1000000,0,148942,851058
9022,9064,1821,0,1000000,0,135781,864219
9023,9065,2151,0,1000000,0,157866,842134
9024,9066,2386,0,1000000,0,134894,865106
9025,9067,1458,0,1000000,0,104263,895737
9026,9068,3128,0,1000000,0,156812,843188
9027,9069,1752,0,1000000,0,132087,867913
9028,9070,1982,0,1000000,0,109047,890953
9029,9071,2874,0,1000000,0,130889,869111
9030,9072,2121,0,1000000,0,119808,880192
9031,9073,1511,0,1000000,0,110564,889436
9032,9074,2098,0,1000000,0,150410,849590
9033,9075,2456,0,1000000,0,145427,854573
9034,9076,2449,0,1000000,0,139821,860179
9035,9077,1687,0,1000000,0,136612,863388
9036,9078,2462,0,1000000,0,147640,852360
9037,9079,2469,0,1000000,0,139358,860642
9038,9080,2133,0,1000000,0,116877,883123
9039,9081,1763,0,1000000,0,116595,883405
9040,9082,2354,0,1000000,0,126558,873442
9041,9083,2148,0,1000000,0,103015,896985
9042,9084,1624,0,1000000,0,104832,895168
9043,9085,2664,0,1000000,0,159266,840734
9044,9086,2573,0,1000000,0,132003,867997
9045,9087,2617,0,1000000,0,129523,870477
9046,9088,2661,0,1000000,0,142343,857657
9047,9089,2454,0,1000000,0,121501,878499
9048,9090,2174,0,1000000,0,119770,880230
9049,9091,1414,0,1000000,0,108280,891720
9050,9092,1783,0,1000000,0,126172,873828
9051,9093,1625,0,1000000,0,114468,885532
9052,9094,2185,0,1000000,0,131491,868509
9053,9095,2893,0,1000000,0,147836,852164
9054,9096,2025,0,1000000,0,119150,880850
9055,9097,1844,0,1000000,0,104450,895550
9056,9098,2271,0,1000000,0,138822,861178
9057,9099,2572,0,1000000,0,127656,872344
9058,9100,1613,0,1000000,0,124566,875434
9059,9101,2526,0,1000000,0,120968,879032
9060,9102,1393,0,1000000,0,111076,888924
9061,9103,2918,0,1000000,0,140641,859359
9062,9104,2334,0,1000000,0,99798,900202
9063,9105,2427,0,1000000,0,148252,851748
9064,9106,2013,0,1000000,0,124976,875024
9065,9107,2743,0,1000000,0,144842,855158
9066,9108,2291,0,1000000,0,137431,862569
9067,9109,2331,0,1000000,0,120531,879469
9068,9110,1540,0,1000000,0,110720,889280
9069,9111,1971,0,1000000,0,124883,875117
9070,9112,2123,0,1000000,0,145458,854542
9071,9113,2261,0,1000000,0,161035,838965
9072,9114,2637,0,1000000,0,143086,856914
9073,9115,2074,0,1000000,0,156053,843947
9074,9116,2391,0,1000000,0,102752,897248
9075,9117,2206,0,1000000,0,116874,883126
9076,9118,1956,0,1000000,0,152400,847600
9077,9119,2455,0,1000000,0,114710,885290
9078,9120,1993,0,1000000,0,126079,873921
9079,9121,2617,0,1000000,0,117988,882012
9080,9122,2401,0,1000000,0,118954,881046
9081,9123,2356,0,1000000,0,128718,871282
9082,9124,2756,0,1000000,0,163481,836519
9083,9125,1723,0,1000000,0,137878,862122
9084,9126,1930,0,1000000,0,123066,876934
9085,9127,3067,0,1000000,0,141399,858601
9086,9128,2060,0,1000000,0,125790,874210
9087,9129,2476,0,1000000,0,129548,870452
9088,9130,1935,0,1000000,0,139491,860509
9089,9131,1857,0,1000000,0,129545,870455
9090,9132,2459,0,1000000,0,113860,886140
9091,9133,2449,0,1000000,0,142174,857826
9092,9134,2355,0,1000000,0,93406,906594
9093,9135,2348,0,1000000,0,110782,889218
9094,9136,3170,0,1000000,0,147212,852788
9095,9137,2402,0,1000000,0,161380,838620
9096,9138,1876,0,1000000,0,136245,863755
9097,9139,2838,0,1000000,0,160790,839210
9098,9140,2272,0,1000000,0,143295,856705
9099,9141,2561,0,1000000,0,154052,845948
9100,9142,2372,0,1000000,0,125704,874296
9101,9143,1713,0,1000000,0,110836,889164
9102,9144,2276,0,1000000,0,111039,888961
9103,9145,3078,0,1000000,0,121858,878142
9104,9146,2524,0,1000000,0,149108,850892
9105,9147,2862,0,1000000,0,140572,859428
9106,9148,1259,0,1000000,0,99883,900117
9107,9149,2244,0,1000000,0,125231,874769
9108,9150,2125,0,1000000,0,131649,868351
9109,9151,2736,0,1000000,0,131969,868031
9110,9152,2198,0,1000000,0,113527,886473
9111,9153,2608,0,1000000,0,141594,858406
9112,9154,1736,0,1000000,0,124837,875163
9113,9155,2122,0,1000000,0,128413,871587
9114,9156,2710,0,1000000,0,129490,870510
9115,9157,2673,0,1000000,0,133450,866550
9116,9158,2074,0,1000000,0,116512,883488
9117,9159,2263,0,1000000,0,127801,872199
9118,9160,1988,0,1000000,0,130025,869975
9119,9161,2749,0,1000000,0,149498,850502
9120,9162,2684,0,1000000,0,115886,884114
9121,9163,2023,0,1000000,0,140074,859926
9122,9164,2134,0,1000000,0,136950,863050
9123,9165,1895,0,1000000,0,147128,852872
9124,9166,2226,0,1000000,0,126828,873172
9125,9167,2735,0,1000000,0,108140,891860
9126,9168,1916,0,1000000,0,113292,886708
9127,9169,1849,0,1000000,0,132470,867530
9128,9170,2086,0,1000000,0,111499,888501
9129,9171,2051,0,1000000,0,108983,891017
9130,9172,2522,0,1000000,0,136248,863752
9131,9173,1850,0,1000000,0,102592,897408
9132,9174,1932,0,1000000,0,145592,854408
9133,9175,2623,0,1000000,0,168928,831072
9134,9176,2268,0,1000000,0,140239,859761
9135,9177,2305,0,1000000,0,150521,849479
9136,9178,1763,0,1000000,0,108147,891853
9137,9179,2247,0,1000000,0,89894,910106
9138,9180,3193,0,1000000,0,155936,844064
9139,9181,1989,0,1000000,0,138494,861506
9140,9182,2066,0,1000000,0,151304,848696
9141,9183,1864,0,1000000,0,130147,869853
9142,9184,1855,0,1000000,0,117437,882563
9143,9185,3273,0,1000000,0,150516,849484
9144,9186,2426,0,1000000,0,121220,878780
9145,9187,3050,0,1000000,0,160193,839807
9146,9188,1653,0,1000000,0,118058,881942
9147,9189,2510,0,1000000,0,160860,839140
9148,9190,2520,0,1000000,0,154667,845333
9149,9191,2469,0,1000000,0,108765,891235
9150,9192,2200,0,1000000,0,114850,885150
9151,9193,1933,0,1000000,0,116691,883309
9152,9194,3054,0,1000000,0,119995,880005
9153,9195,2438,0,1000000,0,127844,872156
9154,9196,2174,0,1000000,0,117730,882270
9155,9197,2711,0,1000000,0,159682,840318
9156,9198,1996,0,1000000,0,101366,898634
9157,9199,3252,0,1000000,0,139185,860815
9158,9200,1880,0,1000000,0,83859,916141
9159,9201,3585,0,1000000,0,171096,828904
9160,9202,2423,0,1000000,0,123813,876187
9161,9203,2201,0,1000000,0,164260,835740
9162,9204,2860,0,1000000,0,170728,829272
9163,9205,2850,0,1000000,0,161362,838638
9164,9206,1874,0,1000000,0,110685,889315
9165,9207,2469,0,1000000,0,125541,874459
9166,9208,1963,0,1000000,0,131774,868226
9167,9209,2196,0,1000000,0,113761,886239
9168,9210,2009,0,1000000,0,143277,856723
9169,9211,2336,0,1000000,0,135187,864813
9170,9212,2440,0,1000000,0,137483,862517
9171,9213,2277,0,1000000,0,132499,867501
9172,9214,1980,0,1000000,0,107353,892647
9173,9215,1898,0,1000000,0,137334,862666
9174,9216,1451,0,1000000,0,131897,868103
9175,9217,2161,0,1000000,0,126459,873541
9176,9218,2248,0,1000000,0,125962,874038
9177,9219,1418,0,1000000,0,119880,880120
9178,9220,2213,0,1000000,0,145789,854211
9179,9221,2722,0,1000000,0,148099,851901
9180,9222,3072,0,1000000,0,148623,851377
9181,9223,2854,0,1000000,0,146167,853833
9182,9224,2192,0,1000000,0,151043,848957
9183,9225,2195,0,1000000,0,123798,876202
9184,9226,3241,0,1000000,0,150956,849044
9185,9227,1978,0,1000000,0,160242,839758
9186,9228,1767,0,1000000,0,141988,858012
9187,9229,2845,0,1000000,0,146171,853829
9188,9230,2269,0,1000000,0,128556,871444
9189,9231,1783,0,1000000,0,113634,886366
9190,9232,2006,0,1000000,0,131983,868017
9191,9233,2659,0,1000000,0,146338,853662
9192,9234,2178,0,1000000,0,129885,870115
9193,9235,2441,0,1000000,0,126304,873696
9194,9236,2158,0,1000000,0,142139,857861
9195,9237,1813,0,1000000,0,116002,883998
9196,9238,2289,0,1000000,0,104267,895733
9197,9239,2760,0,1000000,0,118329,881671
9198,9240,1843,0,1000000,0,106886,893114
9199,9241,3139,0,1000000,0,146302,853698
9200,9242,2525,0,1000000,0,168088,831912
9201,9243,2901,0,1000000,0,149111,850889
9202,9244,2160,0,1000000,0,134150,865850
9203,9245,2589,0,1000000,0,126035,873965
9204,9246,1243,0,1000000,0,127876,872124
9205,9247,2172,0,1000000,0,122764,877236
9206,9248,3312,0,1000000,0,158540,841460
9207,9249,2139,0,1000000,0,125490,874510
9208,9250,3178,0,1000000,0,142079,857921
9209,9251,1853,0,1000000,0,145149,854851
9210,9252,2279,0,1000000,0,156293,843707
9211,9253,1770,0,1000000,0,110197,889803
9212,9254,2339,0,1000000,0,152367,847633
9213,9255,2663,0,1000000,0,117728,882272
9214,9256,2349,0,1000000,0,127677,872323
9215,9257,1795,0,1000000,0,128999,871001
9216,9258,2757,0,1000000,0,107369,892631
9217,9259,1921,0,1000000,0,139942,860058
9218,9260,2144,0,1000000,0,107396,892604
9219,9261,1892,0,1000000,0,131171,868829
9220,9262,1929,0,1000000,0,110891,889109
9221,9263,1393,0,1000000,0,90496,909504
9222,9264,1876,0,1000000,0,113918,886082
9223,9265,2394,0,1000000,0,131505,868495
9224,9266,1940,0,1000000,0,120351,879649
9225,9267,1815,0,1000000,0,143625,856375
9226,9268,2267,0,1000000,0,121292,878708
9227,9269,1929,0,1000000,0,128223,871777
9228,9270,1898,0,1000000,0,110345,889655
9229,9271,2414,0,1000000,0,132999,867001
9230,9272,2778,0,1000000,0,141427,858573
9231,9273,1833,0,1000000,0,123152,876848
9232,9274,2442,0,1000000,0,121276,878724
9233,9275,2384,0,1000000,0,114115,885885
9234,9276,2470,0,1000000,0,117544,882456
9235,9277,3285,0,1000000,0,166102,833898
9236,9278,1381,0,1000000,0,137855,862145
9237,9279,1831,0,1000000,0,145064,854936
9238,9280,2924,0,1000000,0,162575,837425
9239,9281,2291,0,1000000,0,139995,860005
9240,9282,2399,0,1000000,0,136905,863095
9241,9283,2533,0,1000000,0,139171,860829
9242,9284,2459,0,1000000,0,140092,859908
9243,9285,1437,0,1000000,0,115303,884697
9244,9286,1622,0,1000000,0,137498,862502
9245,9287,2075,0,1000000,0,161556,838444
9246,9288,2298,0,1000000,0,137707,862293
9247,9289,2438,0,1000000,0,133415,866585
9248,9290,3332,0,1000000,0,130800,869200
9249,9291,2098,0,1000000,0,101467,898533
9250,9292,2841,0,1000000,0,138777,861223
9251,9293,2001,0,1000000,0,135512,864488
9252,9294,2326,0,1000000,0,124556,875444
9253,9295,2607,0,1000000,0,128881,871119
9254,9296,2073,0,1000000,0,142476,857524
9255,9297,1858,0,1000000,0,132263,867737
9256,9298,1319,0,1000000,0,124060,875940
9257,9299,2337,0,1000000,0,136662,863338
9258,9300,1315,0,1000000,0,98143,901857
9259,9301,2366,0,1000000,0,148713,851287
9260,9302,2588,0,1000000,0,125997,874003
9261,9303,1979,0,1000000,0,143994,856006
9262,9304,2143,0,1000000,0,101746,898254
9263,9305,2186,0,1000000,0,135516,864484
9264,9306,2799,0,1000000,0,139192,860808
9265,9307,2364,0,1000000,0,146927,853073
9266,9308,1873,0,1000000,0,119757,880243
9267,9309,2520,0,1000000,0,151228,848772
9268,9310,2246,0,1000000,0,133994,866006
9269,9311,2726,0,1000000,0,136430,863570
9270,9312,2222,0,1000000,0,151265,848735
9271,9313,1664,0,1000000,0,106553,893447
9272,9314,1795,0,1000000,0,141335,858665
9273,9315,1803,0,1000000,0,121388,878612
9274,9316,1879,0,1000000,0,126404,873596
9275,9317,1805,0,1000000,0,91095,908905
9276,9318,2354,0,1000000,0,123739,876261
9277,9319,2791,0,1000000,0,166014,833986
9278,9320,1878,0,1000000,0,112048,887952
9279,9321,1721,0,1000000,0,133103,866897
9280,9322,2033,0,1000000,0,147968,852032
9281,9323,1956,0,1000000,0,166796,833204
9282,9324,2102,0,1000000,0,125489,874511
9283,9325,2016,0,1000000,0,123870,876130
9284,9326,2220,0,1000000,0,146858,853142
9285,9327,2189,0,1000000,0,117937,882063
9286,9328,1840,0,1000000,0,126770,873230
9287,9329,1599,0,1000000,0,132646,867354
9288,9330,2765,0,1000000,0,146453,853547
9289,9331,1938,0,1000000,0,126089,873911
9290,9332,2453,0,1000000,0,133919,866081
9291,9333,2591,0,1000000,0,131222,868778
9292,9334,1523,0,1000000,0,164506,835494
9293,9335,1951,0,1000000,0,127597,872403
9294,9336,2014,0,1000000,0,149837,850163
9295,9337,2092,0,1000000,0,120466,879534
9296,9338,2188,0,1000000,0,127649,872351
9297,9339,2499,0,1000000,0,142558,857442
9298,9340,1711,0,1000000,0,144725,855275
9299,9341,1908,0,1000000,0,148162,851838
9300,9342,1694,0,1000000,0,97657,902343
9301,9343,2470,0,1000000,0,132018,867982
9302,9344,2449,0,1000000,0,123042,876958
9303,9345,2975,0,1000000,0,146264,853736
9304,9346,1591,0,1000000,0,103570,896430
9305,9347,1889,0,1000000,0,117299,882701
9306,9348,2375,0,1000000,0,140579,859421
9307,9349,2558,0,1000000,0,128499,871501
9308,9350,1780,0,1000000,0,114445,885555
9309,9351,1983,0,1000000,0,167357,832643
9310,9352,2706,0,1000000,0,131214,868786
9311,9353,2272,0,1000000,0,131982,868018
9312,9354,1623,0,1000000,0,112575,887425
9313,9355,2229,0,1000000,0,145529,854471
9314,9356,1673,0,1000000,0,151816,848184
9315,9357,2580,0,1000000,0,124216,875784
9316,9358,1411,0,1000000,0,125239,874761
9317,9359,2272,0,1000000,0,131440,868560
9318,9360,2484,0,1000000,0,134214,865786
9319,9361,1908,0,1000000,0,137631,862369
9320,9362,2429,0,1000000,0,154108,845892
9321,9363,1676,0,1000000,0,136435,863565
9322,9364,2276,0,1000000,0,135598,864402
9323,9365,2275,0,1000000,0,117969,882031
9324,9366,1683,0,1000000,0,123293,876707
9325,9367,1432,0,1000000,0,101473,898527
9326,9368,2174,0,1000000,0,143055,856945
9327,9369,1817,0,1000000,0,114012,885988
9328,9370,1998,0,1000000,0,137258,862742
9329,9371,3178,0,1000000,0,156179,843821
9330,9372,3517,0,1000000,0,133576,866424
9331,9373,2819,0,1000000,0,122510,877490
9332,9374,2169,0,1000000,0,151776,848224
9333,9375,3087,0,1000000,0,123929,876071
9334,9376,2196,0,1000000,0,131562,868438
9335,9377,2135,0,1000000,0,138087,861913
9336,9378,2169,0,1000000,0,159866,840134
9337,9379,2324,0,1000000,0,136313,863687
9338,9380,3103,0,1000000,0,166904,833096
9339,9381,1362,0,1000000,0,108114,891886
9340,9382,1828,0,1000000,0,144172,855828
9341,9383,2313,0,1000000,0,134617,865383
9342,9384,1770,0,1000000,0,130392,869608
9343,9385,2224,0,1000000,0,163415,836585
9344,9386,2737,0,1000000,0,135391,864609
9345,9387,2648,0,1000000,0,160556,839444
9346,9388,2663,0,1000000,0,138878,861122
9347,9389,2482,0,1000000,0,110130,889870
9348,9390,2730,0,1000000,0,122851,877149
9349,9391,2145,0,1000000,0,125981,874019
9350,9392,2162,0,1000000,0,147117,852883
9351,9393,3217,0,1000000,0,148839,851161
9352,9394,2047,0,1000000,0,111079,888921
9353,9395,1488,0,1000000,0,119309,880691
9354,9396,3367,0,1000000,0,163488,836512
9355,9397,2222,0,1000000,0,110153,889847
9356,9398,2994,0,1000000,0,142154,857846
9357,9399,2440,0,1000000,0,135436,864564
9358,9400,2380,0,1000000,0,119300,880700
9359,9401,3051,0,1000000,0,147725,852275
9360,9402,1431,0,1000000,0,108020,891980
9361,9403,1398,0,1000000,0,75820,924180
9362,9404,1964,0,1000000,0,118522,881478
9363,9405,2957,0,1000000,0,151806,848194
9364,9406,2217,0,1000000,0,119835,880165
9365,9407,2256,0,1000000,0,122429,877571
9366,9408,2354,0,1000000,0,125197,874803
9367,9409,1980,0,1000000,0,146397,853603
9368,9410,3038,0,1000000,0,144372,855628
9369,9411,1244,0,1000000,0,101161,898839
9370,9412,3144,0,1000000,0,142906,857094
9371,9413,1754,0,1000000,0,118269,881731
9372,9414,1649,0,1000000,0,137424,862576
9373,9415,2649,0,1000000,0,134593,865407
9374,9416,1925,0,1000000,0,106965,893035
9375,9417,2333,0,1000000,0,118561,881439
9376,9418,1951,0,1000000,0,117970,882030
9377,9419,2461,0,1000000,0,153586,846414
9378,9420,2124,0,1000000,0,131723,868277
9379,9421,2585,0,1000000,0,149819,850181
9380,9422,2358,0,1000000,0,125197,874803
9381,9423,2307,0,1000000,0,128142,871858
9382,9424,2012,0,1000000,0,85649,914351
9383,9425,1794,0,1000000,0,141907,858093
9384,9426,1626,0,1000000,0,128751,871249
9385,9427,2504,0,1000000,0,138695,861305
9386,9428,2131,0,1000000,0,142024,857976
9387,9429,1634,0,1000000,0,138527,861473
9388,9430,2220,0,1000000,0,122709,877291
9389,9431,2016,0,1000000,0,114936,885064
9390,9432,1180,0,1000000,0,91409,908591
9391,9433,1941,0,1000000,0,137632,862368
9392,9434,2405,0,1000000,0,129922,870078
9393,9435,1789,0,1000000,0,117020,882980
9394,9436,2748,0,1000000,0,108425,891575
9395,9437,1860,0,1000000,0,132677,867323
9396,9438,2012,0,1000000,0,139868,860132
9397,9439,1934,0,1000000,0,139968,860032
9398,9440,1976,0,1000000,0,130065,869935
9399,9441,3355,0,1000000,0,137966,862034
9400,9442,2431,0,1000000,0,134149,865851
9401,9443,2440,0,1000000,0,150023,849977
9402,9444,2496,0,1000000,0,135632,864368
9403,9445,2871,0,1000000,0,150831,849169
9404,9446,2496,0,1000000,0,148956,851044
9405,9447,1593,0,1000000,0,111329,888671
9406,9448,1721,0,1000000,0,121282,878718
9407,9449,3080,0,1000000,0,127567,872433
9408,9450,1579,0,1000000,0,119581,880419
9409,9451,1879,0,1000000,0,126499,873501
9410,9452,2159,0,1000000,0,155485,844515
9411,9453,2193,0,1000000,0,137324,862676
9412,9454,2269,0,1000000,0,132532,867468
9413,9455,2467,0,1000000,0,142233,857767
9414,9456,2428,0,1000000,0,148870,851130
9415,9457,1978,0,1000000,0,115698,884302
9416,9458,1787,0,1000000,0,128778,871222
9417,9459,1570,0,1000000,0,135561,864439
9418,9460,2533,0,1000000,0,147069,852931
9419,9461,1893,0,1000000,0,101266,898734
9420,9462,1528,0,1000000,0,108432,891568
9421,9463,2204,0,1000000,0,145614,854386
9422,9464,2302,0,1000000,0,132231,867769
9423,9465,1944,0,1000000,0,133762,866238
9424,9466,1974,0,1000000,0,145770,854230
9425,9467,2097,0,1000000,0,111747,888253
9426,9468,2547,0,1000000,0,115733,884267
9427,9469,2978,0,1000000,0,174683,825317
9428,9470,2118,0,1000000,0,116139,883861
9429,9471,2518,0,1000000,0,130046,869954
9430,9472,1983,0,1000000,0,111445,888555
9431,9473,2546,0,1000000,0,131547,868453
9432,9474,2453,0,1000000,0,136913,863087
9433,9475,2362,0,1000000,0,132669,867331
9434,9476,2362,0,1000000,0,126478,873522
9435,9477,2285,0,1000000,0,142106,857894
9436,9478,2180,0,1000000,0,136689,863311
9437,9479,2303,0,1000000,0,156505,843495
9438,9480,2352,0,1000000,0,148079,851921
9439,9481,2250,0,1000000,0,102550,897450
9440,9482,2146,0,1000000,0,156045,843955
9441,9483,2563,0,1000000,0,121771,878229
9442,9484,2117,0,1000000,0,148285,851715
9443,9485,2080,0,1000000,0,125785,874215
9444,9486,3268,0,1000000,0,150524,849476
9445,9487,2710,0,1000000,0,155378,844622
9446,9488,2061,0,1000000,0,129274,870726
9447,9489,2011,0,1000000,0,110768,889232
9448,9490,2466,0,1000000,0,130201,869799
9449,9491,2127,0,1000000,0,118000,882000
9450,9492,2437,0,1000000,0,142671,857329
9451,9493,2124,0,1000000,0,133019,866981
9452,9494,2369,0,1000000,0,134522,865478
9453,9495,2081,0,1000000,0,139585,860415
9454,9496,3178,0,1000000,0,152159,847841
9455,9497,1890,0,1000000,0,123333,876667
9456,9498,1917,0,1000000,0,126137,873863
9457,9499,1966,0,1000000,0,139190,860810
9458,9500,1843,0,1000000,0,119566,880434
9459,9501,1902,0,1000000,0,133737,866263
9460,9502,1893,0,1000000,0,87770,912230
9461,9503,2825,0,1000000,0,160267,839733
9462,9504,2404,0,1000000,0,138266,861734
9463,9505,2270,0,1000000,0,101792,898208
9464,9506,2164,0,1000000,0,112234,887766
9465,9507,2798,0,1000000,0,132329,867671
9466,9508,2455,0,1000000,0,165100,834900
9467,9509,2656,0,1000000,0,131703,868297
9468,9510,2830,0,1000000,0,133631,866369
9469,9511,1763,0,1000000,0,121561,878439
9470,9512,2378,0,1000000,0,148522,851478
9471,9513,2442,0,1000000,0,114779,885221
9472,9514,2113,0,1000000,0,108853,891147
9473,9515,2612,0,1000000,0,129002,870998
9474,9516,2348,0,1000000,0,126676,873324
9475,9517,1977,0,1000000,0,119084,880916
9476,9518,2572,0,1000000,0,154981,845019
9477,9519,2475,0,1000000,0,121156,878844
9478,9520,1859,0,1000000,0,142970,857030
9479,9521,2090,0,1000000,0,130507,869493
9480,9522,1454,0,1000000,0,92220,907780
9481,9523,3040,0,1000000,0,138010,861990
9482,9524,1837,0,1000000,0,115747,884253
9483,9525,2064,0,1000000,0,142482,857518
9484,9526,2928,0,1000000,0,158039,841961
9485,9527,2756,0,1000000,0,158191,841809
9486,9528,2200,0,1000000,0,101800,898200
9487,9529,2211,0,1000000,0,126475,873525
9488,9530,2274,0,1000000,0,145542,854458
9489,9531,1814,0,1000000,0,135540,864460
9490,9532,2131,0,1000000,0,125804,874196
9491,9533,2931,0,1000000,0,135618,864382
9492,9534,2646,0,1000000,0,121407,878593
9493,9535,1648,0,1000000,0,110012,889988
9494,9536,2305,0,1000000,0,145676,854324
9495,9537,2063,0,1000000,0,150055,849945
9496,9538,2570,0,1000000,0,139394,860606
9497,9539,2118,0,1000000,0,116084,883916
9498,9540,1622,0,1000000,0,130712,869288
9499,9541,2338,0,1000000,0,148959,851041
9500,9542,3376,0,1000000,0,153228,846772
9501,9543,2204,0,1000000,0,135548,864452
9502,9544,2710,0,1000000,0,147563,852437
9503,9545,1931,0,1000000,0,129829,870171
9504,9546,2574,0,1000000,0,131353,868647
9505,9547,2168,0,1000000,0,113095,886905
9506,9548,2027,0,1000000,0,115658,884342
9507,9549,2392,0,1000000,0,125380,874620
9508,9550,2652,0,1000000,0,149793,850207
9509,9551,3523,0,1000000,0,133136,866864
9510,9552,2158,0,1000000,0,121169,878831
9511,9553,2698,0,1000000,0,135735,864265
9512,9554,2731,0,1000000,0,162945,837055
9513,9555,2251,0,1000000,0,124135,875865
9514,9556,1377,0,1000000,0,102699,897301
9515,9557,1702,0,1000000,0,120668,879332
9516,9558,2170,0,1000000,0,133924,866076
9517,9559,2302,0,1000000,0,118518,881482
9518,9560,1629,0,1000000,0,130650,869350
9519,9561,2431,0,1000000,0,135452,864548
9520,9562,2474,0,1000000,0,133194,866806
9521,9563,1648,0,1000000,0,124265,875735
9522,9564,2241,0,1000000,0,132375,867625
9523,9565,2697,0,1000000,0,143963,856037
9524,9566,2342,0,1000000,0,126175,873825
9525,9567,2105,0,1000000,0,131426,868574
9526,9568,2049,0,1000000,0,134408,865592
9527,9569,1868,0,1000000,0,98126,901874
9528,9570,2368,0,1000000,0,109550,890450
9529,9571,2430,0,1000000,0,132689,867311
9530,9572,2173,0,1000000,0,123411,876589
9531,9573,2175,0,1000000,0,125308,874692
9532,9574,2225,0,1000000,0,108944,891056
9533,9575,2041,0,1000000,0,93575,906425
9534,9576,2135,0,1000000,0,142500,857500
9535,9577,1760,0,1000000,0,102483,897517
9536,9578,1883,0,1000000,0,145243,854757
9537,9579,1749,0,1000000,0,128531,871469
9538,9580,3203,0,1000000,0,169038,830962
9539,9581,2405,0,1000000,0,149026,850974
9540,9582,3047,0,1000000,0,159260,840740
9541,9583,2479,0,1000000,0,125611,874389
9542,9584,2287,0,1000000,0,134345,865655
9543,9585,2154,0,1000000,0,148458,851542
9544,9586,2548,0,1000000,0,114325,885675
9545,9587,2546,0,1000000,0,145690,854310
9546,9588,2991,0,1000000,0,113095,886905
9547,9589,1768,0,1000000,0,129903,870097
9548,9590,1979,0,1000000,0,107376,892624
9549,9591,2089,0,1000000,0,126527,873473
9550,9592,2093,0,1000000,0,145282,854718
9551,9593,2795,0,1000000,0,132258,867742
9552,9594,2425,0,1000000,0,99460,900540
9553,9595,2721,0,1000000,0,128309,871691
9554,9596,1890,0,1000000,0,126075,873925
9555,9597,2061,0,1000000,0,142006,857994
9556,9598,2753,0,1000000,0,150197,849803
9557,9599,1760,0,1000000,0,144498,855502
9558,9600,2333,0,1000000,0,124986,875014
9559,9601,1992,0,1000000,0,111056,888944
9560,9602,1957,0,1000000,0,121547,878453
9561,9603,1721,0,1000000,0,124488,875512
9562,9604,2080,0,1000000,0,114244,885756
9563,9605,3335,0,1000000,0,131398,868602
9564,9606,2789,0,1000000,0,134776,865224
9565,9607,1686,0,1000000,0,122048,877952
9566,9608,1973,0,1000000,0,133665,866335
9567,9609,1613,0,1000000,0,119415,880585
9568,9610,2976,0,1000000,0,161011,838989
9569,9611,2448,0,1000000,0,118710,881290
9570,9612,1497,0,1000000,0,128601,871399
9571,9613,1497,0,1000000,0,111619,888381
9572,9614,2399,0,1000000,0,150501,849499
9573,9615,1849,0,1000000,0,122779,877221
9574,9616,2342,0,1000000,0,105755,894245
9575,9617,2361,0,1000000,0,136589,863411
9576,9618,3128,0,1000000,0,156400,843600
9577,9619,2558,0,1000000,0,122412,877588
9578,9620,1566,0,1000000,0,116651,883349
9579,9621,3283,0,1000000,0,133644,866356
9580,9622,2318,0,1000000,0,165488,834512
9581,9623,2233,0,1000000,0,157625,842375
9582,9624,1497,0,1000000,0,138825,861175
9583,9625,1696,0,1000000,0,96566,903434
9584,9626,2124,0,1000000,0,132555,867445
9585,9627,1298,0,1000000,0,107339,892661
9586,9628,2163,0,1000000,0,139675,860325
9587,9629,2484,0,1000000,0,146346,853654
9588,9630,1811,0,1000000,0,136442,863558
9589,9631,2851,0,1000000,0,142398,857602
9590,9632,2770,0,1000000,0,170698,829302
9591,9633,1629,0,1000000,0,118420,881580
9592,9634,2162,0,1000000,0,164885,835115
9593,9635,2871,0,1000000,0,137377,862623
9594,9636,2507,0,1000000,0,127775,872225
9595,9637,2429,0,1000000,0,146306,853694
9596,9638,2557,0,1000000,0,108957,891043
9597,9639,3651,0,1000000,0,164783,835217
9598,9640,1675,0,1000000,0,98121,901879
9599,9641,1619,0,1000000,0,132018,867982
9600,9642,2552,0,1000000,0,123315,876685
9601,9643,1717,0,1000000,0,115945,884055
9602,9644,1779,0,1000000,0,111375,888625
9603,9645,1932,0,1000000,0,132852,867148
9604,9646,2382,0,1000000,0,141827,858173
9605,9647,2928,0,1000000,0,152888,847112
9606,9648,2699,0,1000000,0,137136,862864
9607,9649,3264,0,1000000,0,182173,817827
9608,9650,2571,0,1000000,0,109222,890778
9609,9651,1697,0,1000000,0,125484,874516
9610,9652,2298,0,1000000,0,126696,873304
9611,9653,2591,0,1000000,0,144295,855705
9612,9654,2477,0,1000000,0,143539,856461
9613,9655,2298,0,1000000,0,158487,841513
9614,9656,2607,0,1000000,0,169006,830994
9615,9657,2105,0,1000000,0,139005,860995
9616,9658,1647,0,1000000,0,86711,913289
9617,9659,2220,0,1000000,0,121775,878225
9618,9660,2259,0,1000000,0,117543,882457
9619,9661,2329,0,1000000,0,141853,858147
9620,9662,2385,0,1000000,0,152972,847028
9621,9663,1694,0,1000000,0,119990,880010
9622,9664,2846,0,1000000,0,146349,853651
9623,9665,2224,0,1000000,0,138690,861310
9624,9666,2220,0,1000000,0,123342,876658
9625,9667,2395,0,1000000,0,144254,855746
9626,9668,2480,0,1000000,0,141000,859000
9627,9669,2064,0,1000000,0,130203,869797
9628,9670,2561,0,1000000,0,172990,827010
9629,9671,1899,0,1000000,0,117456,882544
9630,9672,1954,0,1000000,0,116223,883777
9631,9673,1336,0,1000000,0,117777,882223
9632,9674,2627,0,1000000,0,135454,864546
9633,9675,2497,0,1000000,0,141981,858019
9634,9676,1871,0,1000000,0,142495,857505
9635,9677,2557,0,1000000,0,149273,850727
9636,9678,1432,0,1000000,0,143982,856018
9637,9679,2164,0,1000000,0,169212,830788
9638,9680,2047,0,1000000,0,102380,897620
9639,9681,2409,0,1000000,0,141007,858993
9640,9682,2400,0,1000000,0,113062,886938
9641,9683,2300,0,1000000,0,138294,861706
9642,9684,2515,0,1000000,0,122246,877754
9643,9685,2772,0,1000000,0,118384,881616
9644,9686,2129,0,1000000,0,136628,863372
9645,9687,1736,0,1000000,0,136758,863242
9646,9688,1794,0,1000000,0,107586,892414
9647,9689,2226,0,1000000,0,146832,853168
9648,9690,1686,0,1000000,0,122602,877398
9649,9691,3034,0,1000000,0,145519,854481
9650,9692,3039,0,1000000,0,144018,855982
9651,9693,2618,0,1000000,0,146488,853512
9652,9694,2471,0,1000000,0,138947,861053
9653,9695,2117,0,1000000,0,114307,885693
9654,9696,2426,0,1000000,0,126145,873855
9655,9697,1984,0,1000000,0,127055,872945
9656,9698,2736,0,1000000,0,132999,867001
9657,9699,1499,0,1000000,0,123248,876752
9658,9700,1857,0,1000000,0,101574,898426
9659,9701,2034,0,1000000,0,142316,857684
9660,9702,1781,0,1000000,0,126048,873952
9661,9703,2010,0,1000000,0,118386,881614
9662,9704,3010,0,1000000,0,163985,836015
9663,9705,2607,0,1000000,0,158066,841934
9664,9706,1502,0,1000000,0,123639,876361
9665,9707,2911,0,1000000,0,119639,880361
9666,9708,1587,0,1000000,0,114607,885393
9667,9709,2026,0,1000000,0,116890,883110
9668,9710,2597,0,1000000,0,151807,848193
9669,9711,2546,0,1000000,0,139046,860954
9670,9712,2834,0,1000000,0,160532,839468
9671,9713,2355,0,1000000,0,111651,888349
9672,9714,2123,0,1000000,0,150067,849933
9673,9715,2294,0,1000000,0,151980,848020
9674,9716,2648,0,1000000,0,114557,885443
9675,9717,2609,0,1000000,0,123797,876203
9676,9718,2204,0,1000000,0,156280,843720
9677,9719,2325,0,1000000,0,150766,849234
9678,9720,1975,0,1000000,0,128473,871527
9679,9721,2375,0,1000000,0,164095,835905
9680,9722,2286,0,1000000,0,137253,862747
9681,9723,1713,0,1000000,0,119216,880784
9682,9724,2088,0,1000000,0,129826,870174
9683,9725,1767,0,1000000,0,114767,885233
9684,9726,2020,0,1000000,0,114750,885250
9685,9727,1540,0,1000000,0,104982,895018
9686,9728,2506,0,1000000,0,135882,864118
9687,9729,2364,0,1000000,0,167204,832796
9688,9730,2439,0,1000000,0,140683,859317
9689,9731,1720,0,1000000,0,137410,862590
9690,9732,2047,0,1000000,0,132246,867754
9691,9733,2021,0,1000000,0,137438,862562
9692,9734,2170,0,1000000,0,143407,856593
9693,9735,2773,0,1000000,0,156350,843650
9694,9736,2067,0,1000000,0,89983,910017
9695,9737,3063,0,1000000,0,154783,845217
9696,9738,2453,0,1000000,0,149449,850551
9697,9739,1921,0,1000000,0,103857,896143
9698,9740,2459,0,1000000,0,134940,865060
9699,9741,1965,0,1000000,0,129012,870988
9700,9742,1919,0,1000000,0,127317,872683
9701,9743,2689,0,1000000,0,149488,850512
9702,9744,3124,0,1000000,0,159417,840583
9703,9745,2524,0,1000000,0,118366,881634
9704,9746,2618,0,1000000,0,130500,869500
9705,9747,1597,0,1000000,0,108976,891024
9706,9748,3443,0,1000000,0,139105,860895
9707,9749,1614,0,1000000,0,106684,893316
9708,9750,2415,0,1000000,0,128676,871324
9709,9751,2495,0,1000000,0,155173,844827
9710,9752,2058,0,1000000,0,141478,858522
9711,9753,2748,0,1000000,0,148813,851187
9712,9754,1988,0,1000000,0,126811,873189
9713,9755,2188,0,1000000,0,121183,878817
9714,9756,2512,0,1000000,0,146485,853515
9715,9757,1861,0,1000000,0,112946,887054
9716,9758,2191,0,1000000,0,128014,871986
9717,9759,1710,0,1000000,0,126232,873768
9718,9760,1790,0,1000000,0,123159,876841
9719,9761,1883,0,1000000,0,122501,877499
9720,9762,2531,0,1000000,0,137380,862620
9721,9763,1514,0,1000000,0,86764,913236
9722,9764,1767,0,1000000,0,117234,882766
9723,9765,2738,0,1000000,0,170448,829552
9724,9766,2732,0,1000000,0,145235,854765
9725,9767,2649,0,1000000,0,163894,836106
9726,9768,2662,0,1000000,0,146335,853665
9727,9769,2195,0,1000000,0,139732,860268
9728,9770,1750,0,1000000,0,135365,864635
9729,9771,2780,0,1000000,0,155505,844495
9730,9772,2190,0,1000000,0,129386,870614
9731,9773,2564,0,1000000,0,122160,877840
9732,9774,1711,0,1000000,0,102111,897889
9733,9775,2109,0,1000000,0,121267,878733
9734,9776,2314,0,1000000,0,141696,858304
9735,9777,2063,0,1000000,0,138348,861652
9736,9778,1937,0,1000000,0,115111,884889
9737,9779,2062,0,1000000,0,142738,857262
9738,9780,2468,0,1000000,0,144426,855574
9739,9781,1388,0,1000000,0,96197,903803
9740,9782,2785,0,1000000,0,126501,873499
9741,9783,2258,0,1000000,0,115568,884432
9742,9784,2764,0,1000000,0,152551,847449
9743,9785,2245,0,1000000,0,141551,858449
9744,9786,2208,0,1000000,0,127061,872939
9745,9787,2002,0,1000000,0,104378,895622
9746,9788,2022,0,1000000,0,138714,861286
9747,9789,2010,0,1000000,0,115831,884169
9748,9790,3266,0,1000000,0,151693,848307
9749,9791,2233,0,1000000,0,153618,846382
9750,9792,1594,0,1000000,0,112466,887534
9751,9793,2012,0,1000000,0,109636,890364
9752,9794,2350,0,1000000,0,162400,837600
9753,9795,2163,0,1000000,0,114890,885110
9754,9796,3020,0,1000000,0,163094,836906
9755,9797,2259,0,1000000,0,142412,857588
9756,9798,2426,0,1000000,0,160296,839704
9757,9799,1506,0,1000000,0,140629,859371
9758,9800,1890,0,1000000,0,116408,883592
9759,9801,1573,0,1000000,0,113000,887000
9760,9802,1809,0,1000000,0,174367,825633
9761,9803,3278,0,1000000,0,150939,849061
9762,9804,2251,0,1000000,0,124183,875817
9763,9805,1868,0,1000000,0,141455,858545
9764,9806,2674,0,1000000,0,145984,854016
9765,9807,2419,0,1000000,0,176953,823047
9766,9808,1840,0,1000000,0,126100,873900
9767,9809,1994,0,1000000,0,122679,877321
9768,9810,2276,0,1000000,0,111366,888634
9769,9811,2478,0,1000000,0,111108,888892
9770,9812,2084,0,1000000,0,139835,860165
9771,9813,2440,0,1000000,0,134293,865707
9772,9814,1719,0,1000000,0,124778,875222
9773,9815,2230,0,1000000,0,155495,844505
9774,9816,2991,0,1000000,0,158772,841228
9775,9817,2099,0,1000000,0,134679,865321
9776,9818,2072,0,1000000,0,128207,871793
9777,9819,2920,0,1000000,0,120771,879229
9778,9820,2359,0,1000000,0,140227,859773
9779,9821,2234,0,1000000,0,125900,874100
9780,9822,1945,0,1000000,0,133178,866822
9781,9823,2322,0,1000000,0,118341,881659
9782,9824,2346,0,1000000,0,144227,855773
9783,9825,2081,0,1000000,0,130829,869171
9784,9826,2189,0,1000000,0,138649,861351
9785,9827,2980,0,1000000,0,142802,857198
9786,9828,2276,0,1000000,0,126273,873727
9787,9829,2389,0,1000000,0,163454,836546
9788,9830,2253,0,1000000,0,131616,868384
9789,9831,2867,0,1000000,0,135669,864331
9790,9832,2147,0,1000000,0,125523,874477
9791,9833,3249,0,1000000,0,142151,857849
9792,9834,2448,0,1000000,0,126480,873520
9793,9835,2393,0,1000000,0,122778,877222
9794,9836,3094,0,1000000,0,131083,868917
9795,9837,2303,0,1000000,0,142804,857196
9796,9838,2815,0,1000000,0,122969,877031
9797,9839,2445,0,1000000,0,125067,874933
9798,9840,2238,0,1000000,0,120653,879347
9799,9841,1526,0,1000000,0,95821,904179
9800,9842,2271,0,1000000,0,100334,899666
9801,9843,2366,0,1000000,0,133299,866701
9802,9844,1890,0,1000000,0,99788,900212
9803,9845,2405,0,1000000,0,145083,854917
9804,9846,2464,0,1000000,0,121384,878616
9805,9847,2607,0,1000000,0,160101,839899
9806,9848,1805,0,1000000,0,131572,868428
9807,9849,2486,0,1000000,0,159970,840030
9808,9850,2556,0,1000000,0,115408,884592
9809,9851,1903,0,1000000,0,132039,867961
9810,9852,2499,0,1000000,0,124772,875228
9811,9853,2750,0,1000000,0,146550,853450
9812,9854,2067,0,1000000,0,116818,883182
9813,9855,2473,0,1000000,0,142339,857661
9814,9856,2212,0,1000000,0,146682,853318
9815,9857,1775,0,1000000,0,126836,873164
9816,9858,1756,0,1000000,0,118184,881816
9817,9859,2761,0,1000000,0,155461,844539
9818,9860,2014,0,1000000,0,122564,877436
9819,9861,1592,0,1000000,0,114876,885124
9820,9862,3218,0,1000000,0,154247,845753
9821,9863,2486,0,1000000,0,114126,885874
9822,9864,2570,0,1000000,0,106618,893382
9823,9865,2839,0,1000000,0,133849,866151
9824,9866,1943,0,1000000,0,136128,863872
9825,9867,1747,0,1000000,0,125787,874213
9826,9868,2132,0,1000000,0,157489,842511
9827,9869,1850,0,1000000,0,124313,875687
9828,9870,1632,0,1000000,0,108545,891455
9829,9871,2952,0,1000000,0,174724,825276
9830,9872,1651,0,1000000,0,125489,874511
9831,9873,2325,0,1000000,0,111267,888733
9832,9874,1909,0,1000000,0,138102,861898
9833,9875,2724,0,1000000,0,132575,867425
9834,9876,2385,0,1000000,0,135599,864401
9835,9877,2799,0,1000000,0,133003,866997
9836,9878,1900,0,1000000,0,116573,883427
9837,9879,2354,0,1000000,0,134324,865676
9838,9880,2544,0,1000000,0,116523,883477
9839,9881,2362,0,1000000,0,146548,853452
9840,9882,2971,0,1000000,0,136635,863365
9841,9883,2243,0,1000000,0,126685,873315
9842,9884,2091,0,1000000,0,121995,878005
9843,9885,2140,0,1000000,0,98423,901577
9844,9886,1540,0,1000000,0,100330,899670
9845,9887,2640,0,1000000,0,152676,847324
9846,9888,2110,0,1000000,0,156186,843814
9847,9889,2342,0,1000000,0,118937,881063
9848,9890,3301,0,1000000,0,162759,837241
9849,9891,1700,0,1000000,0,108823,891177
9850,9892,2444,0,1000000,0,131017,868983
9851,9893,2212,0,1000000,0,133399,866601
9852,9894,1456,0,1000000,0,99265,900735
9853,9895,2076,0,1000000,0,112001,887999
9854,9896,2439,0,1000000,0,120581,879419
9855,9897,1425,0,1000000,0,101163,898837
9856,9898,1423,0,1000000,0,132482,867518
9857,9899,2143,0,1000000,0,117664,882336
9858,9900,2033,0,1000000,0,162192,837808
9859,9901,1674,0,1000000,0,103052,896948
9860,9902,2976,0,1000000,0,141259,858741
9861,9903,2696,0,1000000,0,121046,878954
9862,9904,1555,0,1000000,0,106333,893667
9863,9905,2643,0,1000000,0,133366,866634
9864,9906,2395,0,1000000,0,130926,869074
9865,9907,2459,0,1000000,0,140196,859804
9866,9908,3032,0,1000000,0,169388,830612
9867,9909,2152,0,1000000,0,117267,882733
9868,9910,2072,0,1000000,0,143936,856064
9869,9911,2620,0,1000000,0,131380,868620
9870,9912,2301,0,1000000,0,137357,862643
9871,9913,2521,0,1000000,0,167675,832325
9872,9914,2019,0,1000000,0,145642,854358
9873,9915,2566,0,1000000,0,142083,857917
9874,9916,2003,0,1000000,0,143939,856061
9875,9917,2054,0,1000000,0,119879,880121
9876,9918,1991,0,1000000,0,131216,868784
9877,9919,2623,0,1000000,0,120576,879424
9878,9920,1961,0,1000000,0,138147,861853
9879,9921,2505,0,1000000,0,132278,867722
9880,9922,2015,0,1000000,0,123046,876954
9881,9923,1959,0,1000000,0,155896,844104
9882,9924,3137,0,1000000,0,147756,852244
9883,9925,2120,0,1000000,0,119794,880206
9884,9926,2377,0,1000000,0,169965,830035
9885,9927,1913,0,1000000,0,135326,864674
9886,9928,2493,0,1000000,0,137112,862888
9887,9929,1937,0,1000000,0,158342,841658
9888,9930,1668,0,1000000,0,121005,878995
9889,9931,1958,0,1000000,0,120566,879434
9890,9932,2903,0,1000000,0,150403,849597
9891,9933,2540,0,1000000,0,111601,888399
9892,9934,2443,0,1000000,0,141442,858558
9893,9935,2120,0,1000000,0,92973,907027
9894,9936,3083,0,1000000,0,168010,831990
9895,9937,1512,0,1000000,0,128249,871751
9896,9938,2438,0,1000000,0,148234,851766
9897,9939,3633,0,1000000,0,135544,864456
9898,9940,3109,0,1000000,0,174494,825506
9899,9941,2630,0,1000000,0,156661,843339
9900,9942,2044,0,1000000,0,118656,881344
9901,9943,1859,0,1000000,0,154569,845431
9902,9944,1887,0,1000000,0,137885,862115
9903,9945,1866,0,1000000,0,130072,869928
9904,9946,1947,0,1000000,0,114558,885442
9905,9947,2346,0,1000000,0,128591,871409
9906,9948,2322,0,1000000,0,150608,849392
9907,9949,3307,0,1000000,0,171684,828316
9908,9950,1734,0,1000000,0,141622,858378
9909,9951,1764,0,1000000,0,137138,862862
9910,9952,2265,0,1000000,0,140490,859510
9911,9953,2402,0,1000000,0,192636,807364
9912,9954,1953,0,1000000,0,119535,880465
9913,9955,1612,0,1000000,0,112991,887009
9914,9956,1907,0,1000000,0,143172,856828
9915,9957,2141,0,1000000,0,121774,878226
9916,9958,2263,0,1000000,0,135990,864010
9917,9959,1644,0,1000000,0,142223,857777
9918,9960,1808,0,1000000,0,104237,895763
9919,9961,2448,0,1000000,0,119525,880475
9920,9962,1902,0,1000000,0,111923,888077
9921,9963,1940,0,1000000,0,113613,886387
9922,9964,2455,0,1000000,0,146420,853580
9923,9965,1391,0,1000000,0,86365,913635
9924,9966,2832,0,1000000,0,132797,867203
9925,9967,1975,0,1000000,0,143664,856336
9926,9968,2185,0,1000000,0,109579,890421
9927,9969,1897,0,1000000,0,102766,897234
9928,9970,2965,0,1000000,0,128141,871859
9929,9971,3025,0,1000000,0,156091,843909
9930,9972,2391,0,1000000,0,141831,858169
9931,9973,2248,0,1000000,0,132004,867996
9932,9974,1956,0,1000000,0,125851,874149
9933,9975,2328,0,1000000,0,132427,867573
9934,9976,2365,0,1000000,0,129215,870785
9935,9977,2958,0,1000000,0,158916,841084
9936,9978,2121,0,1000000,0,95149,904851
9937,9979,2140,0,1000000,0,126482,873518
9938,9980,2312,0,1000000,0,121455,878545
9939,9981,1923,0,1000000,0,115415,884585
9940,9982,2761,0,1000000,0,118436,881564
9941,9983,2071,0,1000000,0,129298,870702
9942,9984,1592,0,1000000,0,119663,880337
9943,9985,2380,0,1000000,0,145949,854051
9944,9986,2031,0,1000000,0,137704,862296
9945,9987,1751,0,1000000,0,109795,890205
9946,9988,2200,0,1000000,0,142255,857745
9947,9989,2246,0,1000000,0,133903,866097
9948,9990,1134,0,1000000,0,93008,906992
9949,9991,2916,0,1000000,0,150516,849484
9950,9992,1806,0,1000000,0,111360,888640
9951,9993,1917,0,1000000,0,146031,853969
9952,9994,1908,0,1000000,0,130584,869416
9953,9995,2116,0,1000000,0,112791,887209
9954,9996,2680,0,1000000,0,156168,843832
9955,9997,2309,0,1000000,0,131175,868825
9956,9998,2104,0,1000000,0,118404,881596
9957,9999,3005,0,1000000,0,154822,845178
9958,10000,1839,0,1000000,0,121771,878229
9959,10001,1527,0,1000000,0,104804,895196
9960,10002,2743,0,1000000,0,151822,848178
9961,10003,2030,0,1000000,0,120246,879754
9962,10004,2610,0,1000000,0,147355,852645
9963,10005,2198,0,1000000,0,118061,881939
9964,10006,2272,0,1000000,0,139233,860767
9965,10007,2165,0,1000000,0,116948,883052
9966,10008,1305,0,1000000,0,107662,892338
9967,10009,2315,0,1000000,0,146511,853489
9968,10010,1767,0,1000000,0,123942,876058
9969,10011,1894,0,1000000,0,103294,896706
9970,10012,2635,0,1000000,0,124888,875112
9971,10013,2169,0,1000000,0,121174,878826
9972,10014,2278,0,1000000,0,119982,880018
9973,10015,2056,0,1000000,0,115912,884088
9974,10016,3078,0,1000000,0,136570,863430
9975,10017,2538,0,1000000,0,112221,887779
9976,10018,2419,0,1000000,0,147971,852029
9977,10019,2297,0,1000000,0,99918,900082
9978,10020,1964,0,1000000,0,109387,890613
9979,10021,1596,0,1000000,0,117073,882927
9980,10022,2248,0,1000000,0,122529,877471
9981,10023,1592,0,1000000,0,118939,881061
9982,10024,2351,0,1000000,0,119403,880597
9983,10025,2176,0,1000000,0,123447,876553
9984,10026,1656,0,1000000,0,112311,887689
9985,10027,2380,0,1000000,0,141756,858244
9986,10028,2439,0,1000000,0,121355,878645
9987,10029,1957,0,1000000,0,173725,826275
9988,10030,1960,0,1000000,0,155052,844948
9989,10031,1726,0,1000000,0,114234,885766
9990,10032,2513,0,1000000,0,153259,846741
9991,10033,2046,0,1000000,0,135888,864112
9992,10034,2588,0,1000000,0,124170,875830
9993,10035,1521,0,1000000,0,95278,904722
9994,10036,2893,0,1000000,0,135162,864838
9995,10037,3119,0,1000000,0,150729,849271
9996,10038,1935,0,1000000,0,137092,862908
9997,10039,2507,0,1000000,0,142573,857427
9998,10040,2350,0,1000000,0,157759,842241
9999,10041,2461,0,1000000,0,117794,882206
